level_0,index,County of Residence,County of Residence Code,low_birth_rate,Not Hispanic or Latino_low_birth_rate,Hispanic or Latino_low_birth_rate,Unknown or Not Stated_low_birth_rate,Black or African American_low_birth_rate,White_low_birth_rate,Asian_low_birth_rate,More than one race_low_birth_rate,American Indian or Alaska Native_low_birth_rate,Native Hawaiian or Other Pacific Islander_low_birth_rate
0,0,"Ada County, ID",16001.0,0.05735204392922514,0.05652173913043478,0.04230769230769231,,,0.055351401010564995,0.057803468208092484,0.07575757575757576,,
1,1,"Adams County, CO",8001.0,0.09452253999030538,0.09764631043256998,0.08829568788501027,0.1,0.10661764705882353,0.08922844746274287,0.10126582278481013,0.07643312101910828,,
2,2,"Adams County, PA",42001.0,0.05997693194925029,0.05821474773609314,,,,0.05795314426633785,,,,
3,3,"Aiken County, SC",45003.0,0.10339077265147303,0.10302282541640963,,,0.14522821576763487,0.065343258891646,,,,
4,4,"Alachua County, FL",12001.0,0.10665180230397622,0.10903814262023218,0.07063197026022305,,0.17625899280575538,0.07277289836888332,,,,
5,5,"Alamance County, NC",37001.0,0.09046849757673667,0.09065934065934066,0.0549738219895288,,0.09873949579831932,0.07722616233254531,,,,
6,6,"Alameda County, CA",6001.0,0.07248366371972984,0.0754409136819206,0.06393648140409527,0.036053130929791274,0.11222681630242173,0.059464169026355915,0.07844065656565656,0.06887417218543046,,
7,7,"Albany County, NY",36001.0,0.08278260869565217,0.07614607614607614,0.06319702602230483,,0.11181102362204724,0.05855599772598067,0.061488673139158574,,,
8,8,"Alexandria city, VA",51510.0,0.06255044390637611,0.060950413223140494,0.056925996204933584,,0.08918406072106262,0.05075187969924812,,,,
9,9,"Allegan County, MI",26005.0,0.059236165237724084,0.05897435897435897,,,,0.05714285714285714,,,,
10,10,"Allegheny County, PA",42003.0,0.08542007956938918,0.08496204167339687,0.03914590747330961,,0.13969465648854962,0.06786626679995557,0.06844547563805105,0.03968253968253968,,
11,11,"Allen County, IN",18003.0,0.0876463921420476,0.0880503144654088,0.06746031746031746,,0.1408284023668639,0.07248930279385854,0.05704697986577181,,,
12,12,"Allen County, OH",39003.0,0.07907348242811502,0.08,,,0.1,0.06559031281533804,,,,
13,13,"Anchorage Borough, AK",2020.0,0.06512337827524803,0.06268393172454385,0.04241071428571429,,0.07109004739336493,0.04207573632538569,0.09048723897911833,0.05708245243128964,0.057803468208092484,
14,14,"Anderson County, SC",45007.0,0.08854891052387576,0.08968609865470852,,,0.12971698113207547,0.07317073170731707,,,,
15,15,"Androscoggin County, ME",23001.0,0.07725694444444445,0.07808340727595386,,,0.06989247311827956,0.07467532467532467,,,,
16,16,"Anne Arundel County, MD",24003.0,0.07604227833235466,0.07801294385167046,0.05982905982905983,,0.10778443113772455,0.06854754440961337,0.057971014492753624,,,
17,17,"Anoka County, MN",27003.0,0.0665868263473054,0.06641025641025641,0.047058823529411764,,0.10150375939849623,0.05778491171749599,0.04748603351955307,,,
18,18,"Arapahoe County, CO",8005.0,0.09761330115312417,0.0949043379427922,0.09332023575638507,0.13761467889908258,0.13116279069767442,0.08322568739619857,0.1392156862745098,0.10714285714285714,,
19,19,"Arlington County, VA",51013.0,0.06664142370314274,0.06691449814126393,0.05439330543933055,,0.06866952789699571,0.05778240499739719,0.06683168316831684,,,
20,20,"Ascension Parish, LA",22005.0,0.08743169398907104,0.08869329722410291,,,0.140625,0.05580159433126661,,,,
21,21,"Ashtabula County, OH",39007.0,0.06666666666666667,0.06620553359683795,,,,0.06496062992125984,,,,
22,22,"Atlantic County, NJ",34001.0,0.07521186440677965,0.081203007518797,0.05166051660516605,,0.10067114093959731,0.06074766355140187,,,,
23,23,"Baldwin County, AL",1003.0,0.07235701906412478,0.07231208372978117,0.04975124378109453,,0.08461538461538462,0.062467464862051014,,,,
24,24,"Baltimore County, MD",24005.0,0.09102257359825236,0.09409945277182964,0.05483028720626632,,0.1272939120302942,0.06770627714172918,0.07481296758104738,0.05555555555555555,,
25,25,"Baltimore city, MD",24510.0,0.12246753246753246,0.12988178961544217,0.05177993527508091,,0.1548172757475083,0.06854256854256854,0.06944444444444445,0.1056338028169014,,
26,26,"Barnstable County, MA",25001.0,0.045953360768175584,0.04265041888804265,0.072992700729927,,,0.03868312757201646,,,,
27,27,"Bartow County, GA",13015.0,0.07009345794392523,0.0718835304822566,0.06321839080459771,,0.1232876712328767,0.05089538171536286,,,,
28,28,"Bay County, FL",12005.0,0.08673726676752395,0.0893760539629005,,,0.11526479750778816,0.06496985934360348,,,,
29,29,"Bay County, MI",26017.0,0.0707182320441989,0.07434052757793765,,,,0.0695754716981132,,,,
30,30,"Beaufort County, SC",45013.0,0.08667736757624397,0.07670454545454546,0.06060606060606061,,0.14420803782505912,0.05606060606060606,,,,
31,31,"Beaver County, PA",42007.0,0.06844850065189048,0.06598639455782312,,,0.07633587786259542,0.0663109756097561,,,,
32,32,"Bell County, TX",48027.0,0.09126403123474866,0.09732142857142857,0.07451923076923077,,0.1332934847579199,0.07164948453608247,0.0736196319018405,,,
33,33,"Benton County, AR",5007.0,0.06772908366533864,0.06548279689234185,0.05851755526657997,,,0.05989847715736041,0.10679611650485436,,,
34,34,"Benton County, WA",53005.0,0.06402199528672427,0.054071661237785014,0.06213364595545135,0.09016393442622951,,0.06244503078276165,,,,
35,35,"Bergen County, NJ",34003.0,0.0735719048677484,0.07035098522167488,0.07618250313938886,,0.10860366713681241,0.06295891266989533,0.08629737609329446,,,
36,36,"Berkeley County, SC",45015.0,0.09577070954211814,0.10141987829614604,0.04032258064516129,,0.12903225806451613,0.07452165156092648,,,,
37,37,"Berkeley County, WV",54003.0,0.07847222222222222,0.07404637247569185,,,0.11904761904761904,0.05995203836930456,,,,
38,38,"Berks County, PA",42011.0,0.08090270385352352,0.07380952380952381,0.08609656777196044,,0.0903954802259887,0.07313899010931807,,,,
39,39,"Berkshire County, MA",25003.0,0.0805523590333717,0.0792838874680307,,,,0.0764163372859025,,,,
40,40,"Bernalillo County, NM",35001.0,0.0981682884945621,0.09306149292995725,0.10208757637474541,,0.11659192825112108,0.09605011310248826,0.08955223880597014,0.05982905982905983,0.05148514851485148,
41,41,"Berrien County, MI",26021.0,0.071024512884978,0.07412491420727522,,,0.13089005235602094,0.04950495049504951,,,,
42,42,"Bexar County, TX",48029.0,0.08926861039806903,0.09333482192698449,0.08702513150204559,,0.1354120267260579,0.08410421414845601,0.10449438202247191,0.06142506142506143,,
43,43,"Bibb County, GA",13021.0,0.13002364066193853,0.13127797115862755,,,0.1655430711610487,0.059420289855072465,,,,
44,44,"Black Hawk County, IA",19013.0,0.06609547123623011,0.06767411300919843,,,0.09597523219814241,0.054841473864610114,,,,
45,45,"Blair County, PA",42013.0,0.05917159763313609,0.0592274678111588,,,,0.05658709106984969,,,,
46,46,"Blount County, TN",47009.0,0.07961007311129163,0.07951598962834917,,,,0.06935908691834942,,,,
47,47,"Bonneville County, ID",16019.0,0.07189901207464325,0.07270323859881031,0.05154639175257732,,,0.07122343480758185,,,,
48,48,"Boone County, KY",21015.0,0.06614077669902912,0.06556291390728476,,,0.1346153846153846,0.06267409470752089,,,,
49,49,"Boone County, MO",29019.0,0.09033511413307431,0.09268795056642637,,,0.12307692307692308,0.07607994842037395,,,,
50,50,"Bossier Parish, LA",22015.0,0.11592434411226357,0.11997273346966598,,,0.1463963963963964,0.08530805687203792,,,,
51,51,"Boulder County, CO",8013.0,0.07849419303163796,0.07679558011049724,0.05582922824302135,,,0.0745594215996385,,,,
52,52,"Brazoria County, TX",48039.0,0.08599663582842725,0.09732693625771076,0.058011049723756904,,0.11849710982658959,0.07011686143572621,0.11204481792717087,,,
53,53,"Brazos County, TX",48041.0,0.0775340393343419,0.08299240210403273,0.05908096280087528,,0.12311557788944724,0.06186069167072577,,,,
54,54,"Brevard County, FL",12009.0,0.07620889748549323,0.07349966284558328,0.08016877637130802,,0.12515337423312883,0.06676449009537784,0.07194244604316546,,,
55,55,"Bristol County, MA",25005.0,0.07742284786139686,0.07357422725293862,0.08846584546472565,,0.09850746268656717,0.07205387205387205,0.05319148936170213,,,
56,56,"Bronx County, NY",36005.0,0.10168702132063755,0.11272200072490032,0.09273824766782514,,0.11927781013395457,0.08493696084936961,0.08997429305912596,0.046875,,
57,57,"Broome County, NY",36007.0,0.06878850102669405,0.0697928026172301,,,0.09195402298850575,0.05524168236032643,,,,
58,58,"Broward County, FL",12011.0,0.0950824201123492,0.10336358054172068,0.07701035314139838,,0.13552137580234952,0.06667216087028185,0.08174097664543524,0.056140350877192984,,
59,59,"Brown County, WI",55009.0,0.060664730558244596,0.062359970126960415,0.038834951456310676,,,0.05478364430329496,,,,
60,60,"Brunswick County, NC",37019.0,0.07418397626112759,0.06958473625140292,0.09401709401709402,,0.0873015873015873,0.06741573033707865,,,,
61,61,"Bucks County, PA",42017.0,0.07447758528308626,0.07381476295259051,0.05928853754940711,,0.0821917808219178,0.06496020649602065,0.08591885441527446,,,
62,62,"Buncombe County, NC",37021.0,0.0759493670886076,0.07384760112888053,0.06430868167202572,,0.09595959595959595,0.06925996204933586,,,,
63,63,"Burlington County, NJ",34005.0,0.08113636363636363,0.08214474379292129,0.059782608695652176,,0.11036036036036036,0.06917193215829731,0.0755813953488372,,,
64,64,"Butler County, OH",39017.0,0.07136404697380307,0.07279596977329975,0.04288939051918736,,0.05545286506469501,0.06432073839053937,0.06944444444444445,0.10476190476190476,,
65,65,"Butler County, PA",42019.0,0.05759803921568627,0.05911949685534591,,,,0.05645684620376379,,,,
66,66,"Butte County, CA",6007.0,0.05929038281979458,0.05497861942577886,0.045454545454545456,,,0.05980994969256568,,,,
67,67,"Cabarrus County, NC",37025.0,0.07740916271721959,0.07322987390882638,0.04966139954853273,,0.10683012259194395,0.05279126213592233,0.07142857142857142,,,
68,68,"Cache County, UT",49005.0,0.05495049504950495,0.05074116305587229,0.06334841628959276,,,0.053701772679874867,,,,
69,69,"Caddo Parish, LA",22017.0,0.14394904458598726,0.1447587354409318,,,0.18400447427293065,0.08688387635756056,,,,
70,70,"Calcasieu Parish, LA",22019.0,0.10451786918408631,0.10478934101548433,0.06179775280898876,,0.14347357065803668,0.08328968046097433,,,,
71,71,"Calhoun County, AL",1015.0,0.09137426900584796,0.09175019275250579,,,0.11143695014662756,0.05826271186440678,,,,
72,72,"Calhoun County, MI",26025.0,0.0835635359116022,0.08387563268257411,,,0.11330049261083744,0.07545454545454545,,,,
73,73,"Cambria County, PA",42021.0,0.0726672171758877,0.07185122569737955,,,0.11224489795918367,0.06487488415199258,,,,
74,74,"Camden County, NJ",34007.0,0.0906413612565445,0.08635961027457928,0.0955833882663151,,0.13425016371971185,0.06871564217891055,0.06578947368421052,0.10526315789473684,,
75,75,"Cameron County, TX",48061.0,0.08744687806472703,0.07393939393939394,0.08849725222664392,,,0.08754542451271886,,,,
76,76,"Canadian County, OK",40017.0,0.06318207926479034,0.06318504190844616,,,,0.04425410421127766,,,,
77,77,"Canyon County, ID",16027.0,0.06620553359683795,0.05913978494623656,0.0684931506849315,,,0.06496681802305274,,,,
78,78,"Carroll County, GA",13045.0,0.058530510585305104,0.057320441988950276,,,0.0761904761904762,0.05142857142857143,,,,
79,79,"Carroll County, MD",24013.0,0.06524390243902439,0.0659699542782495,,,,0.0611439842209073,,,,
80,80,"Cass County, ND",38017.0,0.06817248459958933,0.06648936170212766,,,0.06284153005464481,0.05629877369007804,,,,
81,81,"Catawba County, NC",37035.0,0.08248655110579797,0.08598265895953758,0.05054151624548736,,0.10215053763440861,0.0784313725490196,,,,
82,82,"Cecil County, MD",24015.0,0.05979202772963605,0.06111111111111111,,,,0.05808325266214908,,,,
83,83,"Centre County, PA",42027.0,0.049348230912476726,0.04854368932038835,,,,0.03879310344827586,,,,
84,84,"Champaign County, IL",17019.0,0.08734804142278253,0.08982963345379452,0.04365079365079365,,0.12757201646090535,0.06865464632454923,,,,
85,85,"Charles County, MD",24017.0,0.09908944831280128,0.09902794653705954,0.0784313725490196,,0.10478359908883828,0.06501950585175553,,,,
86,86,"Charleston County, SC",45019.0,0.09368059761760548,0.09675221439927323,0.050880626223091974,,0.1552839683680805,0.06758786422349054,,,,
87,87,"Charlotte County, FL",12015.0,0.06716417910447761,0.06909090909090909,,,,0.06341463414634146,,,,
88,88,"Chatham County, GA",13051.0,0.11183673469387755,0.11324257425742575,0.054455445544554455,,0.14880587875076545,0.063794068270845,,0.1506849315068493,,
89,89,"Chautauqua County, NY",36013.0,0.07657316148597422,0.0769927536231884,0.08092485549132948,,,0.07636655948553055,,,,
90,90,"Cherokee County, GA",13057.0,0.07854406130268199,0.07576470588235294,0.06318082788671024,,0.08139534883720931,0.07413793103448275,,,,
91,91,"Chesapeake city, VA",51550.0,0.09697175910173528,0.09984871406959153,0.0425531914893617,,0.1390728476821192,0.06949152542372881,,,,
92,92,"Chester County, PA",42029.0,0.059420834900338476,0.0595393307257714,0.04154302670623145,,0.05924170616113744,0.05380852550663871,0.04849884526558892,,,
93,93,"Chesterfield County, VA",51041.0,0.07330246913580248,0.07606333436820863,0.038580246913580245,,0.12903225806451613,0.046805349182763745,,,,
94,94,"Chittenden County, VT",50007.0,0.05763688760806916,0.057649667405764965,,,,0.05821917808219178,,,,
95,95,"Citrus County, FL",12017.0,0.08521057786483839,0.0876068376068376,,,,0.0735930735930736,,,,
96,96,"Clackamas County, OR",41005.0,0.06645569620253164,0.06880872991815702,0.029082774049217,,,0.06382978723404255,0.06132075471698113,,,
97,97,"Clark County, IN",18019.0,0.08599857853589196,0.08566978193146417,,,,0.07337180544105523,,,,
98,98,"Clark County, NV",32003.0,0.08997448882458212,0.0991255505202017,0.07509314989968473,0.11538461538461539,0.1395096550227815,0.07306540764624597,0.1114394259181089,0.08887333799860042,0.08450704225352113,0.03389830508474576
99,99,"Clark County, OH",39023.0,0.09370988446726572,0.0927694406548431,,,0.08496732026143791,0.08785332314744079,,,,
100,100,"Clark County, WA",53011.0,0.06342949292241534,0.06076989619377163,0.07259073842302878,,0.07246376811594203,0.05955126860977144,0.04119850187265917,0.07929515418502203,,
101,101,"Clarke County, GA",13059.0,0.10007818608287725,0.10239234449760766,0.06726457399103139,,0.15053763440860216,0.05329593267882188,,,,
102,102,"Clay County, FL",12019.0,0.0811295383236217,0.08471177944862156,0.043478260869565216,,0.09912536443148688,0.07146908678389109,,,,
103,103,"Clay County, MO",29047.0,0.06504065040650407,0.06452750352609309,0.048034934497816595,,0.08408408408408409,0.05686433793663688,,,,
104,104,"Clayton County, GA",13063.0,0.12693823915900132,0.13537260006508298,0.06676783004552352,,0.14311726147123088,0.060927152317880796,,,,
105,105,"Clermont County, OH",39025.0,0.0738073807380738,0.0746407046824293,,,,0.07204610951008646,,,,
106,106,"Cleveland County, OK",40027.0,0.0752764894755619,0.07399836467702371,0.06432748538011696,,0.10857142857142857,0.06857679661813058,0.09090909090909091,0.05527638190954774,,
107,107,"Cobb County, GA",13067.0,0.08336157234835649,0.08523391812865497,0.06804123711340206,,0.12426686217008798,0.056639159789947484,0.10120068610634649,0.08333333333333333,,
108,108,"Cochise County, AZ",4003.0,0.06444275966641395,0.07317073170731707,0.04377104377104377,,,0.061224489795918366,,,,
109,109,"Coconino County, AZ",4005.0,0.06398809523809523,0.062106210621062106,0.06735751295336788,,,0.06005586592178771,,,0.05223880597014925,
110,110,"Collier County, FL",12021.0,0.06660231660231661,0.06201044386422976,0.06751592356687898,,0.09462915601023018,0.06043329532497149,,,,
111,111,"Collin County, TX",48085.0,0.06908522825898282,0.07078978558345006,0.05238970588235294,,0.08746355685131195,0.05701754385964912,0.0839662447257384,0.0872093023255814,,
112,112,"Columbia County, GA",13073.0,0.07168894289185905,0.07152406417112299,,,0.09090909090909091,0.05344827586206897,,,,
113,113,"Columbiana County, OH",39029.0,0.07071713147410359,0.06974358974358974,,,,0.06735751295336788,,,,
114,114,"Comal County, TX",48091.0,0.06253794778384943,0.0548604427333975,0.07666666666666666,,,0.06401045068582625,,,,
115,115,"Comanche County, OK",40031.0,0.09498834498834499,0.09700948212983224,0.03680981595092025,,0.10223642172523961,0.08098271155595996,,0.09016393442622951,,
116,116,"Contra Costa County, CA",6013.0,0.07488272921108742,0.07500676956404008,0.07269106298232512,0.05102040816326531,0.11960784313725491,0.06546687532603025,0.08207934336525308,0.07657657657657657,,
117,117,"Cook County, IL",17031.0,0.08930900713184597,0.09363575139503559,0.07778573132903842,0.09242424242424242,0.14296376713258244,0.06816750629722922,0.09163125808239424,0.08695652173913043,,
118,118,"Coweta County, GA",13077.0,0.09173754556500607,0.09417344173441734,,,0.125,0.0691358024691358,,,,
119,119,"Cowlitz County, WA",53015.0,0.04715447154471545,0.04031465093411996,,,,0.051188299817184646,,,,
120,120,"Craven County, NC",37049.0,0.0837173579109063,0.08253692441355343,0.08391608391608392,,0.10038610038610038,0.07215332581736189,,,,
121,121,"Cumberland County, ME",23005.0,0.06212574850299401,0.061520825372564,,,,0.05105239587998209,,,,
122,122,"Cumberland County, NC",37051.0,0.10051451672179346,0.10593865564498586,0.06280193236714976,,0.1312528682882056,0.07008613938919342,0.09090909090909091,0.08542713567839195,0.16091954022988506,
123,123,"Cumberland County, NJ",34011.0,0.09105869445968184,0.10673575129533679,0.05773955773955774,,0.11904761904761904,0.07686148919135308,,,,
124,124,"Cumberland County, PA",42041.0,0.06359053896859247,0.06418642681929682,,,0.08888888888888889,0.06010171058714748,,,,
125,125,"Cuyahoga County, OH",39035.0,0.10229720028715003,0.10259388308168796,0.0826530612244898,,0.14172634753109686,0.07475039411455596,0.07833333333333334,0.08587257617728532,,
126,126,"Dakota County, MN",27037.0,0.06529742298004262,0.06391708054415893,0.0703125,,0.07223796033994334,0.05396333591531113,0.11405835543766578,,,
127,127,"Dallas County, TX",48113.0,0.08528659705945024,0.09864262770697337,0.07118141374196738,,0.1366299507850949,0.06802668018878964,0.09090909090909091,0.047619047619047616,,
128,128,"Dane County, WI",55025.0,0.06946856547412296,0.07046850998463902,0.03898635477582846,,0.09130434782608696,0.06190061028770706,0.056133056133056136,,,
129,129,"Dauphin County, PA",42043.0,0.09260962894817541,0.09549945115257959,0.056910569105691054,,0.1251548946716233,0.07356671740233384,0.08849557522123894,0.06382978723404255,,
130,130,"Davidson County, NC",37057.0,0.09948834565093803,0.09832904884318766,0.09289617486338798,,0.11009174311926606,0.09078309078309078,,,,
131,131,"Davidson County, TN",47037.0,0.0900639744102359,0.09310731646516265,0.07489451476793249,,0.14377913230548584,0.0663758180118417,0.06535947712418301,0.07441860465116279,,
132,132,"Davis County, UT",49011.0,0.07396507749656661,0.07178871548619448,0.05723905723905724,0.0673076923076923,,0.07179269328802039,,0.0945945945945946,,
133,133,"DeKalb County, GA",13089.0,0.10910852713178294,0.11491935483870967,0.08114157806379407,,0.14115384615384616,0.06927710843373494,0.10508083140877598,0.06637168141592921,,
134,134,"DeKalb County, IL",17037.0,0.06766256590509666,0.05235042735042735,0.06557377049180328,,0.07228915662650602,0.0627062706270627,,,,
135,135,"DeSoto County, MS",28033.0,0.09734093067426401,0.09815005138746145,,,0.13687150837988826,0.07268553940321347,,,,
136,136,"Delaware County, IN",18035.0,0.075,0.07554671968190854,,,,0.06538895152198422,,,,
137,137,"Delaware County, OH",39041.0,0.05712936732766761,0.05623471882640587,,,,0.04835039817974972,0.06995884773662552,,,
138,138,"Delaware County, PA",42045.0,0.08301707779886149,0.08339173090399439,0.02444987775061125,0.11494252873563218,0.12557900154400412,0.057908847184986595,0.059770114942528735,0.0783132530120482,,
139,139,"Denton County, TX",48121.0,0.0706468633965214,0.07199055861526357,0.061383061383061384,,0.10517529215358931,0.060637878986743665,0.0853448275862069,,,
140,140,"Denver County, CO",8031.0,0.09878387027949648,0.09724336208354473,0.09802731411229135,0.13245033112582782,0.14014014014014015,0.09259012904084075,0.056511056511056514,0.10727969348659004,,
141,141,"Deschutes County, OR",41017.0,0.06439185470555861,0.06420233463035019,0.06130268199233716,,,0.06401896858328393,,,,
142,142,"District of Columbia, DC",11001.0,0.09878721058434399,0.1049902786779002,0.061148396718866516,,0.13664174031271245,0.057279838506182186,0.05121951219512195,0.0825242718446602,,
143,143,"Dona Ana County, NM",35013.0,0.08139977177634082,0.022263450834879406,0.09322441134070159,,,0.08038585209003216,,,,
144,144,"Dorchester County, SC",45035.0,0.08017334777898158,0.0828861061419201,,,0.13714285714285715,0.04269854824935952,,,,
145,145,"Douglas County, CO",8035.0,0.08804849884526558,0.08153241650294696,0.10497237569060773,,,0.07940278249066848,0.08868501529051988,,,
146,146,"Douglas County, GA",13097.0,0.09687308399754752,0.09985096870342772,0.05363984674329502,,0.09696969696969697,0.052552552552552555,,,,
147,147,"Douglas County, KS",20045.0,0.05925925925925926,0.06042296072507553,,,,0.05726872246696035,,,,
148,148,"Douglas County, NE",31055.0,0.08475420037336652,0.0853714813105676,0.06573705179282868,,0.14830157415078707,0.0694325390022287,0.07116104868913857,0.0798611111111111,,
149,149,"Douglas County, OR",41019.0,0.0691333982473223,0.0650319829424307,,,,0.06512605042016807,,,,
150,150,"DuPage County, IL",17043.0,0.06658644203770557,0.06783479349186483,0.051995798319327734,,0.09106239460370995,0.05891492943156804,0.08120805369127516,,,
151,151,"Durham County, NC",37063.0,0.08707187650747708,0.09217171717171717,0.05759162303664921,,0.13319672131147542,0.05506607929515418,0.06177606177606178,,,
152,152,"Dutchess County, NY",36027.0,0.07235621521335807,0.07027276930189552,0.045454545454545456,,0.10353535353535354,0.061955469506292354,,,,
153,153,"Duval County, FL",12031.0,0.10055308035028422,0.10344522968197879,0.075,,0.1402002861230329,0.0755724118555977,0.05016181229773463,0.07333333333333333,,
154,154,"East Baton Rouge Parish, LA",22033.0,0.1146051712089448,0.12095032397408208,0.04538087520259319,,0.15066751430387795,0.06308307418924922,0.06842105263157895,,,
155,155,"Eaton County, MI",26045.0,0.08788159111933395,0.0872093023255814,,,0.09345794392523364,0.08286038592508513,,,,
156,156,"Ector County, TX",48135.0,0.08774113254511512,0.09653725078698845,0.0824102791315906,,0.0821917808219178,0.08443093549476528,,,,
157,157,"El Dorado County, CA",6017.0,0.052840158520475564,0.053712480252764615,0.04484304932735426,,,0.0540340488527017,,,,
158,158,"El Paso County, CO",8041.0,0.10046521931767834,0.09997068308413955,0.09823911028730306,,0.14560439560439561,0.0941637395298568,0.11320754716981132,0.10359408033826638,,
159,159,"El Paso County, TX",48141.0,0.08646325741297808,0.09595119245701608,0.0842662324445349,,0.08413461538461539,0.08466819221967964,,,,
160,160,"Elkhart County, IN",18039.0,0.06644628099173554,0.06381118881118882,0.04261363636363636,,0.08849557522123894,0.05873660879202069,,,,
161,161,"Ellis County, TX",48139.0,0.06956136464333186,0.06730115567641061,0.06683804627249357,,0.06198347107438017,0.06486766995329528,,,,
162,162,"Erie County, NY",36029.0,0.08666047663262148,0.08256364045956296,0.1302149178255373,,0.1436222005842259,0.0689183021451392,0.07436708860759493,0.05405405405405406,,
163,163,"Erie County, PA",42049.0,0.08731884057971015,0.08376135914658238,0.10377358490566038,,0.1802030456852792,0.06612749762131304,,0.09395973154362416,,
164,164,"Escambia County, FL",12033.0,0.1109961190168176,0.11307024909040023,0.0636042402826855,,0.1654259718775848,0.08612040133779264,,,,
165,165,"Essex County, MA",25009.0,0.07966061748762668,0.07652758552501483,0.08044515103338633,0.04918032786885246,0.10832497492477432,0.0719087985969015,0.08314087759815242,0.1242603550295858,,
166,166,"Essex County, NJ",34013.0,0.0947092084006462,0.1034635224760501,0.07437457741717377,,0.12250453720508167,0.06561514195583597,0.08823529411764706,,,
167,167,"Etowah County, AL",1055.0,0.09068627450980392,0.09308510638297872,,,0.10267857142857142,0.07058823529411765,,,,
168,168,"Fairfax County, VA",51059.0,0.07430410056869201,0.07526230831315577,0.06957787481804949,,0.09395973154362416,0.062388166527496125,0.0892793115812119,0.056074766355140186,,
169,169,"Fairfield County, CT",9001.0,0.07516339869281045,0.07160342717258263,0.07904599659284497,,0.12581818181818183,0.062560553633218,0.07174887892376682,,,
170,170,"Fairfield County, OH",39045.0,0.07807981492192019,0.07756068679692125,,,,0.06576271186440678,,,,
171,171,"Faulkner County, AR",5045.0,0.07933333333333334,0.08113879003558719,,,0.11206896551724138,0.06159110350727117,,,,
172,172,"Fayette County, GA",13113.0,0.0967741935483871,0.09481668773704172,,,0.09716599190283401,0.07346938775510205,,,,
173,173,"Fayette County, KY",21067.0,0.08938401048492792,0.09120912091209121,0.053763440860215055,,0.15261044176706828,0.06768005790807094,0.12738853503184713,,,
174,174,"Fayette County, PA",42051.0,0.07730263157894737,0.07737594617325484,,,,0.07431192660550459,,,,
175,175,"Florence County, SC",45041.0,0.12149532710280374,0.1245944192083063,,,0.14698492462311558,0.06930693069306931,,,,
176,176,"Fond du Lac County, WI",55039.0,0.07243460764587525,0.078125,,,,0.0718294051627385,,,,
177,177,"Forsyth County, GA",13117.0,0.07429352780309936,0.07078711040676175,0.06159420289855073,,0.10891089108910891,0.06206896551724138,0.08200455580865604,,,
178,178,"Forsyth County, NC",37067.0,0.10638781541259378,0.11502890173410404,0.06263498920086392,,0.1609353507565337,0.0704278682317304,,,,
179,179,"Fort Bend County, TX",48157.0,0.0871103250055273,0.09008051040559016,0.07730061349693251,,0.12222222222222222,0.06873065015479876,0.07862281603288798,0.09322033898305085,,
180,180,"Franklin County, MO",29071.0,0.07666941467436109,0.07574468085106383,,,,0.07666098807495741,,,,
181,181,"Franklin County, OH",39049.0,0.095,0.0966660681151613,0.0709353421217828,0.14666666666666667,0.1262993762993763,0.07632649200794477,0.0889248181083266,0.0896358543417367,,
182,182,"Franklin County, PA",42055.0,0.06459054209919261,0.06266318537859007,0.06358381502890173,,,0.0614702154626109,,,,
183,183,"Frederick County, MD",24021.0,0.07137978142076502,0.06982543640897755,0.056,,0.07466666666666667,0.06181015452538632,0.07051282051282051,,,
184,184,"Fresno County, CA",6019.0,0.07997723068165646,0.08291127368223598,0.07793427230046948,0.06842105263157895,0.13392857142857142,0.07529626253418414,0.06841165972635337,0.06310679611650485,,
185,185,"Fulton County, GA",13121.0,0.10442182280897089,0.10728276353276353,0.07881773399014778,,0.1417910447761194,0.062159434914228054,0.07062146892655367,0.06190476190476191,,
186,186,"Galveston County, TX",48167.0,0.08426113360323886,0.08302583025830258,0.07024793388429752,,0.14928057553956833,0.07332293291731669,,,,
187,187,"Gaston County, NC",37071.0,0.10034735623311462,0.10248447204968944,0.06990881458966565,,0.11019736842105263,0.08232044198895028,,,,
188,188,"Genesee County, MI",26049.0,0.09647779479326186,0.09764918625678119,,,0.14514896867838045,0.07527226137091608,,,,
189,189,"Gloucester County, NJ",34015.0,0.08700137551581844,0.0859465737514518,0.07291666666666667,,0.10869565217391304,0.07412167952013711,,,,
190,190,"Grayson County, TX",48181.0,0.0712015257469803,0.07113985448666128,0.052795031055900624,,,0.06540697674418605,,,,
191,191,"Greene County, MO",29077.0,0.08871915393654524,0.08675373134328358,0.07954545454545454,,,0.08649011062688569,,,,
192,192,"Greene County, OH",39057.0,0.06060606060606061,0.06003638568829594,,,0.1076923076923077,0.04993160054719562,,,,
193,193,"Greenville County, SC",45045.0,0.08110702287633978,0.08572529377769215,0.05588235294117647,,0.13495575221238937,0.06443071491615181,,,,
194,194,"Gregg County, TX",48183.0,0.07997664915353181,0.07886178861788617,0.045454545454545456,,0.10256410256410256,0.051587301587301584,,,,
195,195,"Guadalupe County, TX",48187.0,0.07533875338753387,0.07647628267182963,0.061712846347607056,,0.09174311926605505,0.06926406926406926,,,,
196,196,"Guilford County, NC",37081.0,0.0956089478044739,0.10143244289585752,0.04066985645933014,,0.12325581395348838,0.06314623338257017,0.05844155844155844,0.14948453608247422,,
197,197,"Gwinnett County, GA",13135.0,0.09142857142857143,0.09949184273870018,0.0717579250720461,,0.13757575757575757,0.06665572155639468,0.08427389014296463,0.04149377593360996,,
198,198,"Hall County, GA",13139.0,0.06851996867658575,0.07178043631245602,0.054377880184331796,,0.08839779005524862,0.06539991162174105,,,,
199,199,"Hamilton County, IN",18057.0,0.06265322800326886,0.06102081551183348,0.07432432432432433,,0.0967741935483871,0.055198973042362,0.05755395683453238,,,
200,200,"Hamilton County, OH",39061.0,0.09776902887139108,0.099644128113879,0.061068702290076333,,0.14586894586894586,0.06984829329962074,0.08883248730964467,0.07627118644067797,,
201,201,"Hamilton County, TN",47065.0,0.08759635599159075,0.0918311403508772,0.04377104377104377,,0.13827655310621242,0.0685337726523888,,,,
202,202,"Hampden County, MA",25013.0,0.09302325581395349,0.08424008424008424,0.10175812466702185,,0.12597200622083982,0.08427706083750329,0.06993006993006994,0.07042253521126761,,
203,203,"Hampshire County, MA",25015.0,0.07422680412371134,0.06463414634146342,,,,0.06859205776173286,,,,
204,204,"Hampton city, VA",51650.0,0.09905956112852665,0.09415807560137457,,,0.10692588092345079,0.08,,,,
205,205,"Hardin County, KY",21093.0,0.07126781695423856,0.06661184210526316,0.10638297872340426,,0.06756756756756757,0.06610009442870633,,,,
206,206,"Harford County, MD",24025.0,0.0793591654247392,0.07422347720855184,0.06111111111111111,,0.13916500994035785,0.055415617128463476,,,,
207,207,"Harnett County, NC",37085.0,0.09007551240560949,0.09579288025889968,0.046822742474916385,,0.14948453608247422,0.061208875286916604,,,,
208,208,"Harris County, TX",48201.0,0.08915815173162131,0.10184533463904274,0.07687263405764702,,0.1442921035266515,0.0733941064235743,0.08568904593639576,0.08333333333333333,,
209,209,"Harrison County, MS",28047.0,0.10132325141776938,0.1060480530240265,,,0.1443661971830986,0.07565588773642465,,,,
210,210,"Hartford County, CT",9003.0,0.08479467258601554,0.08132033008252063,0.0921165381319623,,0.12044006948465547,0.07129000969932105,0.08891752577319588,0.05909090909090909,,
211,211,"Hawaii County, HI",15001.0,0.08165272995573045,0.0860479409956976,0.05221932114882506,,,0.04434589800443459,0.11020408163265306,0.07640878701050621,,0.08264462809917356
212,212,"Hays County, TX",48209.0,0.06938455507644062,0.057007125890736345,0.07120253164556962,,,0.06723768736616702,,,,
213,213,"Henderson County, NC",37089.0,0.06798029556650247,0.058301647655259824,,,,0.06290672451193059,,,,
214,214,"Hendricks County, IN",18063.0,0.0517976843388178,0.052733118971061095,,,,0.051590106007067135,,,,
215,215,"Hennepin County, MN",27053.0,0.07750631844987363,0.07761385503527903,0.07191011235955057,,0.11180300028304557,0.05857696741066751,0.08655043586550436,0.08829174664107485,0.09554140127388536,
216,216,"Henrico County, VA",51087.0,0.07483731019522777,0.07507507507507508,0.04927536231884058,,0.10478128179043744,0.052534562211981564,0.05442176870748299,,,
217,217,"Henry County, GA",13151.0,0.11050527081061433,0.11511675542810323,0.04477611940298507,,0.13549618320610687,0.06964656964656965,,,,
218,218,"Hernando County, FL",12053.0,0.09948652118100128,0.08699122106943336,0.06666666666666667,,,0.09468317552804079,,,,
219,219,"Hidalgo County, TX",48215.0,0.09129804205946337,0.10230179028132992,0.0907258064516129,,,0.09098222774811672,,,,
220,220,"Hillsborough County, FL",12057.0,0.08675905438453477,0.09386657413030276,0.07132692991817859,,0.13844221105527638,0.0702385935537882,0.07254464285714286,0.05054151624548736,,
221,221,"Hillsborough County, NH",33011.0,0.06881511994184637,0.06756002233389168,0.05078125,,0.08372093023255814,0.0670391061452514,0.04365079365079365,,,
222,222,"Hinds County, MS",28049.0,0.1520158625247852,0.1556764106050306,,,0.1758901758901759,0.06666666666666667,,,,
223,223,"Honolulu County, HI",15003.0,0.08376618022920274,0.08488192024777391,0.0730593607305936,,0.05897435897435897,0.05483116014710799,0.10555867490174059,0.08285862247540135,,0.06546644844517185
224,224,"Horry County, SC",45051.0,0.08166507785192247,0.08517699115044247,0.03800475059382423,,0.12283737024221453,0.07028619528619529,,,,
225,225,"Houston County, AL",1069.0,0.11582134746404239,0.1196513470681458,,,0.17970401691331925,0.0696774193548387,,,,
226,226,"Houston County, GA",13153.0,0.08556962025316456,0.0879243183082916,,,0.08062234794908062,0.06997342781222321,,,,
227,227,"Howard County, MD",24027.0,0.07033822208919485,0.07334710743801653,0.034229828850855744,,0.07930607187112763,0.04460518384569018,0.09029649595687332,,,
228,228,"Hudson County, NJ",34017.0,0.08155885897950985,0.08306962025316456,0.07913464275547964,,0.11806797853309481,0.07127676965832924,0.089540412044374,,,
229,229,"Humboldt County, CA",6023.0,0.052594171997157074,0.043555555555555556,0.048582995951417005,,,0.05596330275229358,,,,
230,230,"Hunterdon County, NJ",34019.0,0.059063136456211814,0.057692307692307696,,,,0.05752212389380531,,,,
231,231,"Imperial County, CA",6025.0,0.06267354224514082,,0.05805892547660312,,,0.06214227309893704,,,,
232,232,"Indian River County, FL",12061.0,0.0689935064935065,0.07075962539021852,0.05223880597014925,,0.07727272727272727,0.05826271186440678,,,,
233,233,"Ingham County, MI",26065.0,0.08368887430259271,0.08446298227320125,,,0.09033280507131537,0.07375478927203065,0.09595959595959595,,,
234,234,"Iredell County, NC",37097.0,0.06963042313872522,0.07116788321167883,,,0.10830324909747292,0.05190311418685121,,,,
235,235,"Jackson County, MI",26075.0,0.08226691042047532,0.08184143222506395,,,0.17857142857142858,0.06859205776173286,,,,
236,236,"Jackson County, MO",29095.0,0.09577241301144736,0.09771254793071532,0.07907742998352553,,0.1499390491670053,0.06782081028020703,0.07657657657657657,0.07178217821782178,,
237,237,"Jackson County, MS",28059.0,0.11550733886407147,0.11975223675154852,,,0.15632754342431762,0.07835820895522388,,,,
238,238,"Jackson County, OR",41029.0,0.06691800188501414,0.06587537091988131,0.0535279805352798,,,0.06429691583899634,,,,
239,239,"Jasper County, MO",29097.0,0.06565988181221274,0.06953892668178382,,,,0.06588579795021962,,,,
240,240,"Jefferson County, AL",1073.0,0.10888049126121871,0.11431527221000905,0.03361344537815126,,0.1549592212575638,0.06809293765815505,,0.09090909090909091,,
241,241,"Jefferson County, CO",8059.0,0.08788515406162464,0.08863585621790578,0.07383773928896992,,,0.08433501357115161,0.07109004739336493,0.07801418439716312,,
242,242,"Jefferson County, KY",21111.0,0.093717277486911,0.09550494813401693,0.058435438265786996,,0.13901345291479822,0.07119368628740545,0.08863636363636364,0.06569343065693431,,
243,243,"Jefferson County, MO",29099.0,0.0848,0.08538587848932677,,,,0.08076109936575053,,,,
244,244,"Jefferson County, NY",36045.0,0.07202680067001675,0.07270408163265306,,,0.10897435897435898,0.05926430517711172,,,,
245,245,"Jefferson County, TX",48245.0,0.10283474065138722,0.11279826464208242,0.07228915662650602,,0.14508196721311475,0.07116303770578863,,,,
246,246,"Jefferson Parish, LA",22051.0,0.10161823560118323,0.11136999068033551,0.06699232379623168,,0.12987012987012986,0.08061480552070263,0.06060606060606061,,,
247,247,"Johnson County, IA",19103.0,0.05787037037037037,0.05768025078369906,,,0.08333333333333333,0.04449648711943794,,,,
248,248,"Johnson County, IN",18081.0,0.07429501084598698,0.07450980392156863,,,,0.07389162561576355,,,,
249,249,"Johnson County, KS",20091.0,0.06789678535389938,0.06824020552344252,0.041728763040238454,,0.1078167115902965,0.06369426751592357,0.046255506607929514,,,
250,250,"Johnson County, TX",48251.0,0.07333948339483395,0.06485771012574454,0.0532258064516129,,,0.075,,,,
251,251,"Johnston County, NC",37101.0,0.08177104108496211,0.08564231738035265,0.05108055009823183,,0.13123844731977818,0.06597600872410032,,,,
252,252,"Kalamazoo County, MI",26077.0,0.08456375838926175,0.08475190148496921,0.06132075471698113,,0.13818181818181818,0.06227436823104693,,,,
253,253,"Kanawha County, WV",54039.0,0.10730593607305935,0.10722610722610723,,,0.1366906474820144,0.09225589225589226,,,,
254,254,"Kane County, IL",17089.0,0.07086481947942905,0.07219892150988616,0.0657439446366782,,0.12037037037037036,0.06235521235521235,0.07234042553191489,,,
255,255,"Kankakee County, IL",17091.0,0.08016194331983806,0.08325358851674641,,,0.07983193277310924,0.058886509635974305,,,,
256,256,"Kaufman County, TX",48257.0,0.07955801104972375,0.08135860979462875,0.058712121212121215,,0.08053691275167785,0.07018763029881862,,,,
257,257,"Kendall County, IL",17093.0,0.04780615586116568,0.04468802698145025,0.03363914373088685,,,0.045925925925925926,,,,
258,258,"Kennebec County, ME",23011.0,0.05489478499542543,0.05639097744360902,,,,0.057729941291585124,,,,
259,259,"Kenosha County, WI",55059.0,0.07474086197490452,0.06934058463630184,0.03614457831325301,,0.1050228310502283,0.052243804420629605,,,,
260,260,"Kent County, DE",10001.0,0.08693540553666829,0.0875,0.04854368932038835,,0.12050078247261346,0.05380794701986755,,,,
261,261,"Kent County, MI",26081.0,0.08934918494913592,0.08863866031471056,0.08949096880131363,,0.15593705293276108,0.0739849141389825,0.05639097744360902,0.0684931506849315,,
262,262,"Kent County, RI",44003.0,0.061891515994436715,0.059782608695652176,0.07246376811594203,,,0.05914826498422713,,,,
263,263,"Kenton County, KY",21117.0,0.09491371480472298,0.09642147117296222,,,0.1015625,0.08844580777096114,,,,
264,264,"Kern County, CA",6029.0,0.07915980876244219,0.08669656203288491,0.0721345141830317,0.05714285714285714,0.13179347826086957,0.07381500230096641,0.08157099697885196,0.08787878787878788,,
265,265,"King County, WA",53033.0,0.06535893501430763,0.06429425837320574,0.06644109504767763,0.07870967741935483,0.0834717607973422,0.0556905919359451,0.07788902087222128,0.0510879848628193,0.06435643564356436,0.03805496828752643
266,266,"Kings County, CA",6031.0,0.061195445920303605,0.041720990873533245,0.05995388162951576,,,0.05239687848383501,,,,
267,267,"Kings County, NY",36047.0,0.07758783147126128,0.07656198347107437,0.08319467554076539,0.06589595375722543,0.12417582417582418,0.057803203661327233,0.08042843232716651,0.058884297520661155,,
268,268,"Kitsap County, WA",53035.0,0.05646258503401361,0.05468102734051367,0.043795620437956206,,,0.055962117950925525,,,,
269,269,"Knox County, TN",47093.0,0.07960101701545082,0.08056972789115646,0.04859335038363171,,0.11916264090177134,0.0722209110219495,,,,
270,270,"Kootenai County, ID",16055.0,0.057328285559762035,0.05838150289017341,,,,0.056647398843930635,,,,
271,271,"La Crosse County, WI",55063.0,0.05480682839173405,0.05581395348837209,,,,0.05374077976817703,,,,
272,272,"La Porte County, IN",18091.0,0.0714900947459087,0.07485604606525911,,,0.05813953488372093,0.06951871657754011,,,,
273,273,"LaSalle County, IL",17099.0,0.06624888093106536,0.07225130890052356,,,,0.06532180595581172,,,,
274,274,"Lackawanna County, PA",42069.0,0.08247925817471938,0.07710699342498506,0.04559270516717325,,,0.08373205741626795,,,,
275,275,"Lafayette Parish, LA",22055.0,0.08236767929846539,0.08338960162052667,0.05333333333333334,,0.12911843276936777,0.053069719042663895,,,,
276,276,"Lake County, FL",12069.0,0.07962529274004684,0.07732342007434945,0.07193229901269393,,0.08967851099830795,0.07341867469879518,,,,
277,277,"Lake County, IL",17097.0,0.08262924244594014,0.0832398474310074,0.07590618336886994,,0.1099476439790576,0.07182419153117742,0.08745874587458746,,,
278,278,"Lake County, IN",18089.0,0.08187753661549321,0.08748564867967853,0.059049079754601226,,0.12931034482758622,0.057343792263997835,,0.09917355371900827,,
279,279,"Lake County, OH",39085.0,0.07395498392282958,0.07461928934010152,0.05263157894736842,,0.11377245508982035,0.058133333333333335,,,,
280,280,"Lancaster County, NE",31109.0,0.07156514613493581,0.06894429055093874,0.058823529411764705,,0.06060606060606061,0.06734226871526643,0.07647058823529412,,,
281,281,"Lancaster County, PA",42071.0,0.06247275897137876,0.057787656009574286,0.0814070351758794,,0.12681912681912683,0.05679343273580164,0.05154639175257732,,,
282,282,"Lane County, OR",41039.0,0.0635164160785517,0.06081828234426834,0.05485232067510549,,,0.06349206349206349,,,,
283,283,"Larimer County, CO",8069.0,0.08484848484848485,0.08844621513944223,0.04601769911504425,,,0.07979274611398963,0.11702127659574468,,,
284,284,"Lebanon County, PA",42075.0,0.07692307692307693,0.07277187244480784,0.07374631268436578,,,0.06936813186813187,,,,
285,285,"Lee County, AL",1081.0,0.09212640599892877,0.09238814642649622,,,0.1191919191919192,0.07119741100323625,,,,
286,286,"Lee County, FL",12071.0,0.08277954348454204,0.0837962962962963,0.0741747572815534,,0.11913696060037524,0.07418555240793201,,,,
287,287,"Lehigh County, PA",42077.0,0.08837318330989218,0.08009708737864078,0.10142450142450142,,0.1092436974789916,0.07956270877619193,0.07792207792207792,,,
288,288,"Leon County, FL",12073.0,0.10987153482082489,0.11326979472140762,0.045662100456621,,0.16053249804228661,0.0666235446313066,,,,
289,289,"Lexington County, SC",45063.0,0.07566718995290424,0.07868736767819337,0.03216374269005848,,0.12419354838709677,0.056571671629094,,,,
290,290,"Licking County, OH",39089.0,0.07244174265450862,0.07150313152400835,,,,0.07331042382588775,,,,
291,291,"Linn County, IA",19113.0,0.07205559619604975,0.07278963414634146,,,0.06683804627249357,0.060449859418931585,,0.12643678160919541,,
292,292,"Linn County, OR",41043.0,0.05097765363128492,0.050156739811912224,,,,0.05204460966542751,,,,
293,293,"Litchfield County, CT",9005.0,0.0513950073421439,0.05084745762711865,,,,0.05064308681672026,,,,
294,294,"Livingston County, MI",26093.0,0.06299659477866061,0.062978222483814,,,,0.061952074810052604,,,,
295,295,"Livingston Parish, LA",22063.0,0.0589582140812822,0.05627705627705628,,,0.05851063829787234,0.057104913678618856,,,,
296,296,"Lorain County, OH",39093.0,0.07966779452476161,0.08215194474736459,0.05737704918032787,,0.1111111111111111,0.06841505131128849,,0.050761421319796954,,
297,297,"Los Angeles County, CA",6037.0,0.07364160340228684,0.07543166215935095,0.07107664550154401,0.1122923588039867,0.11075460487225193,0.06755997240885982,0.08086566990517191,0.08627019089574156,0.04727272727272727,
298,298,"Loudoun County, VA",51107.0,0.06371247702675108,0.06484727090635954,0.04838709677419355,,0.07828282828282829,0.047872340425531915,0.07827616534740545,,,
299,299,"Lowndes County, GA",13185.0,0.10899344848123883,0.11162179908076166,0.07692307692307693,,0.14266117969821673,0.06414662084765177,,,,
300,300,"Lubbock County, TX",48303.0,0.086181640625,0.08964316797214969,0.07752808988764046,,0.1518324607329843,0.07639875035501278,,,,
301,301,"Lucas County, OH",39095.0,0.09921470982570389,0.09870075440067058,0.07692307692307693,,0.1398002853067047,0.07866473149492018,,0.06204379562043796,,
302,302,"Luzerne County, PA",42079.0,0.08102279728897104,0.08003518029903255,0.06593406593406594,,0.08629441624365482,0.07828377869777944,,,,
303,303,"Lycoming County, PA",42081.0,0.0761986301369863,0.07651715039577836,,,,0.0702439024390244,,,,
304,304,"Macomb County, MI",26099.0,0.08723357503845308,0.08732426563035775,0.040123456790123455,,0.14160839160839161,0.07006369426751592,0.07168458781362007,0.05847953216374269,,
305,305,"Macon County, IL",17115.0,0.10564516129032259,0.10591133004926108,,,0.14049586776859505,0.07197943444730077,,,,
306,306,"Madera County, CA",6039.0,0.05544651619234544,0.033582089552238806,0.0442294402211472,,,0.04787812840043525,,,,
307,307,"Madison County, AL",1089.0,0.10374029640084687,0.10417199897619657,0.08656716417910448,,0.1598173515981735,0.07737656595431099,0.10091743119266056,,,
308,308,"Madison County, IL",17119.0,0.07278712509144111,0.07478797224363917,,,0.10962566844919786,0.06280623608017817,,,,
309,309,"Madison County, IN",18095.0,0.06881720430107527,0.06896551724137931,,,0.09375,0.061224489795918366,,,,
310,310,"Mahoning County, OH",39099.0,0.10532837670384139,0.1013116236996834,0.0797872340425532,,0.1529968454258675,0.07743097238895558,,,,
311,311,"Manatee County, FL",12081.0,0.07716671465591707,0.0798841059602649,0.06297709923664122,,0.13035714285714287,0.06344628695025234,,,,
312,312,"Marathon County, WI",55073.0,0.06914893617021277,0.06947368421052631,,,,0.07299843014128729,,,,
313,313,"Maricopa County, AZ",4013.0,0.07176781002638523,0.07361399448660791,0.0686019507663725,0.05829596412556054,0.12010697787503039,0.06519539343709344,0.09121199500208246,0.08840125391849529,0.0498848810437452,
314,314,"Marin County, CA",6041.0,0.05714285714285714,0.05538221528861154,0.06891025641025642,,,0.058343057176196034,,,,
315,315,"Marion County, FL",12083.0,0.08972911963882618,0.09263015551048005,0.06129597197898424,,0.10378681626928471,0.08530280649926145,,,,
316,316,"Marion County, IN",18097.0,0.09598405012816862,0.10016321621853792,0.07061790668348046,,0.13596121416526138,0.07526225908758234,0.05285714285714286,0.05029585798816568,,
317,317,"Marion County, OR",41047.0,0.05820750121773015,0.05269320843091335,0.054304635761589407,,,0.057708161582852434,,,,
318,318,"Martin County, FL",12085.0,0.059166666666666666,0.06201550387596899,0.046341463414634146,,,0.05188199389623601,,,,
319,319,"Maui County, HI",15009.0,0.07197802197802197,0.0692410119840213,,,,0.02702702702702703,0.0962566844919786,0.05367231638418079,,0.09941520467836257
320,320,"McHenry County, IL",17111.0,0.058147174770039424,0.051593959731543626,0.06589785831960461,,,0.05880269217144881,,,,
321,321,"McLean County, IL",17113.0,0.0795649685174585,0.07990165949600492,,,0.08695652173913043,0.07101024890190337,,,,
322,322,"McLennan County, TX",48309.0,0.08886183810103469,0.09099264705882353,0.07566089334548769,,0.14751286449399656,0.06942800788954635,,,,
323,323,"Mecklenburg County, NC",37119.0,0.10075041689827682,0.10734915133742114,0.07556270096463022,,0.15376924615076984,0.06471734892787524,0.10212418300653595,0.07894736842105263,,
324,324,"Medina County, OH",39103.0,0.06082289803220036,0.05972906403940887,,,,0.05945604048070841,,,,
325,325,"Merced County, CA",6047.0,0.06142894806221988,0.04927007299270073,0.06313416009019165,,0.1411764705882353,0.0585249328157659,0.050980392156862744,,,
326,326,"Mercer County, NJ",34021.0,0.079833984375,0.08051948051948052,0.07063197026022305,,0.09636363636363636,0.06699751861042183,0.07142857142857142,,,
327,327,"Mercer County, PA",42085.0,0.08316831683168317,0.08274470232088799,,,0.26666666666666666,0.0731981981981982,,,,
328,328,"Merrimack County, NH",33013.0,0.0538971807628524,0.054310344827586204,,,,0.05116696588868941,,,,
329,329,"Mesa County, CO",8077.0,0.07800511508951406,0.07184628237259816,0.08307692307692308,,,0.07781569965870307,,,,
330,330,"Miami County, OH",39109.0,0.059689288634505316,0.059850374064837904,,,,0.0566873339238264,,,,
331,331,"Miami-Dade County, FL",12086.0,0.08234438530957654,0.09809551153220404,0.07396554337392007,,0.13360255763082618,0.06951600641946111,0.06175771971496437,,,
332,332,"Middlesex County, CT",9007.0,0.06499608457321848,0.06712564543889846,,,,0.06537753222836096,,,,
333,333,"Middlesex County, MA",25017.0,0.06910071061014457,0.06656358147411826,0.0757020757020757,0.08550185873605948,0.08459016393442623,0.06060341058154788,0.08796622097114708,0.08444444444444445,,
334,334,"Middlesex County, NJ",34023.0,0.08070010572066251,0.08333333333333333,0.072646404744255,,0.12589285714285714,0.06398996235884567,0.08353808353808354,,,
335,335,"Midland County, TX",48329.0,0.07793080282163252,0.0837874659400545,0.06805929919137467,,0.10734463276836158,0.07225758143017597,,,,
336,336,"Milwaukee County, WI",55079.0,0.10951141062949915,0.11596371457963153,0.07953063885267275,,0.16539235412474848,0.07121348991267691,0.07403189066059225,0.087248322147651,,
337,337,"Minnehaha County, SD",46099.0,0.07689543657923105,0.07534775888717156,,,0.06687898089171974,0.06520726595249185,,,,
338,338,"Missoula County, MT",30063.0,0.07469654528478058,0.07608695652173914,,,,0.05279831045406547,,,,
339,339,"Mobile County, AL",1097.0,0.11970911803095283,0.12223291626564003,,,0.1697324414715719,0.07663551401869159,,,,
340,340,"Mohave County, AZ",4015.0,0.061046511627906974,0.05415713196033562,0.0431266846361186,,,0.05569782330345711,,,,
341,341,"Monmouth County, NJ",34025.0,0.0686482661004954,0.06490331184707712,0.06803355079217148,,0.12248995983935743,0.0575073191133417,0.08424908424908426,,,
342,342,"Monroe County, IN",18105.0,0.06179775280898876,0.06069651741293532,,,,0.06392199349945829,,,,
343,343,"Monroe County, MI",26115.0,0.08710106382978723,0.0884588804422944,,,,0.0859375,,,,
344,344,"Monroe County, NY",36055.0,0.09211691762621789,0.08644486415807061,0.12160804020100502,,0.16132368148914167,0.06537302185380557,0.03412073490813648,0.11607142857142858,,
345,345,"Monroe County, PA",42089.0,0.09183673469387756,0.08946877912395154,0.06128133704735376,,0.0711743772241993,0.07977736549165121,,,,
346,346,"Monterey County, CA",6053.0,0.06322823851953392,0.05137481910274964,0.05933964442392057,0.10869565217391304,,0.060451977401129946,0.06172839506172839,,,
347,347,"Montgomery County, AL",1101.0,0.14028436018957346,0.14617249740214755,0.055970149253731345,,0.16776315789473684,0.06868451688009314,,,,
348,348,"Montgomery County, MD",24031.0,0.07523224950232249,0.07650531286894924,0.0703037120359955,,0.10034013605442177,0.06285218899003034,0.0728476821192053,0.04365079365079365,,
349,349,"Montgomery County, OH",39113.0,0.09109406792925341,0.09239574816026165,0.045454545454545456,,0.13369565217391305,0.06853281853281853,0.08522727272727272,,,
350,350,"Montgomery County, PA",42091.0,0.07249644043663978,0.07234492791958735,0.045272969374167776,,0.10059171597633136,0.06399358460304731,0.0684931506849315,0.07346938775510205,,
351,351,"Montgomery County, TN",47125.0,0.09004602991944764,0.09235880398671097,0.0518018018018018,,0.1355081555834379,0.07257383966244725,,0.07534246575342465,,
352,352,"Montgomery County, TX",48339.0,0.07557903291344982,0.08295872496935022,0.057777777777777775,,0.1101871101871102,0.06969180734087037,0.06338028169014084,,,
353,353,"Morgan County, AL",1103.0,0.0808720112517581,0.07865168539325842,0.0784313725490196,,0.10837438423645321,0.06602112676056338,,,,
354,354,"Morris County, NJ",34027.0,0.06142506142506143,0.0642306594347702,0.03567447045707915,,,0.05543358946212953,0.07917383820998279,,,
355,355,"Multnomah County, OR",41051.0,0.06986250464511334,0.06853209636390842,0.06692015209125475,,0.09486780715396578,0.06225165562913907,0.06847360912981455,0.047505938242280284,,
356,356,"Muscogee County, GA",13215.0,0.11579699785561115,0.12152209492635024,0.056856187290969896,,0.158364312267658,0.07212317666126418,,,,
357,357,"Muskegon County, MI",26121.0,0.08758371973209686,0.08974358974358974,,,0.14986376021798364,0.06911764705882353,,0.08791208791208792,,
358,358,"Napa County, CA",6055.0,0.04173228346456693,0.0304,0.03614457831325301,,,0.029143897996357013,,,,
359,359,"Nassau County, NY",36059.0,0.08071294015360092,0.08056404693817178,0.08044077134986226,,0.11434621492853361,0.06927175843694494,0.0985985985985986,0.05223880597014925,,
360,360,"Navajo County, AZ",4017.0,0.08575689783743475,0.09106830122591944,,,,0.06806282722513089,,,0.10310734463276836,
361,361,"New Castle County, DE",10003.0,0.09502115196876017,0.09716834755624515,0.06659619450317125,,0.14098029307731177,0.07174490699734277,0.046296296296296294,,,
362,362,"New Hanover County, NC",37129.0,0.07410838351088467,0.07218683651804671,0.06367041198501873,,0.1273209549071618,0.05027590435315757,,,,
363,363,"New Haven County, CT",9009.0,0.07755637752058227,0.07692307692307693,0.07051016175860639,,0.106875,0.06805133400878081,0.06221198156682028,0.05179282868525897,,
364,364,"New London County, CT",9011.0,0.06333198870512304,0.060294117647058824,0.05687203791469194,,,0.05648854961832061,,0.09917355371900827,,
365,365,"New York County, NY",36061.0,0.07554347826086956,0.07279941695683861,0.08467638782297263,0.05102040816326531,0.10991857883049592,0.06686072955517147,0.07125506072874493,0.0748502994011976,,
366,366,"Newport News city, VA",51700.0,0.10072992700729927,0.10366624525916561,0.045845272206303724,,0.12597864768683273,0.06255585344057193,,,,
367,367,"Niagara County, NY",36063.0,0.0722950024260068,0.07377049180327869,,,0.05803571428571429,0.062462819750148724,,,,
368,368,"Norfolk County, MA",25021.0,0.06804692891649414,0.06682904551682144,0.06378986866791744,,0.09382716049382717,0.061654733492442326,0.06333333333333334,,,
369,369,"Norfolk city, VA",51710.0,0.1135476118954641,0.11703958691910499,0.06234413965087282,,0.1547144754316069,0.075,,,,
370,370,"Northampton County, PA",42095.0,0.08300252616383977,0.07391304347826087,0.07598784194528875,,0.06333333333333334,0.07769652650822668,0.08,,,
371,371,"Nueces County, TX",48355.0,0.08807009660750394,0.08192955589586524,0.08942829766847653,,0.17266187050359713,0.08461909353905496,,,,
372,372,"Oakland County, MI",26125.0,0.08442616590362381,0.08502559022618458,0.06504065040650407,,0.13729405891163254,0.07347728005156301,0.06676449009537784,,,
373,373,"Ocean County, NJ",34029.0,0.057057389762907154,0.05692763645344529,0.03937947494033413,,0.11555555555555555,0.05354239256678281,0.09649122807017543,,,
374,374,"Okaloosa County, FL",12091.0,0.0837037037037037,0.08210251954821894,0.05585106382978723,,0.11239193083573487,0.06974552309142319,,,,
375,375,"Oklahoma County, OK",40109.0,0.09063604240282686,0.09682804674457429,0.07026652821045344,,0.16331535066208927,0.07054273903187092,0.054373522458628844,0.0799475753604194,0.0811965811965812,
376,376,"Olmsted County, MN",27109.0,0.06379821958456973,0.06303418803418803,,,0.06837606837606838,0.04670505438259757,0.06896551724137931,,,
377,377,"Oneida County, NY",36065.0,0.07413376309427881,0.07279183311140701,,,0.08016877637130802,0.066497461928934,,,,
378,378,"Onondaga County, NY",36067.0,0.07461797975788848,0.07313915857605179,0.06459948320413436,,0.10488798370672098,0.05772594752186589,0.040145985401459854,0.11877394636015326,,
379,379,"Onslow County, NC",37133.0,0.07373392810286014,0.07777426493834967,0.04145936981757877,,0.102,0.06404608607251779,,0.049019607843137254,,
380,380,"Ontario County, NY",36069.0,0.06354166666666666,0.06425233644859812,,,,0.05460750853242321,,,,
381,381,"Orange County, CA",6059.0,0.06801323747575032,0.06446201773304577,0.0724702050484862,0.07692307692307693,0.09266409266409266,0.06653944020356234,0.06855815831987076,0.07160194174757281,,
382,382,"Orange County, FL",12095.0,0.086252558083544,0.09322686165095247,0.07430689877498388,,0.13249848515451423,0.06381553769613471,0.081419624217119,0.06896551724137931,,
383,383,"Orange County, NC",37135.0,0.08383751080380294,0.07826982492276004,,,0.07027027027027027,0.07151664611590629,,,,
384,384,"Orange County, NY",36071.0,0.07060185185185185,0.06826801517067003,0.06902356902356903,,0.1266891891891892,0.05865921787709497,,,,
385,385,"Orleans Parish, LA",22071.0,0.11850579647917561,0.12283236994219653,0.05450733752620545,,0.14895833333333333,0.05149396058486968,,,,
386,386,"Osceola County, FL",12097.0,0.07878103837471784,0.08216880939072108,0.07651515151515151,,0.09327846364883402,0.0724762726488352,,,,
387,387,"Oswego County, NY",36075.0,0.048639736191261336,0.0467687074829932,,,,0.04664970313825276,,,,
388,388,"Ottawa County, MI",26139.0,0.05548628428927681,0.05409304002884962,0.03431372549019608,,,0.04819277108433735,,,,
389,389,"Ouachita Parish, LA",22073.0,0.12678132678132678,0.12829614604462475,,,0.16565040650406504,0.08173562058526741,,,,
390,390,"Outagamie County, WI",55087.0,0.05900900900900901,0.05596107055961071,,,,0.05405405405405406,,,,
391,391,"Palm Beach County, FL",12099.0,0.08950261247200923,0.09774586076201876,0.07060580204778157,,0.1342281879194631,0.06585339522832775,0.08695652173913043,,,
392,392,"Parker County, TX",48367.0,0.06222775357809583,0.05458680818802123,0.06204379562043796,,,0.06136950904392765,,,,
393,393,"Pasco County, FL",12101.0,0.07783251231527094,0.07862952920877496,0.06539235412474849,,0.05324074074074074,0.07646245969599264,0.0755813953488372,,,
394,394,"Passaic County, NJ",34031.0,0.08898637004543318,0.09054593874833555,0.08846618357487923,,0.13339731285988485,0.07786799916718717,0.0641025641025641,,,
395,395,"Paulding County, GA",13223.0,0.07566938300349244,0.0743801652892562,0.07874015748031496,,0.07466666666666667,0.06962025316455696,,,,
396,396,"Pennington County, SD",46103.0,0.06954102920723226,0.06446776611694154,0.12631578947368421,,,0.07150153217568948,,,0.061855670103092786,
397,397,"Penobscot County, ME",23019.0,0.061788617886178863,0.06239737274220033,,,,0.05767524401064774,,,,
398,398,"Peoria County, IL",17143.0,0.10025597269624574,0.1029612756264237,,,0.1558641975308642,0.07354925775978408,,,,
399,399,"Philadelphia County, PA",42101.0,0.11408512505484862,0.11532547411583803,0.0987535953978907,0.1649928263988522,0.14484563055991628,0.08300953726598376,0.0897887323943662,0.10583941605839416,0.11764705882352941,
400,400,"Pickens County, SC",45077.0,0.07002360346184107,0.07214765100671142,,,,0.07149240393208221,,,,
401,401,"Pierce County, WA",53053.0,0.06594897774561245,0.06328971119133574,0.06978052898142938,0.05614973262032086,0.09761388286334056,0.056484817292846115,0.07539682539682539,0.06673842841765339,0.06557377049180328,0.041025641025641026
402,402,"Pima County, AZ",4019.0,0.08144359741387629,0.08338249754178957,0.07946257197696736,,0.06626506024096386,0.07909539662495695,0.0664451827242525,0.07418397626112759,0.06382978723404255,
403,403,"Pinal County, AZ",4021.0,0.07188960605386156,0.07711895234630775,0.05503512880562061,,0.09090909090909091,0.06560475161987041,,0.07777777777777778,0.0711743772241993,
404,404,"Pinellas County, FL",12103.0,0.079954384186518,0.08327181455780304,0.05243790248390064,,0.1348456206679269,0.06086501569584932,0.0778816199376947,0.07058823529411765,,
405,405,"Pitt County, NC",37147.0,0.12512030798845045,0.13256180957390848,,,0.17584745762711865,0.056338028169014086,,,,
406,406,"Placer County, CA",6061.0,0.06006582556226001,0.0584144645340751,0.05154639175257732,,,0.05568522840946982,0.04225352112676056,,,
407,407,"Plymouth County, MA",25023.0,0.06735553004209721,0.06672279520101031,0.06398104265402843,,0.07291666666666667,0.0626444159178434,,,,
408,408,"Polk County, FL",12105.0,0.09003176154409968,0.09616404454657945,0.07080350039777247,,0.1426947129050597,0.07433541188053823,,,,
409,409,"Polk County, IA",19153.0,0.0703902065799541,0.07164337519900937,0.044548651817116064,,0.11421628189550426,0.06039874902267396,0.05958549222797927,,,
410,410,"Portage County, OH",39133.0,0.05401350337584396,0.05401234567901234,,,,0.05226480836236934,,,,
411,411,"Porter County, IN",18127.0,0.06674831598285365,0.06960716747070986,,,,0.06433949349760439,,,,
412,412,"Potter County, TX",48375.0,0.09981740718198417,0.0925,0.07711442786069651,,0.1326530612244898,0.07956318252730109,,,,
413,413,"Prince George's County, MD",24033.0,0.09572664066474479,0.11064585712473037,0.06403304931577589,,0.11696347721098702,0.06382978723404255,0.08316831683168317,0.043333333333333335,,
414,414,"Prince William County, VA",51153.0,0.07086861084979618,0.07417519908987485,0.057956278596847995,,0.09379128137384413,0.05723905723905724,0.05312084993359894,,,
415,415,"Providence County, RI",44007.0,0.0859363754138477,0.08368200836820083,0.08464794151596768,,0.11332801276935354,0.07654219104600785,0.05673758865248227,0.05907172995780591,,
416,416,"Pueblo County, CO",8101.0,0.09910414333706608,0.07407407407407407,0.10941176470588235,,,0.0998104864181933,,,,
417,417,"Pulaski County, AR",5119.0,0.11134779240898528,0.11459265890778872,0.061511423550087874,,0.16551724137931034,0.06222750693618708,,,,
418,418,"Queens County, NY",36081.0,0.08881907226021069,0.09285036380892123,0.0786460299484082,,0.12153726102223956,0.06946534653465347,0.09585581448742969,0.07484407484407485,,
419,419,"Racine County, WI",55101.0,0.08372895986189037,0.08654353562005276,0.03816793893129771,,0.09425287356321839,0.07175925925925926,,,,
420,420,"Ramsey County, MN",27123.0,0.07833263393481606,0.07922779922779923,0.04952076677316294,,0.11719253058596266,0.05885797950219619,0.0713495575221239,0.06474820143884892,,
421,421,"Randall County, TX",48381.0,0.06573069559668156,0.06702412868632708,0.047619047619047616,,,0.06384505021520803,,,,
422,422,"Randolph County, NC",37151.0,0.0784313725490196,0.07364016736401674,0.05245901639344262,,0.102803738317757,0.06772009029345373,,,,
423,423,"Rankin County, MS",28121.0,0.10520231213872833,0.10405323653962492,,,0.13486005089058525,0.08211382113821138,,,,
424,424,"Rapides Parish, LA",22079.0,0.11960542540073983,0.12338501291989665,,,0.1532258064516129,0.0851528384279476,,,,
425,425,"Rensselaer County, NY",36083.0,0.09663341645885287,0.09368635437881874,,,0.10204081632653061,0.07575757575757576,,,,
426,426,"Richland County, OH",39139.0,0.05844618674269423,0.05592347314201619,,,,0.05506072874493927,,,,
427,427,"Richland County, SC",45079.0,0.11223646134766432,0.11168655708173834,0.07046070460704607,,0.14203675344563552,0.06761006289308176,0.10071942446043165,0.072992700729927,,
428,428,"Richmond County, GA",13245.0,0.11973018549747048,0.12298891669646049,,,0.150609080841639,0.06547619047619048,,,,
429,429,"Richmond County, NY",36085.0,0.07243079256731134,0.06970974944182586,0.07589658048373644,,0.11764705882352941,0.06467525349410798,0.04409448818897638,,,
430,430,"Richmond city, VA",51760.0,0.11449886474213429,0.12124711316397228,0.06918238993710692,,0.1694915254237288,0.046153846153846156,,,,
431,431,"Riverside County, CA",6065.0,0.06949352179034157,0.07295746424993169,0.06426370918052988,0.10687022900763359,0.11316259678379988,0.06340057636887608,0.08154318281455503,0.08851063829787234,,
432,432,"Robeson County, NC",37155.0,0.11265969802555169,0.12210095497953616,0.04564315352697095,,0.10242587601078167,0.08043478260869565,,,0.09362808842652796,
433,433,"Rock County, WI",55105.0,0.08552631578947369,0.08555133079847908,0.06329113924050633,,0.10236220472440945,0.07291011942174733,,,,
434,434,"Rock Island County, IL",17161.0,0.08956145768993205,0.09565857247976453,,,0.1295774647887324,0.06445837063563116,,,,
435,435,"Rockingham County, NH",33015.0,0.05940219447597427,0.05590800951625694,,,,0.05409769882922891,,,,
436,436,"Rockland County, NY",36087.0,0.055545820921675135,0.05156418554476807,0.06262230919765166,,0.07366071428571429,0.05037126229179209,0.05853658536585366,,,
437,437,"Rowan County, NC",37159.0,0.1,0.10972762645914397,,,0.09060402684563758,0.08786231884057971,,,,
438,438,"Rutherford County, TN",47149.0,0.08599857853589196,0.08705483323911814,0.07668711656441718,,0.11235955056179775,0.0773462783171521,,,,
439,439,"Sacramento County, CA",6067.0,0.0707324740647595,0.07080626107501477,0.06836792991811083,0.04119850187265917,0.11560102301790282,0.05722582849333789,0.08166148629556372,0.07443142660234321,,0.08455882352941177
440,440,"Saginaw County, MI",26145.0,0.09392789373814042,0.08864864864864865,0.08786610878661087,,0.10189982728842832,0.07599699021820917,,0.10852713178294573,,
441,441,"Saline County, AR",5125.0,0.06296296296296296,0.060655737704918035,,,,0.05678793256433008,,,,
442,442,"Salt Lake County, UT",49035.0,0.07675028079371023,0.07529493407356003,0.08297529538131042,0.053475935828877004,0.0982532751091703,0.07279004531396102,0.08495821727019498,0.08298755186721991,,0.060714285714285714
443,443,"San Bernardino County, CA",6071.0,0.07984366275823562,0.0846408277499788,0.07448054750601146,0.11147011308562198,0.13018652455272173,0.07233155823107201,0.08385813722240637,0.07561436672967864,0.08108108108108109,
444,444,"San Diego County, CA",6073.0,0.0684867516154984,0.0649596965386439,0.062417734672670595,0.09760878087024696,0.0909533073929961,0.06361193319046161,0.08556661562021439,0.05718270571827057,0.06077348066298342,
445,445,"San Francisco County, CA",6075.0,0.0711997152011392,0.0723207401696222,0.05926430517711172,0.04697986577181208,0.09390862944162437,0.06074861934956024,0.07827359180687637,0.0641025641025641,,
446,446,"San Joaquin County, CA",6077.0,0.07832349704911473,0.08606731998295697,0.06845419459679057,0.09322033898305085,0.11835106382978723,0.068828881714118,0.09723820483314154,0.04924242424242424,,
447,447,"San Juan County, NM",35045.0,0.056509298998569386,0.047747747747747746,0.08571428571428572,,,0.05847076461769116,,,0.0426179604261796,
448,448,"San Luis Obispo County, CA",6079.0,0.059670781893004114,0.04849726775956284,0.06557377049180328,,,0.05825688073394496,,,,
449,449,"San Mateo County, CA",6081.0,0.06202686202686203,0.058985162117603955,0.05797819623389495,0.08416547788873038,,0.054954381497984296,0.07236388697450034,0.04669260700389105,,
450,450,"Sandoval County, NM",35043.0,0.09204712812960236,0.07869742198100407,0.10696920583468396,,,0.09919028340080972,,,0.05862068965517241,
451,451,"Sangamon County, IL",17167.0,0.10186513629842181,0.10225563909774436,,,0.17802197802197803,0.07681849082256968,,0.12631578947368421,,
452,452,"Santa Barbara County, CA",6083.0,0.06045248868778281,0.059130434782608696,0.056345733041575495,,,0.0558648111332008,0.07657657657657657,,,
453,453,"Santa Clara County, CA",6085.0,0.07118916111976585,0.07309596793209149,0.061313076505697235,0.07798007557540364,0.0794912559618442,0.06045016077170418,0.08100958889011352,0.06896551724137931,,
454,454,"Santa Cruz County, CA",6087.0,0.05785123966942149,0.04681647940074907,0.054706355591311345,,,0.05234159779614325,,,,
455,455,"Santa Fe County, NM",35049.0,0.10757314974182444,0.11141304347826086,0.09462915601023018,,,0.09532888465204957,,,,
456,456,"Santa Rosa County, FL",12113.0,0.08837209302325581,0.0883489784649365,,,0.0990990990990991,0.08028335301062574,,,,
457,457,"Sarasota County, FL",12115.0,0.0789016336461592,0.07910507391130643,0.07065217391304347,,0.13382899628252787,0.06804374240583232,,,,
458,458,"Saratoga County, NY",36091.0,0.05997074597757192,0.05945121951219512,,,,0.0611587982832618,,,,
459,459,"Sarpy County, NE",31153.0,0.07186858316221766,0.06880301602262016,0.034482758620689655,,0.12121212121212122,0.06544256120527307,,,,
460,460,"Schenectady County, NY",36093.0,0.07865168539325842,0.07090012330456227,0.10071942446043165,,0.10060975609756098,0.06613545816733067,,,,
461,461,"Schuylkill County, PA",42107.0,0.07627765064836003,0.07306711979609176,,,,0.0741042345276873,,,,
462,462,"Scott County, IA",19163.0,0.08161305808929428,0.07724425887265135,0.06622516556291391,,0.06563706563706563,0.06707692307692308,,,,
463,463,"Scott County, MN",27139.0,0.05146618791143028,0.052463211772232884,,,,0.04399701715137957,0.096,,,
464,464,"Sebastian County, AR",5131.0,0.09286998202516476,0.08607784431137724,0.061488673139158574,,0.1015625,0.09097525473071325,,,,
465,465,"Sedgwick County, KS",20173.0,0.08422619047619048,0.08710801393728224,0.06698564593301436,,0.1825,0.07099278979478647,0.04225352112676056,0.06060606060606061,,
466,466,"Seminole County, FL",12117.0,0.06503889369057908,0.0646180356117174,0.042418772563176894,,0.09619952494061758,0.04725840654347167,0.07100591715976332,,,
467,467,"Shasta County, CA",6089.0,0.06472148541114059,0.0647870425914817,,,,0.05768063145112325,,,,
468,468,"Shawnee County, KS",20177.0,0.06163401815575729,0.05627962085308057,0.040214477211796246,,0.07623318385650224,0.05374396135265701,,,,
469,469,"Sheboygan County, WI",55117.0,0.050590219224283306,0.05647517039922103,,,,0.040983606557377046,,,,
470,470,"Shelby County, AL",1117.0,0.07825295723384895,0.07720020586721564,0.05394190871369295,,0.10616438356164383,0.0661111111111111,,,,
471,471,"Shelby County, TN",47157.0,0.11744494768077464,0.12474291335062147,0.05867182462927144,,0.14699792960662525,0.06703146374829001,0.07345971563981042,0.0718232044198895,,
472,472,"Skagit County, WA",53057.0,0.04515659140568099,0.02830188679245283,0.05483028720626632,,,0.04361873990306947,,,,
473,473,"Smith County, TX",48423.0,0.08002759572266299,0.07971014492753623,0.07230392156862746,,0.12062256809338522,0.0637915543575921,,,,
474,474,"Snohomish County, WA",53061.0,0.06183324702226826,0.06148908857509628,0.05149253731343283,0.0650887573964497,0.056795131845841784,0.055919615552643076,0.07424144609425436,0.04044943820224719,,
475,475,"Solano County, CA",6095.0,0.07460914308331684,0.07880967952910399,0.05774896876841485,0.04797047970479705,0.1291390728476821,0.0609597924773022,0.07142857142857142,0.04904051172707889,,
476,476,"Somerset County, NJ",34035.0,0.05623150279513318,0.052128583840139006,0.042212518195050945,,0.052941176470588235,0.046052631578947366,0.06758832565284179,,,
477,477,"Sonoma County, CA",6097.0,0.05660808034695275,0.04975993016150153,0.06017191977077364,0.0513595166163142,,0.05441640378548896,,,,
478,478,"Spartanburg County, SC",45083.0,0.08981435022579026,0.09141895681435783,0.055415617128463476,,0.12873563218390804,0.07005253940455342,0.12030075187969924,,,
479,479,"Spokane County, WA",53063.0,0.06681591183054934,0.06814730447987852,0.031026252983293555,,0.09027777777777778,0.06511812586857256,,0.05976095617529881,,
480,480,"Spotsylvania County, VA",51177.0,0.07069408740359898,0.07345065034429993,,,0.07462686567164178,0.0548885077186964,,,,
481,481,"St. Charles County, MO",29183.0,0.07652823145123658,0.07745098039215687,,,0.08936170212765958,0.07307898979043526,0.058823529411764705,,,
482,482,"St. Clair County, IL",17163.0,0.1115937186769128,0.11572594959176428,,,0.17270429654591407,0.06865671641791045,,,,
483,483,"St. Clair County, MI",26147.0,0.05804749340369393,0.060041407867494824,,,,0.05828002842928216,,,,
484,484,"St. Johns County, FL",12109.0,0.06067518248175183,0.058070866141732284,0.0718954248366013,,0.1038961038961039,0.05125467164975974,,,,
485,485,"St. Joseph County, IN",18141.0,0.08493870402802102,0.08641560188298587,0.04377880184331797,,0.13095238095238096,0.07174172977281786,,,,
486,486,"St. Lawrence County, NY",36089.0,0.06431535269709543,0.06512141280353201,,,,0.06514657980456026,,,,
487,487,"St. Louis County, MN",27137.0,0.06525198938992043,0.0658682634730539,,,,0.05447941888619855,,,,
488,488,"St. Louis County, MO",29189.0,0.1028546332894159,0.1044335883491566,0.03644646924829157,,0.15963777490297543,0.06958281444582815,0.06287425149700598,0.12532637075718014,,
489,489,"St. Louis city, MO",29510.0,0.12017276422764228,0.12131058759815867,0.07766990291262135,,0.15901561760530053,0.05855263157894737,,0.11570247933884298,,
490,490,"St. Lucie County, FL",12111.0,0.08381689232753063,0.08227571115973742,0.062103929024081114,,0.10687830687830688,0.07114818449460256,,,,
491,491,"St. Mary's County, MD",24037.0,0.060382916053019146,0.0496,,,0.09433962264150944,0.03260869565217391,,,,
492,492,"St. Tammany Parish, LA",22103.0,0.08175438596491227,0.08617387973956339,,,0.12631578947368421,0.06902654867256637,,,,
493,493,"Stafford County, VA",51179.0,0.07661520869068039,0.07407407407407407,0.046296296296296294,,0.0916030534351145,0.0651085141903172,,,,
494,494,"Stanislaus County, CA",6099.0,0.05946749560751453,0.060995184590690206,0.05368802902055623,0.09090909090909091,,0.05430216275089466,0.09176470588235294,0.04669260700389105,,
495,495,"Stark County, OH",39151.0,0.08205128205128205,0.08227203260315843,,,0.12147505422993492,0.07486163705214098,,,,
496,496,"Stearns County, MN",27145.0,0.05177664974619289,0.04896626768226333,0.08196721311475409,,0.049217002237136466,0.04830917874396135,,,,
497,497,"Strafford County, NH",33017.0,0.06508355321020229,0.062037037037037036,,,,0.0641399416909621,,,,
498,498,"Suffolk County, MA",25025.0,0.08890153671030165,0.08679686195960608,0.08553893364019946,0.11920529801324503,0.11689384551838083,0.07607270001873712,0.07713498622589532,0.046875,,
499,499,"Suffolk County, NY",36103.0,0.08011711471919085,0.08126818501053476,0.0772591857000993,,0.11663706335109532,0.07381889763779527,0.08185053380782918,0.056074766355140186,,
500,500,"Sullivan County, TN",47163.0,0.07956104252400549,0.07988587731811697,,,,0.07945597709377238,,,,
501,501,"Summit County, OH",39153.0,0.08947278035376953,0.09034323314956429,0.05291005291005291,,0.13441295546558704,0.07002022244691608,0.09722222222222222,0.04524886877828054,,
502,502,"Sumner County, TN",47165.0,0.07831039392501186,0.07550158394931362,0.09278350515463918,,0.08163265306122448,0.07513812154696133,,,,
503,503,"Sumter County, SC",45085.0,0.12048192771084337,0.11854103343465046,,,0.14634146341463414,0.07290015847860538,,,,
504,504,"Sussex County, DE",10005.0,0.09684300341296928,0.10756302521008404,0.04411764705882353,,0.13253012048192772,0.0811111111111111,,,,
505,505,"Sussex County, NJ",34037.0,0.0475,0.045627376425855515,,,,0.04503676470588235,,,,
506,506,"Tangipahoa Parish, LA",22105.0,0.10388918486947256,0.10991501416430595,,,0.14713541666666666,0.06178707224334601,,,,
507,507,"Tarrant County, TX",48439.0,0.08768505560875009,0.09392556179775281,0.0768312101910828,,0.13887884267631104,0.07320086482034387,0.0876010781671159,0.06031128404669261,,
508,508,"Taylor County, TX",48441.0,0.09076923076923077,0.07315340909090909,0.08966861598440545,,0.055865921787709494,0.08408408408408409,,,,
509,509,"Tazewell County, IL",17179.0,0.055347793567688854,0.053804765564950036,,,,0.05378020265003897,,,,
510,510,"Terrebonne Parish, LA",22109.0,0.0875,0.08989657915672236,,,0.07563025210084033,0.08430913348946135,,,,
511,511,"Thurston County, WA",53067.0,0.06329944244014431,0.06579954093343535,0.03359173126614987,,0.09375,0.05280946345585129,0.07142857142857142,0.05583756345177665,,
512,512,"Tippecanoe County, IN",18157.0,0.07445255474452554,0.07507002801120448,0.06037735849056604,,0.09561752988047809,0.06826568265682657,,,,
513,513,"Tolland County, CT",9013.0,0.08808290155440414,0.08768656716417911,,,,0.08953722334004025,,,,
514,514,"Tom Green County, TX",48451.0,0.08785529715762273,0.09245742092457421,0.05405405405405406,,,0.08537438768369489,,,,
515,515,"Tompkins County, NY",36109.0,0.033478893740902474,0.029921259842519685,,,,0.028933092224231464,,,,
516,516,"Travis County, TX",48453.0,0.07095602542482812,0.07493802118548569,0.06583793738489871,,0.13417190775681342,0.061409913198669584,0.07728337236533958,0.055350553505535055,,
517,517,"Trumbull County, OH",39155.0,0.07872539831302718,0.07916070577014783,,,0.09157509157509157,0.0717891194615816,,,,
518,518,"Tulare County, CA",6107.0,0.07081097197376267,0.06931106471816284,0.06890874882408278,,,0.06871961102106969,0.07196969696969698,,,
519,519,"Tulsa County, OK",40143.0,0.0847457627118644,0.09061669696545938,0.05525846702317291,,0.1551270815074496,0.06705298013245033,0.0671462829736211,0.0898716119828816,0.06652360515021459,
520,520,"Tuscaloosa County, AL",1125.0,0.10967250571210967,0.11368421052631579,0.059574468085106386,,0.1669793621013133,0.0649171270718232,,,,
521,521,"Ulster County, NY",36111.0,0.08305866842452209,0.0670391061452514,0.07142857142857142,,0.07971014492753623,0.06920684292379471,,,,
522,522,"Unidentified Counties, AK",2999.0,0.06069906223358909,0.06123574843692534,0.039473684210526314,,,0.05238236164545724,,0.04371584699453552,0.07570977917981073,
523,523,"Unidentified Counties, AL",1999.0,0.10168603127456975,0.10528082881672982,0.0599009900990099,,0.16860576006103375,0.08113841258617642,0.07547169811320754,0.06417112299465241,,
524,524,"Unidentified Counties, AR",5999.0,0.09427308399145681,0.09500779192863668,0.06079664570230608,0.22641509433962265,0.14733317388184644,0.07981868348443043,0.05235602094240838,0.07692307692307693,,0.09401709401709402
525,525,"Unidentified Counties, AZ",4999.0,0.08049311094996374,0.07864523536165327,0.06720977596741344,,,0.07846607669616519,,,0.07127882599580712,
526,526,"Unidentified Counties, CA",6999.0,0.06731716932781391,0.06763358778625954,0.06077529566360053,0.03992015968063872,,0.06441111498662946,0.09397163120567376,0.05927342256214149,,
527,527,"Unidentified Counties, CO",8999.0,0.09339379825959064,0.08807752206264059,0.10326086956521739,0.07586206896551724,,0.0934825543120474,0.07194244604316546,,,
528,528,"Unidentified Counties, FL",12999.0,0.09729895641497852,0.10132444197462258,0.06832579185520361,,0.15159574468085107,0.0856812041682748,0.09027777777777778,0.08542713567839195,,
529,529,"Unidentified Counties, GA",13999.0,0.10248394523203684,0.10529863826344883,0.0736493374108053,0.07894736842105263,0.15732776617954072,0.0789597254831136,0.08540925266903915,0.09177592371871275,,
530,530,"Unidentified Counties, HI",15999.0,0.07561929595827901,0.07332293291731669,,,,0.050761421319796954,,0.05013927576601671,,
531,531,"Unidentified Counties, IA",19999.0,0.06432174887892377,0.06491974770524589,0.05082053996823716,,0.10737179487179487,0.061198833350095544,0.075,0.05084745762711865,,
532,532,"Unidentified Counties, ID",16999.0,0.07394569612940496,0.07112774918109499,0.08445945945945946,,,0.07326875515251442,,,0.05172413793103448,
533,533,"Unidentified Counties, IL",17999.0,0.07959056775242741,0.07967884546979014,0.06739679865206402,,0.12858555885262116,0.07669297024085822,,0.05782312925170068,,
534,534,"Unidentified Counties, IN",18999.0,0.07690448235375372,0.07677902621722846,0.0733568075117371,,0.1076388888888889,0.07575812470562661,0.06376811594202898,0.05952380952380952,,
535,535,"Unidentified Counties, KS",20999.0,0.07329809991191645,0.07261253041362531,0.07103012272220156,,0.10054844606946983,0.07026952695269527,0.057971014492753624,0.06735751295336788,,
536,536,"Unidentified Counties, KY",21999.0,0.08610890423516471,0.08701054576735591,0.05799373040752351,,0.1422893481717011,0.0834258835826746,0.07220216606498195,0.09615384615384616,,
537,537,"Unidentified Counties, LA",22999.0,0.10870150137222193,0.11072956541319523,0.05056890012642225,,0.1662121212121212,0.07514756409126949,,0.05813953488372093,,
538,538,"Unidentified Counties, MA",25999.0,0.050359712230215826,0.03418803418803419,,,,0.03185595567867036,,,,
539,539,"Unidentified Counties, MD",24999.0,0.08166636080014682,0.0829983922829582,0.04666666666666667,,0.13110047846889952,0.06525444363282201,,0.08163265306122448,,
540,540,"Unidentified Counties, ME",23999.0,0.07969287794545936,0.07842076798269335,,,,0.07819044959508517,,,,
541,541,"Unidentified Counties, MI",26999.0,0.0707683419988446,0.07008659543221755,0.06645898234683281,,0.04435483870967742,0.07013053493729204,,0.07959183673469387,0.05673758865248227,
542,542,"Unidentified Counties, MN",27999.0,0.06341728574017032,0.06360545893481795,0.05847255369928401,,0.09670781893004116,0.05995166846624505,0.06801007556675064,0.05104408352668213,0.059490084985835696,
543,543,"Unidentified Counties, MO",29999.0,0.07983080435074527,0.08025085034013606,0.06198347107438017,,0.1554001554001554,0.07552814300487516,0.06840390879478828,0.08312342569269521,,
544,544,"Unidentified Counties, MS",28999.0,0.12532319987463764,0.1270639202223312,0.07357212003872217,,0.1729509647725261,0.08679300936509107,0.08333333333333333,0.0784313725490196,0.06341463414634146,
545,545,"Unidentified Counties, MT",30999.0,0.06938976377952756,0.06906829078657509,0.05897435897435897,,,0.06733906852566005,,0.04868913857677903,0.07024793388429752,
546,546,"Unidentified Counties, NC",37999.0,0.09810299848626365,0.10195211786372008,0.06926854484362885,,0.1469970600587988,0.08118264964230734,0.0851063829787234,0.09492847854356307,0.09978768577494693,
547,547,"Unidentified Counties, ND",38999.0,0.06606606606606606,0.06602739726027397,0.04331450094161959,,0.06422018348623854,0.05965241897604509,,0.05660377358490566,0.08871989860583017,
548,548,"Unidentified Counties, NE",31999.0,0.06932376275028335,0.07040094339622642,0.061127029608404965,,0.06007067137809187,0.0691895236131161,,,0.039735099337748346,
549,549,"Unidentified Counties, NH",33999.0,0.058364312267657995,0.0592281238058846,,,,0.05884645362431801,,,,
550,550,"Unidentified Counties, NJ",34999.0,0.08395904436860069,0.08934426229508197,0.0425531914893617,,0.08064516129032258,0.0725604670558799,,,,
551,551,"Unidentified Counties, NM",35999.0,0.09041184041184042,0.08371754428536762,0.09294685990338164,,0.08176100628930817,0.08973343890208499,,0.0759493670886076,0.07378335949764521,
552,552,"Unidentified Counties, NV",32999.0,0.08317052749092939,0.07825751734772551,0.0824524312896406,,,0.08244846970643348,,,,
553,553,"Unidentified Counties, NY",36999.0,0.07066998079313072,0.07090942405179258,0.07370336669699727,,0.06971677559912855,0.06903854299025837,0.059574468085106386,0.08074534161490683,,
554,554,"Unidentified Counties, OH",39999.0,0.07557418273260687,0.07548740720183168,0.050483351235230935,,0.11673151750972763,0.07375981410414392,0.055299539170506916,0.1016949152542373,,
555,555,"Unidentified Counties, OK",40999.0,0.07772089328272574,0.0776213139688926,0.07322551662174304,,0.10166919575113809,0.07667731629392971,0.04741379310344827,0.09468085106382979,0.0635048231511254,
556,556,"Unidentified Counties, OR",41999.0,0.06719852715556919,0.06617264690587624,0.06496751624187906,,,0.06569594129786746,0.06097560975609756,0.049886621315192746,0.05714285714285714,
557,557,"Unidentified Counties, PA",42999.0,0.07683449555370737,0.07633029960805156,0.0547945205479452,,0.11538461538461539,0.07479131886477462,,0.064,,
558,558,"Unidentified Counties, RI",44999.0,0.05970149253731343,0.049443757725587144,,,,0.043586550435865505,,,,
559,559,"Unidentified Counties, SC",45999.0,0.11415776241357636,0.11668779045204901,0.06807511737089202,,0.15904224255401986,0.081730094087909,0.08620689655172414,0.07835820895522388,,
560,560,"Unidentified Counties, SD",46999.0,0.06547122602168473,0.06608058608058608,0.038011695906432746,,,0.06163384390955507,,,0.06661379857256146,
561,561,"Unidentified Counties, TN",47999.0,0.0880112466080361,0.08935072279362387,0.0647414997671169,,0.14188919888401755,0.08180780139231647,0.09665427509293681,0.09980806142034548,,
562,562,"Unidentified Counties, TX",48999.0,0.08230875527052404,0.08494711640452163,0.07871458484680142,,0.14860098753820833,0.07656731757451182,0.0686106346483705,0.05392156862745098,0.06074766355140187,
563,563,"Unidentified Counties, UT",49999.0,0.07627656200444022,0.0717322980218155,0.06397774687065369,0.125,,0.07616288975975465,,0.09836065573770492,,
564,564,"Unidentified Counties, VA",51999.0,0.08637103010586385,0.08772954193793245,0.07151780137414117,,0.14438955539872972,0.07217174169383367,0.07395498392282958,0.055441478439425054,,
565,565,"Unidentified Counties, VT",50999.0,0.06668350593584238,0.066005739629533,,,,0.06675392670157068,,,,
566,566,"Unidentified Counties, WA",53999.0,0.06287099740824346,0.059547993905535807,0.0693973388990347,0.049773755656108594,0.07633587786259542,0.060828877005347594,0.08552631578947369,0.04145077720207254,0.07268722466960352,
567,567,"Unidentified Counties, WI",55999.0,0.06286186931348221,0.06178064516129032,0.0683453237410072,,,0.06173485403369258,0.06666666666666667,0.06128133704735376,0.04314720812182741,
568,568,"Unidentified Counties, WV",54999.0,0.09796301259715894,0.09848070079386806,0.05263157894736842,,0.12176165803108809,0.09636156907333712,,0.07434944237918216,,
569,569,"Unidentified Counties, WY",56999.0,0.09798841816519353,0.09860912981455064,0.09036144578313253,,0.14666666666666667,0.09850249584026623,,,,
570,570,"Union County, NC",37179.0,0.06772207563764292,0.06576086956521739,0.0430622009569378,,0.09006211180124224,0.04994388327721661,,,,
571,571,"Union County, NJ",34039.0,0.07661047561709813,0.08734693877551021,0.0641025641025641,,0.10719131614654002,0.06722870730652832,0.05555555555555555,,,
572,572,"Utah County, UT",49049.0,0.06860974980655146,0.06598618414269512,0.08117859290438965,0.044534412955465584,,0.0684855747073463,0.06167400881057269,,,
573,573,"Vanderburgh County, IN",18163.0,0.09568044588945657,0.09636803874092009,,,0.11740890688259109,0.09090909090909091,,,,
574,574,"Ventura County, CA",6111.0,0.06296593646060328,0.05945036455412227,0.06207744314689613,0.08914728682170543,0.08064516129032258,0.058496900826446284,0.07014388489208633,0.07142857142857142,,
575,575,"Vigo County, IN",18167.0,0.10960067969413764,0.10909090909090909,,,,0.10666666666666667,,,,
576,576,"Virginia Beach city, VA",51810.0,0.08642201834862386,0.0872607532414077,0.054673721340388004,,0.14557485525227462,0.06687099470604625,0.05361930294906166,0.07373271889400922,,
577,577,"Volusia County, FL",12127.0,0.08222591362126246,0.08603812467800102,0.05683060109289618,,0.12086659064994298,0.06960996749729144,0.10185185185185185,,,
578,578,"Wake County, NC",37183.0,0.07576474298328603,0.07726498959712502,0.06657088122605365,,0.1284432064376354,0.05288275506255643,0.0695517774343122,0.07017543859649122,,
579,579,"Walworth County, WI",55127.0,0.05026737967914439,0.051833122629582805,,,,0.050997782705099776,,,,
580,580,"Warren County, KY",21227.0,0.08097165991902834,0.0838131797824696,,,0.07441860465116279,0.07766990291262135,,,,
581,581,"Warren County, NJ",34041.0,0.07383966244725738,0.06840796019900497,0.10852713178294573,,,0.07019704433497537,,,,
582,582,"Warren County, OH",39165.0,0.07373271889400922,0.07325530992631123,,,,0.06906758756783424,0.06521739130434782,,,
583,583,"Washington County, AR",5143.0,0.08486383787207093,0.08088548318433376,0.07869742198100407,,0.10179640718562874,0.08309337721102426,,,,0.06744868035190615
584,584,"Washington County, MD",24043.0,0.07893139040680024,0.07417397167902899,,,0.08333333333333333,0.06766325727773406,,,,
585,585,"Washington County, MN",27163.0,0.06733630952380952,0.06692913385826772,,,,0.06776470588235294,0.05194805194805195,,,
586,586,"Washington County, OR",41067.0,0.06666666666666667,0.06255144032921811,0.0784313725490196,,0.06666666666666667,0.05955387205387205,0.08582834331337326,0.043478260869565216,,
587,587,"Washington County, PA",42125.0,0.06743256743256744,0.06611993849308047,,,,0.06570155902004454,,,,
588,588,"Washington County, RI",44009.0,0.03580246913580247,0.035202086049543675,,,,0.037383177570093455,,,,
589,589,"Washington County, TN",47179.0,0.07460184409052809,0.07390917186108638,,,,0.07216494845360824,,,,
590,590,"Washington County, UT",49053.0,0.0741444866920152,0.06407995296884186,0.07602339181286549,,,0.06830031282586027,,,,
591,591,"Washington County, WI",55131.0,0.048818897637795275,0.04833333333333333,,,,0.04690117252931323,,,,
592,592,"Washoe County, NV",32031.0,0.07767736973658912,0.07619610159480213,0.07206703910614524,,0.09580838323353294,0.0741928097091825,0.0627177700348432,,,
593,593,"Washtenaw County, MI",26161.0,0.06816901408450704,0.06712823600240819,0.05714285714285714,,0.1079646017699115,0.049856967715570084,0.05093833780160858,0.08333333333333333,,
594,594,"Waukesha County, WI",55133.0,0.056395035078251485,0.05499276410998553,0.06837606837606838,,,0.05354472031109782,0.06060606060606061,,,
595,595,"Wayne County, MI",26163.0,0.11051021765149165,0.1133818321049105,0.06716417910447761,,0.15203488372093024,0.07379228160234669,0.0853932584269663,0.07988980716253444,,
596,596,"Wayne County, NC",37191.0,0.10676598386095593,0.11084905660377359,0.059190031152647975,,0.13358778625954199,0.06424870466321243,,,,
597,597,"Wayne County, OH",39169.0,0.047685834502103785,0.0482361411087113,,,,0.04433139534883721,,,,
598,598,"Webb County, TX",48479.0,0.07905566385098549,,0.07744624835454146,,,0.07852947574505112,,,,
599,599,"Weber County, UT",49057.0,0.0819534100477126,0.07964257964257965,0.07058823529411765,0.08292682926829269,,0.07479477044694435,,0.09615384615384616,,
600,600,"Weld County, CO",8123.0,0.08430431802604524,0.07898603967670831,0.09062693978895096,,,0.08431661750245821,0.08771929824561403,,,
601,601,"Westchester County, NY",36119.0,0.07449072666463971,0.07245222929936306,0.07538677918424753,,0.12165058949624866,0.06164965986394558,0.06415620641562064,,,
602,602,"Westmoreland County, PA",42129.0,0.07130787428185198,0.06818968501211492,,,,0.0662202380952381,,,,
603,603,"Whatcom County, WA",53073.0,0.055611729019211326,0.05849408836341008,0.03773584905660377,,,0.05068574836016696,,,,
604,604,"Whitfield County, GA",13313.0,0.07291666666666667,0.06572769953051644,0.04886561954624782,,,0.06179286335944299,,,,
605,605,"Wichita County, TX",48485.0,0.07990165949600492,0.06855184233076264,0.053738317757009345,,0.08936170212765958,0.05910543130990415,,,,
606,606,"Will County, IL",17197.0,0.08008327550312283,0.08236594803758983,0.0667433831990794,,0.13958333333333334,0.06541077969649398,0.08579088471849866,0.1134020618556701,,
607,607,"Williamson County, TN",47187.0,0.05725879170423805,0.052169673330082884,,,,0.04523934771173067,0.12,,,
608,608,"Williamson County, TX",48491.0,0.07065868263473053,0.0712913553895411,0.0696969696969697,,0.1324376199616123,0.0617708930961943,0.062326869806094184,,,
609,609,"Wilson County, TN",47189.0,0.07763401109057301,0.08077436582109479,,,,0.07381121362668559,,,,
610,610,"Windham County, CT",9015.0,0.07242063492063493,0.07814407814407814,,,,0.07268722466960352,,,,
611,611,"Winnebago County, IL",17201.0,0.08461762140157023,0.08847283406754772,0.06125356125356125,,0.14305364511691884,0.06306306306306306,,0.078125,,
612,612,"Winnebago County, WI",55139.0,0.0803004043905257,0.07473749227918468,,,,0.07912234042553191,,,,
613,613,"Wood County, OH",39173.0,0.07255520504731862,0.07161345987920621,,,,0.07010135135135136,,,,
614,614,"Woodbury County, IA",19193.0,0.06309362279511534,0.0670391061452514,,,0.07971014492753623,0.05736981465136805,,,,
615,615,"Worcester County, MA",25027.0,0.0766690257136117,0.07838762457236353,0.06388059701492538,,0.09684439608269858,0.07228204749963121,0.08812260536398467,0.045871559633027525,,
616,616,"Wright County, MN",27171.0,0.044802867383512544,0.04399008674101611,,,,0.043151969981238276,,,,
617,617,"Wyandotte County, KS",20209.0,0.09573241061130335,0.10494931425163984,0.07079646017699115,,0.10896309314586995,0.08271108558299828,,,,
618,618,"Yakima County, WA",53077.0,0.06954022988505747,0.06335616438356165,0.06124448799608035,0.05581395348837209,,0.06612410986775177,,,0.04291845493562232,
619,619,"Yavapai County, AZ",4025.0,0.07341490545050056,0.06988847583643122,0.05714285714285714,,,0.07382953181272509,,,,
620,620,"Yellowstone County, MT",30111.0,0.07903225806451612,0.07783018867924528,,,,0.0807061790668348,,,,
621,621,"Yolo County, CA",6113.0,0.0576171875,0.04688832054560955,0.0469361147327249,,,0.05124919923126201,0.040955631399317405,,,
622,622,"York County, ME",23031.0,0.07066741446999439,0.07105416423995341,,,,0.06235011990407674,,,,
623,623,"York County, PA",42133.0,0.0876527602191319,0.08410082404265633,0.10350584307178631,,0.12240663900414937,0.08031416265518115,,0.08743169398907104,,
624,624,"York County, SC",45091.0,0.09448554135843981,0.09565217391304348,0.05392156862745098,,0.15896739130434784,0.06294058408862034,,,,
625,625,"Yuma County, AZ",4027.0,0.060626702997275204,0.04498269896193772,0.061049011177987965,,,0.05971769815418024,,,,
