voting_population,state,county
41959.0,01,001
167986.0,01,003
19468.0,01,005
17583.0,01,007
42978.0,01,009
7808.0,01,011
15080.0,01,013
88122.0,01,015
10334.0,21,135
18513.0,21,137
7181.0,21,139
20477.0,21,141
6972.0,21,143
50678.0,21,145
13436.0,21,147
71800.0,21,151
14407.0,21,155
24815.0,21,157
13017.0,21,161
21857.0,21,163
16486.0,21,167
7683.0,21,169
21267.0,21,173
10749.0,21,175
34854.0,21,179
5493.0,21,181
48636.0,21,185
8427.0,21,187
11169.0,21,191
46383.0,21,195
9202.0,21,197
1613.0,21,201
13096.0,21,203
13574.0,21,207
40955.0,21,209
13726.0,21,213
14541.0,21,215
8818.0,21,219
6501.0,21,223
11781.0,21,225
9115.0,21,229
15884.0,21,231
26854.0,21,235
5512.0,21,237
83013.0,23,001
54236.0,23,003
24380.0,23,007
44632.0,23,009
32383.0,23,013
28298.0,23,015
122200.0,23,019
13839.0,23,021
40605.0,23,025
24895.0,23,029
164608.0,23,031
259613.0,27,003
25741.0,27,005
34636.0,27,007
29389.0,27,009
3869.0,27,011
51993.0,27,013
19371.0,27,015
27397.0,27,017
73748.0,27,019
23198.0,27,021
8661.0,27,023
42728.0,27,025
9749.0,47,121
145976.0,47,125
5118.0,47,127
23424.0,47,131
17349.0,47,133
4085.0,47,137
13538.0,47,139
24834.0,47,143
43079.0,47,145
232276.0,47,149
16766.0,47,151
11712.0,47,153
669521.0,47,157
15155.0,47,159
126121.0,47,163
139687.0,47,165
8853.0,47,169
14410.0,47,171
4646.0,47,175
29766.0,47,177
13694.0,47,181
26669.0,47,183
161249.0,47,187
104202.0,47,189
36917.0,49,003
83427.0,49,005
440.0,49,009
230826.0,49,011
6981.0,49,015
3705.0,49,017
7239.0,49,019
36926.0,49,021
7507.0,49,023
5944.0,49,025
8468.0,49,027
7661.0,49,029
1462.0,49,031
1529.0,49,033
755607.0,49,035
10568.0,49,037
21713.0,49,039
14961.0,49,041
29352.0,49,043
45615.0,49,045
23570.0,49,047
390252.0,49,049
21518.0,49,051
122422.0,49,053
1878.0,49,055
174590.0,49,057
28550.0,50,003
23978.0,50,005
5071.0,50,009
37972.0,50,011
19694.0,50,015
23406.0,50,017
47688.0,50,021
46918.0,50,023
44242.0,50,027
24044.0,51,001
7377.0,27,165
78716.0,29,037
64078.0,29,043
15593.0,29,049
18443.0,29,055
6130.0,29,061
10325.0,29,067
11621.0,29,073
7295.0,29,079
7877.0,29,085
30254.0,29,091
87289.0,29,097
41509.0,29,101
25107.0,29,107
42769.0,29,113
15568.0,29,119
6900.0,29,125
19193.0,29,131
6738.0,29,137
13199.0,29,143
8155.0,29,149
12048.0,29,155
6424.0,29,203
26396.0,29,209
19999.0,29,215
18971.0,29,221
1581.0,29,227
236032.0,29,510
136796.0,12,005
1299369.0,12,011
123455.0,12,017
54442.0,12,023
693803.0,12,031
9803.0,12,037
10971.0,12,043
18552.0,12,049
81061.0,12,055
124830.0,12,061
6548.0,12,067
229275.0,12,073
6697.0,12,077
283985.0,12,083
57077.0,12,087
30131.0,12,093
323.0,31,005
3979.0,31,011
2205.0,31,017
6051.0,31,023
10005.0,27,159
2708.0,31,029
4590.0,31,035
6353.0,31,039
7055.0,31,045
3984.0,31,051
1383.0,31,057
2099.0,31,063
1460.0,31,069
512.0,31,075
6954.0,31,081
20671.0,01,019
32448.0,01,021
10184.0,01,023
18685.0,01,025
10436.0,01,027
11444.0,01,029
38934.0,01,031
43014.0,01,033
9672.0,01,035
8879.0,01,037
10583.0,01,041
63621.0,01,043
28727.0,01,047
49880.0,01,049
28449.0,01,053
79102.0,01,055
21955.0,01,059
6441.0,01,063
11322.0,01,065
79826.0,01,069
40444.0,01,071
10730.0,01,075
73356.0,01,077
123723.0,01,081
7664.0,01,085
15205.0,01,087
14607.0,01,091
23370.0,01,093
311790.0,01,097
16390.0,01,099
88342.0,01,103
15448.0,01,107
25976.0,01,109
43300.0,01,113
68051.0,01,115
9927.0,01,119
31730.0,01,123
160422.0,01,125
12831.0,01,129
8002.0,01,131
1090922.0,06,001
887.0,06,003
170879.0,06,007
12658.0,06,011
773974.0,06,013
145562.0,06,017
603614.0,06,019
26117.0,01,017
106928.0,06,023
103406.0,06,025
529778.0,06,029
93221.0,06,031
24476.0,06,035
93350.0,06,039
185437.0,06,041
14065.0,06,043
62393.0,06,045
152160.0,06,047
6801.0,06,049
47165.0,27,027
6646.0,27,029
4365.0,27,031
8053.0,27,033
50579.0,27,035
305278.0,27,037
15016.0,27,039
29625.0,27,041
10500.0,27,043
15707.0,27,045
35300.0,27,049
4561.0,27,051
14524.0,27,055
16703.0,27,057
35632.0,27,061
12713.0,27,065
30745.0,27,067
9847.0,27,071
5260.0,27,073
2995.0,27,077
21283.0,27,079
18220.0,27,083
26976.0,27,085
7171.0,27,089
15399.0,27,091
19589.0,27,095
25085.0,27,097
6310.0,27,101
25810.0,27,103
4877.0,27,107
111233.0,27,109
10707.0,27,113
23408.0,27,115
23348.0,27,119
8769.0,27,121
3015.0,27,125
11337.0,27,127
48851.0,27,131
7002.0,27,133
159941.0,27,137
102927.0,27,139
10877.0,27,143
117942.0,27,145
7332.0,27,149
6991.0,27,151
2604.0,27,155
16767.0,27,157
13905.0,27,161
190319.0,27,163
4890.0,27,167
40644.0,27,169
97136.0,27,171
7391.0,27,173
19819.0,29,001
13478.0,29,003
4148.0,29,005
19340.0,29,007
26792.0,29,009
8889.0,29,011
12080.0,51,005
10107.0,51,007
12278.0,51,011
169450.0,51,013
3543.0,51,017
62426.0,51,019
26753.0,51,023
13496.0,51,025
13805.0,51,029
43264.0,51,031
24154.0,51,035
5819.0,51,036
9287.0,51,037
11422.0,51,043
4202.0,51,045
7920.0,51,049
11707.0,51,051
8881.0,51,057
745748.0,51,059
12512.0,51,063
21213.0,51,065
64612.0,51,069
13177.0,51,071
19079.0,51,075
12848.0,51,077
9562.0,51,081
26954.0,51,083
234661.0,51,087
40712.0,51,089
28736.0,51,093
59109.0,51,095
5682.0,51,097
19791.0,51,099
13042.0,51,101
8805.0,51,103
19149.0,51,105
253875.0,51,107
28639.0,51,109
9693.0,51,111
10359.0,51,113
7437.0,51,115
24466.0,51,117
8885.0,51,119
78166.0,51,121
11952.0,51,125
17389.0,51,127
9230.0,51,131
10322.0,51,133
12055.0,51,135
28063.0,51,137
18937.0,51,139
14471.0,51,141
23653.0,51,145
18738.0,51,147
29522.0,51,149
27906.0,51,155
5891.0,51,157
73205.0,51,161
2108.0,31,087
4826.0,31,093
4815.0,31,099
2858.0,31,105
26392.0,31,111
370.0,31,117
3495.0,31,123
5458.0,31,127
3187.0,31,175
7294.0,31,179
10387.0,31,185
39185.0,32,005
1312.0,32,011
4123.0,32,017
35643.0,32,023
331888.0,32,031
49323.0,33,001
26080.0,33,007
119240.0,33,013
34814.0,33,019
89006.0,22,005
27818.0,22,011
182804.0,22,017
5279.0,22,023
14620.0,22,029
5232.0,22,035
14961.0,22,041
25699.0,22,047
23303.0,22,053
36885.0,22,101
3392.0,22,107
17058.0,22,111
34956.0,22,117
8417.0,22,123
36622.0,36,003
59242.0,36,009
64915.0,36,015
47925.0,36,021
224741.0,36,027
30556.0,36,031
45207.0,36,037
48519.0,36,043
20178.0,36,049
566793.0,36,055
1186147.0,36,061
350237.0,36,067
32195.0,36,073
74088.0,36,079
337311.0,36,085
19186.0,37,007
36593.0,37,013
114311.0,37,019
148747.0,37,025
56337.0,37,031
54302.0,37,037
75168.0,37,045
243792.0,37,051
124797.0,37,057
236778.0,06,053
96214.0,06,055
79684.0,06,057
2094494.0,06,059
290875.0,06,061
15451.0,06,063
1590051.0,06,065
1055095.0,06,067
39680.0,06,069
1384076.0,06,071
2296505.0,06,073
652668.0,06,075
467710.0,06,077
220306.0,06,079
505583.0,06,081
1172801.0,06,085
194296.0,06,087
2434.0,06,091
313111.0,06,095
357036.0,06,097
62113.0,06,101
46451.0,06,103
261092.0,06,107
44405.0,06,109
148328.0,06,113
52381.0,06,115
15043.0,05,003
34194.0,05,005
28821.0,05,009
4180.0,05,013
20298.0,05,015
17764.0,05,019
11495.0,05,021
6236.0,05,025
18457.0,05,027
79166.0,05,031
34678.0,05,035
12355.0,05,037
8268.0,05,041
14199.0,05,043
13651.0,05,047
9719.0,05,049
13960.0,05,053
15186.0,05,057
26288.0,05,059
27880.0,05,063
11169.0,05,065
10185.0,06,051
52689.0,05,069
18481.0,05,071
12808.0,05,075
10843.0,05,079
9579.0,05,081
53749.0,05,085
12372.0,05,087
32732.0,05,091
5431.0,05,095
7110.0,05,097
12427.0,29,013
15867.0,29,015
9535.0,29,017
136471.0,29,019
66550.0,29,021
32303.0,29,023
6878.0,29,025
35200.0,29,027
37247.0,29,029
60603.0,29,031
6743.0,29,033
4604.0,29,035
10627.0,29,039
5735.0,29,041
5213.0,29,045
182699.0,29,047
58377.0,29,051
13616.0,29,053
5989.0,29,057
12706.0,29,059
9775.0,29,063
11953.0,29,065
21380.0,29,069
79098.0,29,071
4856.0,29,075
226722.0,29,077
6295.0,29,081
16814.0,29,083
3477.0,29,087
7845.0,29,089
8033.0,29,093
515332.0,29,095
171401.0,29,099
2984.0,29,103
26748.0,29,105
27774.0,29,109
7606.0,29,111
9143.0,29,115
11714.0,29,117
11538.0,29,121
9323.0,29,123
21699.0,29,127
2709.0,29,129
10409.0,29,133
11826.0,29,135
8798.0,29,139
15712.0,29,141
43334.0,29,145
18399.0,29,147
10484.0,29,151
7379.0,29,153
14536.0,29,157
30161.0,29,159
33794.0,29,161
14005.0,29,163
76420.0,29,165
24542.0,29,167
39694.0,29,169
3648.0,29,171
18355.0,51,163
21670.0,51,167
17659.0,51,169
24233.0,51,173
14306.0,51,175
104357.0,51,179
5210.0,51,181
33056.0,51,185
30260.0,51,187
14092.0,51,193
30453.0,51,195
50451.0,51,199
108334.0,51,510
5087.0,51,530
37130.0,51,540
12997.0,51,570
4373.0,51,580
30892.0,51,590
15649.0,51,600
10075.0,51,610
21581.0,51,630
4349.0,51,640
39689.0,51,660
16361.0,51,670
63349.0,51,680
24300.0,51,683
9238.0,51,690
132334.0,51,700
3335.0,51,720
23822.0,51,730
71632.0,51,740
15745.0,51,750
73216.0,51,770
19952.0,51,775
19508.0,51,790
68081.0,51,800
336443.0,51,810
16556.0,51,820
12722.0,51,830
19443.0,51,840
9200.0,53,001
17584.0,53,003
135218.0,53,005
52830.0,53,007
62078.0,53,009
347084.0,53,011
3183.0,53,013
81753.0,53,015
27044.0,53,017
6357.0,53,019
50228.0,53,021
1723.0,53,023
56827.0,53,025
56969.0,53,027
66907.0,53,029
1524945.0,53,033
207373.0,53,035
38016.0,53,037
60016.0,53,041
225405.0,37,063
50793.0,37,069
6608.0,37,075
387065.0,37,081
49942.0,37,087
3794.0,37,095
141405.0,37,101
42247.0,37,107
27891.0,37,113
742205.0,37,119
47506.0,37,167
10806.0,37,173
162002.0,37,179
15913.0,37,185
88457.0,37,191
28192.0,37,197
641497.0,34,003
74527.0,34,009
222747.0,34,015
250756.0,34,021
354823.0,34,027
48431.0,34,033
354386.0,34,039
267051.0,18,003
9242.0,18,009
15442.0,18,015
20049.0,18,021
22901.0,18,027
32564.0,18,033
138919.0,18,039
57806.0,18,085
84596.0,18,091
666616.0,18,097
27756.0,18,103
53894.0,18,109
4742.0,18,115
13086.0,18,121
129652.0,18,127
29503.0,18,133
12864.0,18,139
18389.0,18,143
17459.0,18,149
8071.0,18,155
5533.0,18,161
83388.0,18,167
46404.0,18,173
20879.0,18,179
173864.0,25,001
13554.0,25,007
353423.0,25,013
8407.0,25,019
38897.0,39,037
58663.0,39,043
935900.0,39,049
71542.0,39,055
606735.0,39,061
11900.0,39,067
32647.0,39,071
43758.0,39,077
6381.0,05,099
6209.0,05,101
18166.0,05,103
8025.0,05,105
13493.0,05,107
8095.0,05,109
17912.0,05,111
14863.0,05,113
47232.0,05,115
6448.0,05,117
289726.0,05,119
13459.0,05,121
19241.0,05,123
90708.0,05,125
7759.0,05,127
6321.0,05,129
91522.0,05,131
10089.0,05,133
13595.0,05,135
10089.0,05,137
29191.0,05,139
162559.0,05,143
58873.0,05,145
14797.0,05,149
653383.0,09,003
142847.0,09,005
636220.0,09,009
206088.0,09,011
90722.0,09,015
528025.0,11,001
3360.0,02,016
210915.0,02,020
585.0,02,060
4860.0,02,063
2121.0,02,068
3306.0,02,070
1666.0,02,100
1779.0,02,105
44994.0,02,122
10444.0,02,130
4893.0,02,158
77456.0,02,170
6355.0,02,180
4933.0,02,188
2494.0,02,195
6440.0,02,220
1089.0,02,230
1942.0,02,275
432.0,02,282
3791.0,02,290
11497.0,08,003
10985.0,08,007
2721.0,08,009
246488.0,08,013
51028.0,08,014
1355.0,08,017
5942.0,08,021
3018.0,08,023
8046.0,29,173
19299.0,29,175
17654.0,29,177
5096.0,29,179
10409.0,29,181
298868.0,29,183
7551.0,29,185
14009.0,29,186
52085.0,29,187
747107.0,29,189
16992.0,29,195
3373.0,29,197
3487.0,29,199
29123.0,29,201
4536.0,29,205
22813.0,29,207
4564.0,29,211
43183.0,29,213
15509.0,29,217
26707.0,29,219
10403.0,29,223
28336.0,29,225
13539.0,29,229
206733.0,12,001
21768.0,12,003
22018.0,12,007
469493.0,12,009
11213.0,12,013
157274.0,12,015
160563.0,12,019
267645.0,12,021
26405.0,12,027
13420.0,12,029
243973.0,12,033
90102.0,12,035
34457.0,12,039
13830.0,12,041
12475.0,12,045
11293.0,12,047
24224.0,12,051
151783.0,12,053
1015482.0,12,057
15414.0,12,059
37916.0,12,063
11622.0,12,065
274630.0,12,069
566234.0,12,071
32220.0,12,075
14713.0,12,079
297322.0,12,081
127588.0,12,085
1614920.0,12,086
67622.0,12,089
155104.0,12,091
939538.0,12,095
242760.0,12,097
1045967.0,12,099
410190.0,12,101
772549.0,12,103
8369.0,53,043
29408.0,53,047
17913.0,53,049
647820.0,53,053
14068.0,53,055
9476.0,53,059
569891.0,53,061
35167.0,53,065
215122.0,53,067
44993.0,53,071
170359.0,53,073
147259.0,53,077
13245.0,54,001
17194.0,54,005
11236.0,54,007
74175.0,54,011
5830.0,54,013
6675.0,54,015
34071.0,54,019
6594.0,54,021
27980.0,54,025
18870.0,54,027
10686.0,54,031
52872.0,54,033
43242.0,54,037
143553.0,54,039
15925.0,54,043
25867.0,54,045
44760.0,54,049
24829.0,54,051
46987.0,54,055
21622.0,54,057
85181.0,54,061
10600.0,54,063
19583.0,54,067
33564.0,54,069
5779.0,54,071
5987.0,54,073
6903.0,54,075
26958.0,54,077
43796.0,54,079
58479.0,54,081
23106.0,54,083
7718.0,54,085
10835.0,54,087
10596.0,54,089
13383.0,54,091
5860.0,54,093
6998.0,54,095
19424.0,54,097
31540.0,54,099
6631.0,54,101
12181.0,54,103
4559.0,54,105
66313.0,54,107
16548.0,54,109
12034.0,55,003
4168.0,08,027
24071.0,08,029
1599.0,08,033
244526.0,08,035
37877.0,08,037
20330.0,08,039
519865.0,08,041
39487.0,08,043
38721.0,08,045
4975.0,08,047
12499.0,08,049
13863.0,08,051
664.0,08,053
5645.0,08,055
1115.0,08,057
449115.0,08,059
1050.0,08,061
5111.0,08,063
5991.0,08,065
45092.0,08,067
272393.0,08,069
11364.0,08,071
4320.0,08,073
17618.0,08,075
116799.0,08,077
9241.0,08,081
20054.0,08,083
18850.0,08,087
4127.0,08,091
15425.0,08,093
14056.0,08,097
8301.0,08,099
4743.0,08,103
8179.0,08,105
5035.0,08,109
6253.0,08,113
1633.0,08,115
20441.0,08,119
3715.0,08,121
6503.0,08,125
410326.0,10,003
179234.0,10,005
8774.0,30,003
4676.0,30,005
8745.0,30,009
1052.0,30,011
4390.0,30,015
1338.0,30,019
6942.0,30,021
2147.0,30,025
8757.0,30,027
87643.0,30,031
814.0,30,033
672.0,30,037
11768.0,30,041
9450.0,30,043
22894.0,30,047
53576.0,30,049
16029.0,30,053
56070.0,12,107
193885.0,12,109
237070.0,12,111
137129.0,12,113
347720.0,12,115
345987.0,12,117
118146.0,12,119
33472.0,12,121
17214.0,12,123
12236.0,12,125
435968.0,12,127
25597.0,12,129
54946.0,12,131
19775.0,12,133
22986.0,31,001
4737.0,31,003
464.0,31,007
379.0,31,009
7765.0,31,013
1523.0,31,015
36790.0,31,019
5022.0,31,021
19620.0,31,025
6298.0,31,027
4442.0,31,031
7175.0,31,033
5132.0,31,037
8106.0,31,041
11954.0,31,043
14721.0,31,047
1421.0,31,049
26089.0,31,053
389248.0,31,055
4418.0,31,059
2404.0,31,061
3605.0,31,065
16546.0,31,067
1630.0,31,071
1601.0,31,073
1809.0,31,077
39467.0,31,079
2556.0,31,083
680.0,31,085
7523.0,31,089
594.0,31,091
5536.0,31,095
4057.0,31,097
6369.0,31,101
668.0,31,103
514264.0,12,105
6325.0,31,107
231986.0,31,109
626.0,31,113
560.0,31,115
24589.0,31,119
5938.0,31,121
2725.0,31,125
3307.0,31,129
11550.0,31,131
34968.0,55,005
192064.0,55,009
10323.0,55,011
37687.0,55,015
49653.0,55,017
44328.0,55,021
12839.0,55,023
69226.0,55,027
22774.0,55,029
35706.0,55,033
81778.0,55,035
78625.0,55,039
7180.0,55,041
28217.0,55,045
14462.0,55,047
4822.0,55,051
15822.0,55,053
21041.0,55,057
124305.0,55,059
93824.0,55,063
12333.0,55,065
22446.0,55,069
61639.0,55,071
32471.0,55,075
12321.0,55,077
676710.0,55,079
33983.0,55,081
30147.0,55,083
139975.0,55,087
68806.0,55,089
33128.0,55,093
34247.0,55,095
10938.0,55,099
145801.0,55,101
121036.0,55,105
11140.0,55,107
48229.0,55,111
13306.0,55,113
31869.0,55,115
86978.0,55,117
15402.0,55,119
21421.0,55,121
22544.0,55,123
18194.0,55,125
78929.0,55,127
12678.0,55,129
104557.0,55,131
307646.0,55,133
40017.0,55,135
19569.0,55,137
133411.0,55,139
56303.0,55,141
30822.0,56,001
8589.0,56,003
33484.0,56,005
11140.0,56,007
10169.0,56,009
5527.0,56,011
29588.0,56,013
1435.0,30,055
1430.0,30,059
3500.0,30,061
3717.0,30,065
379.0,30,069
3030.0,30,071
1362.0,30,075
5895.0,30,077
859.0,30,079
34955.0,30,081
8099.0,30,083
7305.0,30,085
6471.0,30,087
9650.0,30,089
2630.0,30,091
27469.0,30,093
7473.0,30,095
2899.0,30,097
4614.0,30,099
3867.0,30,101
543.0,30,103
5731.0,30,105
1689.0,30,107
769.0,30,109
121525.0,30,111
13276.0,13,001
5216.0,13,003
8056.0,13,005
2487.0,13,007
14019.0,13,011
57017.0,13,013
12298.0,13,017
113834.0,13,021
10230.0,13,023
11813.0,13,027
26343.0,13,029
16520.0,13,033
19117.0,13,035
39846.0,13,039
87102.0,13,045
51147.0,13,047
218674.0,13,051
8145.0,13,053
179493.0,13,057
97561.0,13,059
189559.0,13,063
523077.0,13,067
30945.0,13,069
110806.0,13,073
12536.0,13,075
9739.0,13,079
16916.0,13,081
20039.0,13,085
522342.0,13,089
16519.0,13,091
66379.0,13,095
102086.0,13,097
2875.0,13,101
14792.0,13,105
2053.0,31,133
2144.0,31,135
6723.0,31,137
5358.0,31,139
22734.0,31,141
3928.0,31,143
8112.0,31,145
6181.0,31,147
1120.0,31,149
9443.0,31,151
129211.0,31,153
16121.0,31,155
26271.0,31,157
13093.0,31,159
4018.0,31,161
2392.0,31,163
971.0,31,165
4357.0,31,167
3856.0,31,169
460.0,31,171
4567.0,31,173
15345.0,31,177
2723.0,31,181
593.0,31,183
18120.0,32,001
1486838.0,32,003
36366.0,32,007
816.0,32,009
11483.0,32,013
3790.0,32,015
41799.0,32,019
3745.0,32,021
5104.0,32,027
3278.0,32,029
7428.0,32,033
40354.0,32,510
40645.0,33,003
61618.0,33,005
73156.0,33,009
313559.0,33,011
243728.0,33,015
103136.0,33,017
45774.0,22,001
18681.0,22,003
17273.0,22,007
30806.0,22,009
10292.0,22,013
93452.0,22,015
149315.0,22,019
7660.0,22,021
7483.0,22,025
12951.0,22,027
20757.0,22,031
329245.0,22,033
15746.0,22,037
24117.0,22,039
17183.0,22,043
51304.0,22,045
12356.0,22,049
10458.0,56,015
6764.0,56,019
74963.0,56,021
14004.0,56,023
1868.0,56,027
22947.0,56,029
23656.0,56,033
7404.0,56,035
17153.0,56,039
14112.0,56,041
5498.0,56,045
14091.0,72,001
41560.0,72,005
20461.0,72,007
21778.0,72,011
68161.0,72,013
19210.0,72,017
21819.0,72,019
39190.0,72,023
102184.0,72,025
25326.0,72,027
119237.0,72,031
18758.0,72,033
9107.0,72,037
13000.0,72,039
30910.0,72,043
15196.0,72,045
1042.0,72,049
28421.0,72,051
9221.0,72,054
12728.0,72,055
32172.0,72,057
69657.0,72,061
37384.0,72,063
13061.0,72,067
41885.0,72,069
11173.0,72,073
35748.0,72,075
18483.0,72,079
20286.0,72,081
6484.0,72,083
29808.0,72,085
19909.0,72,087
14435.0,72,089
30641.0,72,091
4700.0,72,093
8565.0,72,095
59791.0,72,097
28443.0,72,099
24433.0,72,101
20341.0,72,103
22284.0,72,105
16163.0,72,107
13529.0,72,109
15416.0,72,111
108500.0,72,113
18752.0,72,115
16526.0,13,107
21355.0,13,111
82618.0,13,113
150514.0,13,117
753092.0,13,121
23940.0,13,123
64271.0,13,127
40410.0,13,129
13998.0,13,133
562371.0,13,135
128787.0,13,139
22419.0,13,143
27016.0,13,145
20415.0,13,147
8970.0,13,149
165400.0,13,151
112229.0,13,153
7335.0,13,155
51114.0,13,157
10563.0,13,159
10999.0,13,161
11630.0,13,163
6663.0,13,165
7856.0,13,167
21855.0,13,169
14792.0,13,171
8038.0,13,173
35347.0,13,175
21718.0,13,177
43056.0,13,179
6248.0,13,181
13465.0,13,183
26510.0,13,187
11867.0,13,191
10478.0,13,193
6398.0,13,197
16513.0,13,199
16728.0,13,205
7008.0,13,209
14349.0,13,211
143164.0,13,215
78277.0,13,217
11637.0,13,221
117500.0,13,223
25209.0,13,227
14144.0,13,231
29528.0,13,233
17125.0,13,237
1909.0,13,239
5040.0,13,243
64807.0,13,247
3996.0,13,249
6506.0,13,253
49676.0,13,255
3935.0,13,259
22097.0,13,261
1341.0,13,265
6353.0,13,269
11678.0,13,271
33306.0,13,275
309884.0,22,051
180213.0,22,055
73712.0,22,057
11209.0,22,059
36617.0,22,061
102354.0,22,063
8406.0,22,065
19070.0,22,067
29385.0,22,069
302981.0,22,071
114964.0,22,073
16960.0,22,075
16945.0,22,077
96527.0,22,079
6457.0,22,081
15533.0,22,083
18231.0,22,085
33133.0,22,087
39309.0,22,089
7918.0,22,091
16218.0,22,093
31813.0,22,095
60146.0,22,097
40144.0,22,099
191697.0,22,103
99089.0,22,105
81097.0,22,109
43900.0,22,113
36496.0,22,115
29858.0,22,119
20001.0,22,121
12633.0,22,125
11144.0,22,127
235813.0,36,001
856699.0,36,005
149025.0,36,007
61096.0,36,011
100188.0,36,013
37270.0,36,017
63999.0,36,019
38163.0,36,023
36486.0,36,025
707808.0,36,029
39948.0,36,033
42474.0,36,035
38778.0,36,039
3836.0,36,041
82810.0,36,045
1662118.0,36,047
50773.0,36,051
56539.0,36,053
37445.0,36,057
970972.0,36,059
165128.0,36,063
174242.0,36,065
86024.0,36,069
267427.0,36,071
91930.0,36,075
39536.0,72,119
17888.0,72,121
25109.0,72,125
251573.0,72,127
29699.0,72,129
16930.0,72,133
57608.0,72,135
51982.0,72,139
22677.0,72,141
41192.0,72,145
6869.0,72,147
17310.0,72,149
28187.0,72,153
44815.0,48,001
60407.0,48,005
18691.0,48,007
1469.0,48,011
34026.0,48,013
4416.0,48,017
18260.0,48,019
2699.0,48,023
25086.0,48,025
1339329.0,48,029
9311.0,48,031
13748.0,48,035
249524.0,48,039
161330.0,48,041
1021.0,48,045
4850.0,48,047
13443.0,48,051
35579.0,48,053
15028.0,48,057
10756.0,48,059
8590.0,48,063
4547.0,48,065
4533.0,48,069
28819.0,48,071
5399.0,48,075
8114.0,48,077
2582.0,48,081
6169.0,48,083
2043.0,48,087
15148.0,48,089
111551.0,48,091
9846.0,48,093
1884.0,48,095
28624.0,48,097
56190.0,48,099
11430.0,72,117
1158.0,48,101
2654.0,48,103
2435.0,48,105
4127.0,48,107
1479.0,48,109
4047.0,48,111
1534897.0,48,113
9095.0,48,115
10312.0,48,117
4039.0,48,119
47308.0,39,083
133357.0,39,089
324849.0,39,095
180840.0,39,099
17789.0,39,105
10964.0,39,111
27092.0,39,117
32930.0,39,123
45436.0,39,129
10266.0,13,281
5044.0,13,283
5865.0,13,287
19906.0,13,291
19999.0,13,293
68561.0,13,297
26872.0,13,299
15719.0,13,303
2004.0,13,307
6520.0,13,309
64764.0,13,313
6816.0,13,315
6733.0,13,319
145852.0,15,001
704867.0,15,003
434.0,15,005
51726.0,15,007
117638.0,15,009
347903.0,16,001
3482.0,16,003
62391.0,16,005
4415.0,16,007
7112.0,16,009
30700.0,16,011
15875.0,16,013
6279.0,16,015
35415.0,16,017
77944.0,16,019
9123.0,16,021
2040.0,16,023
809.0,16,025
150904.0,16,027
4795.0,16,029
14841.0,16,031
460.0,16,033
3415.0,16,037
9147.0,16,041
9146.0,16,043
9637.0,16,047
13255.0,16,049
13538.0,16,053
31499.0,16,057
6416.0,16,059
3139.0,16,063
27936.0,16,065
31681.0,16,069
7875.0,16,073
29028.0,13,277
16518.0,16,075
10055.0,16,079
8241.0,16,081
9191.0,16,085
7341.0,16,087
4650.0,17,003
37333.0,17,007
5364.0,17,009
3792.0,17,013
11604.0,17,015
154157.0,17,019
12026.0,17,023
49312.0,36,077
1399799.0,36,081
123990.0,36,083
207937.0,36,087
84822.0,36,089
178680.0,36,091
116694.0,36,093
25384.0,36,095
14329.0,36,097
27104.0,36,099
73616.0,36,101
1082958.0,36,103
56319.0,36,105
38056.0,36,107
80103.0,36,109
141556.0,36,111
51693.0,36,113
49179.0,36,115
70171.0,36,117
660280.0,36,119
31906.0,36,121
19186.0,36,123
120666.0,37,001
29040.0,37,003
8882.0,37,005
21698.0,37,009
14616.0,37,011
15739.0,37,015
25452.0,37,017
203308.0,37,021
71058.0,37,023
63902.0,37,027
8148.0,37,029
18194.0,37,033
117444.0,37,035
23401.0,37,039
11016.0,37,041
9054.0,37,043
42899.0,37,047
78073.0,37,049
20890.0,37,053
28824.0,37,055
32248.0,37,059
39533.0,37,061
39456.0,37,065
273180.0,37,067
166032.0,37,071
9121.0,37,073
46099.0,37,077
15462.0,37,079
39349.0,37,083
95017.0,37,085
90033.0,37,089
18741.0,37,091
37617.0,37,093
130903.0,37,097
35065.0,37,099
584053.0,48,121
15131.0,48,123
1601.0,48,125
6877.0,48,127
2588.0,48,129
8041.0,48,131
99647.0,48,135
1494.0,48,137
515202.0,48,141
31043.0,48,143
26646.0,48,147
19174.0,48,149
3910.0,48,153
974.0,48,155
7700.0,48,159
14568.0,48,161
10958.0,48,165
3476.0,48,169
19965.0,48,171
5783.0,48,175
13555.0,48,177
96983.0,48,181
84999.0,48,183
117132.0,48,187
22179.0,48,189
6496.0,48,193
3085.0,48,195
42592.0,48,199
2760045.0,48,201
4086.0,48,205
4206.0,48,207
2348.0,48,211
61704.0,48,213
26316.0,48,217
15686.0,48,219
26127.0,48,223
18022.0,48,225
2238.0,48,229
69360.0,48,231
1163.0,48,235
6706.0,48,237
26412.0,48,241
1915.0,48,243
3312.0,48,247
28610.0,48,249
15902.0,48,253
10998.0,48,255
87954.0,48,257
33312.0,48,259
237.0,48,261
496.0,48,263
40048.0,48,265
3476.0,48,267
208.0,48,269
3020.0,48,271
22152.0,48,273
2531.0,48,275
36764.0,48,277
8596.0,48,279
16206.0,48,281
5473.0,48,283
129126.0,39,133
94024.0,39,139
58794.0,39,145
288801.0,39,151
70133.0,39,157
10106.0,39,163
4461.0,40,033
20706.0,40,039
2991.0,40,045
41567.0,40,051
1939.0,40,057
9937.0,40,063
8306.0,40,069
6636.0,40,075
26401.0,40,081
29077.0,40,087
5455.0,40,093
10457.0,40,099
7855.0,40,105
542158.0,40,109
23019.0,40,115
33494.0,40,121
8579.0,40,127
18182.0,40,133
10615.0,40,139
59236.0,40,145
6905.0,40,151
71577.0,41,003
6813.0,41,049
62605.0,41,053
52848.0,41,059
18735.0,41,065
77639.0,41,071
66768.0,44,005
79853.0,42,001
132008.0,42,007
96993.0,42,013
148395.0,42,019
51159.0,42,025
31221.0,42,031
53342.0,42,037
205351.0,42,043
209151.0,42,049
117578.0,42,055
36519.0,42,061
18822.0,42,067
68593.0,42,073
244740.0,42,079
35667.0,42,087
284485.0,42,129
129538.0,45,003
11160.0,45,009
163863.0,45,015
43035.0,45,021
26934.0,45,027
117658.0,45,035
103656.0,45,041
53022.0,45,047
10189.0,17,025
41366.0,17,029
3550976.0,17,031
8300.0,17,035
78165.0,17,037
14400.0,17,041
13816.0,17,045
4948.0,17,047
16857.0,17,051
10100.0,17,053
27641.0,17,057
3931.0,17,059
37202.0,17,063
14051.0,17,067
3329.0,17,069
37761.0,17,073
20990.0,17,075
7302.0,17,079
29178.0,17,081
17247.0,17,083
17128.0,17,085
10006.0,17,087
350189.0,17,089
82045.0,17,091
85593.0,17,093
39015.0,17,095
472688.0,17,097
83677.0,17,099
12687.0,17,101
27034.0,17,103
27701.0,17,105
23048.0,17,107
24576.0,17,109
223280.0,17,111
128983.0,17,113
80378.0,17,115
35468.0,17,117
204495.0,17,119
9109.0,17,123
10678.0,17,125
9473.0,17,129
12072.0,17,131
22729.0,17,135
27191.0,17,137
38349.0,17,141
16898.0,17,145
12629.0,17,147
3545.0,17,151
4236.0,17,153
25502.0,17,157
11943.0,17,159
196265.0,17,163
149728.0,17,167
5642.0,17,169
16901.0,17,173
4183.0,17,175
101374.0,17,179
13092.0,17,181
8757.0,17,185
7576.0,37,103
42747.0,37,105
64701.0,37,109
35084.0,37,111
17508.0,37,115
17571.0,37,117
11795.0,37,121
19606.0,37,123
75756.0,37,125
71032.0,37,127
183919.0,37,129
16033.0,37,131
148023.0,37,133
109277.0,37,135
10559.0,37,137
30510.0,37,139
46770.0,37,141
10863.0,37,143
30537.0,37,145
136391.0,37,147
16889.0,37,149
104918.0,37,151
33866.0,37,153
94981.0,37,155
70691.0,37,157
104783.0,37,159
52209.0,37,161
43425.0,37,163
26467.0,37,165
36448.0,37,169
54116.0,37,171
28159.0,37,175
3328.0,37,177
32633.0,37,181
760143.0,37,183
9248.0,37,187
47289.0,37,189
52883.0,37,193
59860.0,37,195
14278.0,37,199
191213.0,34,001
339097.0,34,005
370429.0,34,007
105437.0,34,011
519018.0,34,013
399639.0,34,017
96217.0,34,019
545287.0,34,023
461782.0,34,025
442257.0,34,029
318405.0,34,031
228462.0,34,035
110292.0,34,037
81678.0,34,041
24174.0,18,001
57040.0,18,005
6426.0,18,007
12296.0,48,287
12696.0,48,289
57929.0,48,291
16448.0,48,293
2033.0,48,295
9107.0,48,297
17728.0,48,299
223321.0,48,303
5883.0,48,307
177447.0,48,309
9950.0,48,313
7999.0,48,315
2999.0,48,319
25264.0,48,321
37831.0,48,325
1624.0,48,327
18037.0,48,331
3799.0,48,333
14720.0,48,337
390485.0,48,339
9207.0,48,343
1075.0,48,345
32473.0,48,349
10992.0,48,351
254999.0,48,355
5282.0,48,357
61487.0,48,361
21072.0,48,363
100480.0,48,367
5458.0,48,369
38121.0,48,373
74396.0,48,375
9419.0,48,379
99798.0,48,381
2581.0,48,385
9633.0,48,387
5359.0,48,391
600.0,48,393
70153.0,48,397
7606.0,48,399
8515.0,48,403
6378.0,48,405
47102.0,48,409
4474.0,48,411
12286.0,48,415
2461.0,48,417
1985.0,48,421
162368.0,48,423
14712.0,48,285
6790.0,48,425
31224.0,48,427
7047.0,48,429
756.0,48,431
1020.0,48,433
2446.0,48,435
4949.0,48,437
1354456.0,48,439
98752.0,48,441
783.0,48,443
8060.0,48,445
1195.0,48,447
21588.0,45,053
13740.0,45,061
23516.0,45,067
61500.0,45,073
314266.0,45,079
79938.0,45,085
1909.0,46,003
5559.0,46,009
3883.0,46,015
2373.0,46,061
5431.0,46,067
1548.0,46,073
20777.0,46,081
3958.0,46,087
21528.0,46,093
135609.0,46,099
85306.0,46,103
1785.0,46,111
1033.0,46,119
6217.0,46,125
17633.0,46,135
34696.0,47,003
103017.0,47,009
11164.0,47,015
30990.0,47,021
6002.0,47,027
10477.0,47,033
9195.0,47,039
9541.0,47,087
355895.0,47,093
32591.0,47,099
40815.0,47,105
17688.0,47,111
25309.0,47,117
36100.0,47,123
17327.0,47,129
6120.0,47,135
60345.0,47,141
52273.0,47,147
74524.0,47,155
10540.0,47,161
46200.0,47,167
15347.0,47,173
101252.0,47,179
21025.0,47,185
4183.0,49,001
14764.0,49,007
12868.0,49,013
29790.0,50,001
128731.0,50,007
5803.0,50,013
21175.0,50,019
34373.0,50,025
81482.0,51,003
25385.0,51,009
60409.0,51,015
5300.0,51,021
17625.0,51,027
12813.0,17,187
12552.0,17,191
42388.0,17,195
484749.0,17,197
205157.0,17,201
29005.0,17,203
2877.0,19,003
10271.0,19,005
4366.0,19,009
98620.0,19,013
20527.0,19,015
15433.0,19,019
11167.0,19,023
7538.0,19,025
10004.0,19,029
14249.0,19,031
8829.0,19,035
9037.0,19,037
12358.0,19,041
35797.0,19,045
10967.0,19,047
6331.0,19,051
6065.0,19,053
29887.0,19,057
13757.0,19,059
73720.0,19,061
7102.0,19,063
15242.0,19,065
12110.0,19,067
7388.0,19,069
5374.0,19,071
6854.0,19,073
9391.0,19,075
8174.0,19,077
11236.0,19,079
8264.0,19,081
13086.0,19,083
10833.0,19,085
15250.0,19,087
6812.0,19,089
7112.0,19,091
5138.0,19,093
12378.0,19,095
15003.0,19,097
12978.0,19,101
110137.0,19,103
7768.0,19,107
26428.0,19,111
167970.0,19,113
6432.0,19,117
8305.0,19,119
16900.0,19,123
26768.0,19,127
11408.0,19,129
6865.0,19,133
5946.0,19,135
30610.0,19,139
4436.0,19,143
12075.0,19,145
18329.0,19,149
5134.0,19,151
47767.0,18,011
12360.0,18,013
27130.0,18,017
88484.0,18,019
21982.0,18,023
8222.0,18,025
38242.0,18,029
19893.0,18,031
92140.0,18,035
31015.0,18,037
17873.0,18,041
59568.0,18,043
12696.0,18,045
17275.0,18,047
14895.0,18,049
25328.0,18,051
51791.0,18,053
25034.0,18,055
229710.0,18,057
58008.0,18,059
30923.0,18,061
122081.0,18,063
38088.0,18,065
63055.0,18,067
28229.0,18,069
31889.0,18,071
25288.0,18,073
15384.0,18,075
25350.0,18,077
21042.0,18,079
114383.0,18,081
28628.0,18,083
26232.0,18,087
358503.0,18,089
35305.0,18,093
99990.0,18,095
33104.0,18,099
7905.0,18,101
116141.0,18,105
28987.0,18,107
10662.0,18,111
34233.0,18,113
15031.0,18,117
16394.0,18,119
15007.0,18,123
9636.0,18,125
19780.0,18,129
9622.0,18,131
18665.0,18,135
21497.0,18,137
197744.0,18,141
33687.0,18,145
15811.0,18,147
27207.0,18,151
16593.0,18,153
137481.0,18,157
11842.0,18,159
139380.0,18,163
11988.0,18,165
24534.0,18,169
18664.0,48,449
86797.0,48,451
858617.0,48,453
11319.0,48,455
16949.0,48,457
30725.0,48,459
2375.0,48,461
18027.0,48,463
42023.0,48,467
65235.0,48,469
36670.0,48,473
7973.0,48,475
138569.0,48,479
28341.0,48,481
98010.0,48,485
9484.0,48,487
387736.0,48,491
36991.0,48,493
47572.0,48,497
35117.0,48,499
12891.0,48,503
7219.0,48,505
28887.0,01,039
37289.0,01,045
62406.0,01,051
12899.0,01,057
20404.0,01,061
13522.0,01,067
493614.0,01,073
25618.0,01,079
73537.0,01,083
278648.0,01,089
67130.0,01,095
167459.0,01,101
7109.0,01,105
17755.0,01,111
160212.0,01,117
62268.0,01,121
49138.0,01,127
18603.0,01,133
32155.0,06,005
37373.0,06,009
20511.0,06,015
17463.0,06,021
13581.0,06,027
48082.0,06,033
6367652.0,06,037
283927.0,06,083
136021.0,06,089
22963.0,51,033
252117.0,51,041
37119.0,51,047
22191.0,51,053
51389.0,51,061
45009.0,51,067
29794.0,51,073
14700.0,51,079
81451.0,51,085
1893.0,51,091
48804.0,51,143
292178.0,51,153
7206.0,51,159
61151.0,51,165
33067.0,51,171
97840.0,51,177
9388.0,51,183
43899.0,51,191
22782.0,51,197
13465.0,51,520
178674.0,51,550
3669.0,51,595
5918.0,51,620
104532.0,51,650
6459.0,51,678
10160.0,51,685
188597.0,51,710
9351.0,51,735
179394.0,51,760
27384.0,53,031
16553.0,53,039
50257.0,53,045
10854.0,53,051
93168.0,53,057
389102.0,53,063
3461.0,53,069
38686.0,53,075
88275.0,54,003
18101.0,54,009
7081.0,54,017
9431.0,54,023
23501.0,54,029
22482.0,54,035
12577.0,54,041
14234.0,54,047
21061.0,54,053
18488.0,54,059
14559.0,54,065
17018.0,55,001
12415.0,55,007
12603.0,55,013
23826.0,55,019
407158.0,55,025
34450.0,55,031
3646.0,55,037
40413.0,55,043
18124.0,55,049
65433.0,55,055
69651.0,19,155
3690.0,19,159
7457.0,19,161
8862.0,19,165
24177.0,19,167
12467.0,19,171
9443.0,19,175
5439.0,19,177
38096.0,19,181
16123.0,19,183
27986.0,19,187
16123.0,19,191
71632.0,19,193
9299.0,19,197
58067.0,24,001
609934.0,24,005
24228.0,24,011
128996.0,24,013
119289.0,24,017
24552.0,24,019
23639.0,24,023
194010.0,24,025
15793.0,24,029
601144.0,24,033
38489.0,24,035
20897.0,24,039
29026.0,24,041
114506.0,24,043
76125.0,24,045
41616.0,24,047
453527.0,24,510
9009.0,26,001
7643.0,26,003
86658.0,26,005
22907.0,26,007
18901.0,26,009
12242.0,26,011
6827.0,26,013
47008.0,26,015
82071.0,26,017
14406.0,26,019
116362.0,26,021
32248.0,26,023
100635.0,26,025
40498.0,26,027
21067.0,26,029
29993.0,26,033
24473.0,26,035
11283.0,26,039
28656.0,26,041
84928.0,26,045
311344.0,26,049
20437.0,26,051
73093.0,26,055
32463.0,26,057
27502.0,26,061
24982.0,26,063
49598.0,26,067
9230.0,26,071
6446.0,18,171
21495.0,18,175
50636.0,18,177
17809.0,18,181
25959.0,18,183
102230.0,25,003
424240.0,25,005
568111.0,25,009
57012.0,25,011
131002.0,25,015
1133114.0,25,017
510081.0,25,021
389872.0,25,023
554974.0,25,025
611102.0,25,027
20973.0,39,001
78255.0,39,003
41070.0,39,005
75420.0,39,007
54586.0,39,009
34498.0,39,011
54533.0,39,013
33495.0,39,015
280561.0,39,017
21594.0,39,019
30073.0,39,021
103075.0,39,023
156527.0,39,025
31896.0,39,027
81274.0,39,029
27900.0,39,031
32210.0,39,033
952412.0,39,035
28929.0,39,039
143867.0,39,041
116554.0,39,045
21516.0,39,047
31994.0,39,051
22962.0,39,053
130287.0,39,057
30267.0,39,059
57278.0,39,063
23879.0,39,065
20587.0,39,069
22084.0,39,073
30215.0,39,075
24710.0,39,079
53087.0,39,081
179046.0,39,085
46517.0,39,087
34566.0,39,091
237796.0,39,093
34771.0,39,097
51087.0,39,101
137679.0,39,103
30049.0,39,107
80673.0,39,109
402746.0,39,113
11515.0,39,115
66243.0,39,119
33876.0,06,093
343780.0,06,099
10260.0,06,105
569916.0,06,111
13589.0,05,001
181512.0,05,007
7672.0,05,011
7926.0,05,017
20088.0,05,023
15892.0,05,029
46407.0,05,033
5586.0,05,039
92892.0,05,045
76598.0,05,051
33955.0,05,055
9128.0,05,061
13485.0,05,067
5358.0,05,073
7225.0,05,077
16803.0,05,083
13493.0,05,089
30048.0,05,093
13186.0,05,141
5082.0,05,147
637521.0,09,001
129305.0,09,007
119729.0,09,013
2251.0,02,013
11592.0,02,050
2063.0,02,066
72785.0,02,090
24398.0,02,110
8490.0,02,150
827.0,02,164
6592.0,02,185
4799.0,02,198
4901.0,02,240
330701.0,08,001
449877.0,08,005
4681.0,08,011
16596.0,08,015
7888.0,08,019
4777.0,08,025
524297.0,08,031
724.0,08,079
31898.0,08,085
13518.0,08,089
2698.0,08,095
127086.0,08,101
20319.0,08,107
500.0,08,111
23849.0,08,117
216719.0,08,123
133599.0,10,001
7784.0,30,001
4854.0,30,007
62729.0,30,013
9076.0,30,017
15784.0,55,061
15274.0,55,067
102563.0,55,073
3071.0,55,078
29188.0,55,085
5696.0,55,091
55897.0,55,097
13416.0,55,103
66663.0,55,109
3666.0,56,017
59995.0,56,025
6903.0,56,031
30673.0,56,037
5974.0,56,043
30599.0,72,003
18235.0,72,009
13823.0,72,015
139844.0,72,021
34770.0,72,029
34999.0,72,035
31230.0,72,041
26170.0,72,047
24130.0,72,053
14448.0,72,059
32423.0,72,065
33224.0,72,071
30444.0,72,077
21718.0,72,123
29443.0,72,131
60621.0,72,137
28758.0,72,143
26747.0,72,151
11121.0,48,003
6642.0,48,009
21085.0,48,015
58355.0,48,021
244287.0,48,027
440.0,48,033
69491.0,48,037
6938.0,48,043
28665.0,48,049
29050.0,48,055
236106.0,48,061
22770.0,48,067
35022.0,48,073
1832.0,48,079
645109.0,48,085
13979.0,48,133
124070.0,48,139
12969.0,48,145
2970.0,48,151
485821.0,48,157
12926.0,48,163
239305.0,48,167
889.0,48,173
15162.0,48,179
21060.0,48,185
2133.0,48,191
2957.0,48,197
57022.0,26,073
199581.0,26,077
13989.0,26,079
1774.0,26,083
9830.0,26,085
17915.0,26,089
148523.0,26,093
5187.0,26,095
658240.0,26,099
20109.0,26,101
22883.0,26,105
35159.0,26,107
64345.0,26,111
116659.0,26,115
48980.0,26,117
132147.0,26,121
37205.0,26,123
19375.0,26,127
16935.0,26,129
18009.0,26,133
6673.0,26,135
214210.0,26,139
20180.0,26,143
148288.0,26,145
44397.0,26,149
32057.0,26,151
53487.0,26,155
41738.0,26,157
277824.0,26,161
1276635.0,26,163
25539.0,26,165
22555.0,28,001
28306.0,28,003
9767.0,28,005
13625.0,28,007
6214.0,28,009
23160.0,28,011
10690.0,28,013
8087.0,28,015
12600.0,28,017
6420.0,28,019
7019.0,28,021
12125.0,28,023
14984.0,28,025
16501.0,28,027
21613.0,28,029
14135.0,28,031
131954.0,28,033
56542.0,28,035
5903.0,28,037
10820.0,28,041
15794.0,28,043
153469.0,28,047
176420.0,28,049
5972.0,28,053
1057.0,28,055
107970.0,28,059
12735.0,28,061
11668.0,39,121
14228.0,39,125
27544.0,39,127
21297.0,39,131
31655.0,39,135
25056.0,39,137
60095.0,39,141
45052.0,39,143
42561.0,39,147
36210.0,39,149
415337.0,39,153
157749.0,39,155
42636.0,39,159
21508.0,39,161
168394.0,39,165
47856.0,39,167
86524.0,39,169
28100.0,39,171
102080.0,39,173
16893.0,39,175
15981.0,40,001
4545.0,40,003
10643.0,40,005
3494.0,40,007
15972.0,40,009
6724.0,40,011
35398.0,40,013
20491.0,40,015
104248.0,40,017
35275.0,40,019
37026.0,40,021
11030.0,40,023
1487.0,40,025
213000.0,40,027
4184.0,40,029
89646.0,40,031
11019.0,40,035
53711.0,40,037
33619.0,40,041
3497.0,40,043
42769.0,40,047
20261.0,40,049
3298.0,40,053
4469.0,40,055
2457.0,40,059
9525.0,40,061
17865.0,40,065
4519.0,40,067
32457.0,40,071
10636.0,40,073
7947.0,40,077
36675.0,40,079
35800.0,40,083
7303.0,40,085
23927.0,40,089
15662.0,40,091
11988.0,40,095
31224.0,40,097
50773.0,40,101
8564.0,40,103
7790.0,30,023
78940.0,30,029
9299.0,30,035
2730.0,30,039
1541.0,30,045
1904.0,30,051
7017.0,30,057
95248.0,30,063
13490.0,30,067
4432.0,30,073
36070.0,13,009
77890.0,13,015
14318.0,13,019
14216.0,13,025
60400.0,13,031
4988.0,13,037
7588.0,13,043
9771.0,13,049
18604.0,13,055
2335.0,13,061
4885.0,13,065
30552.0,13,071
105490.0,13,077
12943.0,13,083
19566.0,13,087
10818.0,13,093
7620.0,13,099
44757.0,13,103
7448.0,13,109
70629.0,13,115
17590.0,13,119
2323.0,13,125
17378.0,13,131
32887.0,13,137
7431.0,13,141
86455.0,13,185
15817.0,13,189
22319.0,13,195
4386.0,13,201
21409.0,13,207
27998.0,13,213
27795.0,13,219
20947.0,13,225
14208.0,13,229
9141.0,13,235
13395.0,13,241
152902.0,13,245
11008.0,13,251
19955.0,13,257
5194.0,13,263
18988.0,13,267
6414.0,13,273
18838.0,13,279
51450.0,13,285
6520.0,13,289
53932.0,13,295
4138.0,13,301
22171.0,13,305
24257.0,13,311
7513.0,13,317
47899.0,48,203
160428.0,48,209
431229.0,48,215
46583.0,48,221
24923.0,48,227
15213.0,48,233
10294.0,48,239
173828.0,48,245
123282.0,48,251
91.0,48,301
4174.0,48,305
475.0,48,311
3656.0,48,317
30639.0,48,323
108595.0,48,329
6469.0,48,335
10455.0,48,341
46605.0,48,347
10460.0,48,353
1318.0,48,359
17237.0,48,365
10653.0,48,371
3025.0,48,377
2257.0,48,383
10116.0,48,389
12568.0,48,395
39240.0,48,401
21410.0,48,407
1980.0,48,413
17107.0,48,419
29358.0,48,465
57421.0,48,471
26248.0,48,477
3569.0,48,483
14862.0,48,489
4866.0,48,495
4655.0,48,501
8088.0,48,507
8947.0,28,065
49798.0,28,067
42820.0,28,071
57069.0,28,075
9468.0,28,077
62662.0,28,081
20625.0,28,083
44351.0,28,087
77026.0,28,089
27617.0,28,093
27469.0,28,095
20893.0,28,099
7884.0,28,103
39354.0,28,105
42759.0,28,109
9223.0,28,111
22654.0,28,115
19105.0,28,117
116659.0,28,121
19590.0,28,123
20430.0,28,127
14268.0,28,131
20038.0,28,133
21646.0,28,137
16465.0,28,139
6918.0,28,143
20856.0,28,145
34696.0,28,149
33332.0,28,151
7419.0,28,155
6875.0,28,157
9521.0,28,161
20831.0,28,163
3004.0,35,003
43859.0,35,005
19921.0,35,006
9711.0,35,007
33384.0,35,009
1142.0,35,011
145208.0,35,013
40322.0,35,015
21509.0,35,017
3535.0,35,019
347.0,35,021
3168.0,35,023
41298.0,35,025
15397.0,35,027
14063.0,35,028
15387.0,35,029
50444.0,35,031
3888.0,35,033
47689.0,35,035
6297.0,35,037
29045.0,35,039
108630.0,35,043
90365.0,35,045
112699.0,35,049
12274.0,35,053
9151.0,40,107
29226.0,40,111
36687.0,40,113
12506.0,40,117
62304.0,40,119
28803.0,40,123
54798.0,40,125
2690.0,40,129
69279.0,40,131
31387.0,40,135
32708.0,40,137
5266.0,40,141
452760.0,40,143
38328.0,40,147
8179.0,40,149
14644.0,40,153
12751.0,41,001
312246.0,41,005
31258.0,41,007
40765.0,41,009
51367.0,41,011
18871.0,41,013
19342.0,41,015
149466.0,41,017
87778.0,41,019
1552.0,41,021
5870.0,41,023
5764.0,41,025
14884.0,41,027
168063.0,41,029
17618.0,41,031
68589.0,41,033
51051.0,41,035
6242.0,41,037
297694.0,41,039
39728.0,41,041
95508.0,41,043
20913.0,41,045
233063.0,41,047
609589.0,41,051
1345.0,41,055
20955.0,41,057
20212.0,41,061
5709.0,41,063
408490.0,41,067
1130.0,41,069
38419.0,44,001
129810.0,44,003
456808.0,44,007
103217.0,44,009
956112.0,42,003
52672.0,42,005
38594.0,42,009
311969.0,42,011
46882.0,42,015
481698.0,42,017
105847.0,42,021
3778.0,42,023
129351.0,42,027
15692.0,13,321
7063.0,16,035
18950.0,16,039
13156.0,16,045
18734.0,16,051
123298.0,16,055
2962.0,16,061
12906.0,16,067
3032.0,16,071
4650.0,16,077
58142.0,16,083
50582.0,17,001
13247.0,17,005
25244.0,17,011
8348.0,17,017
25947.0,17,021
29280.0,17,027
15087.0,17,033
12207.0,17,039
649263.0,17,043
25727.0,17,049
29974.0,17,055
10243.0,17,061
6351.0,17,065
5484.0,17,071
44848.0,17,077
28725.0,17,121
10846.0,17,127
26693.0,17,133
10816.0,17,139
133454.0,17,143
12040.0,17,149
4568.0,17,155
105229.0,17,161
18551.0,17,165
3885.0,17,171
34751.0,17,177
57905.0,17,183
10964.0,17,189
10749.0,17,193
51762.0,17,199
5471.0,19,001
9642.0,19,007
19498.0,19,011
19237.0,19,017
12165.0,19,021
15225.0,19,027
33490.0,19,033
6691.0,19,039
13601.0,19,043
62092.0,19,049
13010.0,19,055
28357.0,19,099
16077.0,19,105
11478.0,19,109
7977.0,19,115
12153.0,19,121
25224.0,19,125
8044.0,19,131
7692.0,19,137
26258.0,35,055
3193.0,35,059
55623.0,35,061
8381.0,38,003
4508.0,38,005
4957.0,38,009
2314.0,38,011
72007.0,38,015
131948.0,38,017
3629.0,38,021
3237.0,38,025
1757.0,38,027
2512.0,38,031
1434.0,38,033
1785.0,38,037
1845.0,38,039
1897.0,38,043
3240.0,38,045
4416.0,38,049
2066.0,38,051
7368.0,38,055
6419.0,38,057
7327.0,38,061
1466.0,38,065
5310.0,38,067
8690.0,38,071
3986.0,38,073
12646.0,38,077
9502.0,38,079
1082.0,38,083
2824.0,38,085
22363.0,38,089
1408.0,38,091
1651.0,38,095
6121.0,38,097
50926.0,38,101
24296.0,38,105
52078.0,04,001
94423.0,04,003
110158.0,04,005
42329.0,04,007
27526.0,04,009
6718.0,04,011
16271.0,04,012
3016512.0,04,013
168599.0,04,015
79742.0,04,017
761999.0,04,019
325909.0,04,021
28303.0,04,023
188824.0,04,025
130535.0,04,027
9506.0,20,001
5816.0,20,003
12348.0,20,005
3334.0,20,007
19071.0,20,009
10755.0,20,011
379376.0,42,029
63159.0,42,033
30613.0,42,035
67023.0,42,039
193774.0,42,041
418456.0,42,045
24244.0,42,047
104206.0,42,051
6749.0,42,053
11570.0,42,057
29280.0,42,059
68218.0,42,063
34213.0,42,065
161960.0,42,069
405060.0,42,071
106457.0,42,075
266896.0,42,077
89727.0,42,081
32575.0,42,083
88667.0,42,085
130797.0,42,089
614644.0,42,091
14116.0,42,093
234634.0,42,095
72866.0,42,097
35998.0,42,099
1140501.0,42,101
44845.0,42,103
13208.0,42,105
112746.0,42,107
31863.0,42,109
60220.0,42,111
5315.0,42,113
32697.0,42,115
32456.0,42,117
36213.0,42,119
41326.0,42,121
31617.0,42,123
164857.0,42,125
42192.0,42,127
21621.0,42,131
341222.0,42,133
19445.0,45,001
6980.0,45,005
151561.0,45,007
15934.0,45,011
146679.0,45,013
11667.0,45,017
315638.0,45,019
24900.0,45,023
34908.0,45,025
28693.0,45,029
51432.0,45,031
22667.0,45,033
21377.0,45,037
18072.0,45,039
49943.0,45,043
10373.0,19,141
6776.0,19,147
343401.0,19,153
14440.0,19,157
128506.0,19,163
74508.0,19,169
4563.0,19,173
25723.0,19,179
4757.0,19,185
8116.0,19,189
5885.0,19,195
427898.0,24,003
69955.0,24,009
77924.0,24,015
185552.0,24,021
221082.0,24,027
673691.0,24,031
83228.0,24,037
21120.0,26,031
60272.0,26,037
20242.0,26,043
26577.0,26,047
12339.0,26,053
35552.0,26,059
218663.0,26,065
20847.0,26,069
122463.0,26,075
466604.0,26,081
68637.0,26,087
76418.0,26,091
8833.0,26,097
53954.0,26,103
18634.0,26,109
11512.0,26,113
7904.0,26,119
925234.0,26,125
5099.0,26,131
19317.0,26,137
10631.0,26,141
124513.0,26,147
6654.0,26,153
55617.0,26,159
17432.0,28,039
37429.0,28,045
12971.0,28,051
18294.0,28,057
5516.0,28,063
7984.0,28,069
46412.0,28,073
16617.0,28,079
26011.0,28,085
18909.0,28,091
7626.0,28,097
15918.0,28,101
25301.0,28,107
28968.0,28,113
5391.0,28,119
3367.0,28,125
12157.0,28,129
49033.0,20,015
2574.0,20,019
15170.0,20,021
1514.0,20,025
6127.0,20,027
6463.0,20,031
1405.0,20,033
29924.0,20,037
14110.0,20,041
6092.0,20,043
2022.0,20,047
1947.0,20,049
4951.0,20,053
21225.0,20,055
19301.0,20,059
22159.0,20,061
1947.0,20,065
3816.0,20,069
793.0,20,071
1411.0,20,075
4040.0,20,077
2385.0,20,081
1423.0,20,083
14573.0,20,087
428316.0,20,091
2482.0,20,093
1877.0,20,097
15120.0,20,099
61190.0,20,103
2296.0,20,105
2063.0,20,109
21929.0,20,113
9302.0,20,115
2790.0,20,119
25344.0,20,121
24270.0,20,125
4314.0,20,127
7404.0,20,131
11819.0,20,133
4307.0,20,137
2753.0,20,141
4452.0,20,143
5441.0,20,145
4081.0,20,147
16837.0,20,149
6860.0,20,151
1919.0,20,153
47511.0,20,155
3599.0,20,157
7138.0,20,159
58566.0,20,161
3856.0,20,163
2317.0,20,165
5328.0,20,167
40548.0,20,169
3215.0,20,171
360771.0,20,173
11019.0,20,175
131670.0,20,177
1859.0,20,179
14764.0,45,049
270873.0,45,051
49969.0,45,055
72097.0,45,057
51218.0,45,059
218546.0,45,063
8326.0,45,065
20840.0,45,069
28623.0,45,071
67378.0,45,075
99211.0,45,077
14772.0,45,081
230892.0,45,083
21394.0,45,087
24046.0,45,089
199414.0,45,091
12003.0,46,005
2191.0,46,007
26377.0,46,011
28671.0,46,013
1236.0,46,017
7738.0,46,019
1153.0,46,021
6530.0,46,023
2631.0,46,025
11273.0,46,027
20886.0,46,029
2599.0,46,031
7473.0,46,033
15058.0,46,035
4256.0,46,037
3240.0,46,039
3630.0,46,041
2202.0,46,043
2868.0,46,045
5511.0,46,047
1825.0,46,049
5288.0,46,051
3190.0,46,053
1378.0,46,055
4008.0,46,057
2387.0,46,059
920.0,46,063
13261.0,46,065
1152.0,46,069
2229.0,46,071
649.0,46,075
3809.0,46,077
374007.0,45,045
9939.0,46,079
41050.0,46,083
2723.0,46,085
1803.0,46,089
3598.0,46,091
1477.0,46,095
1673.0,46,097
4805.0,46,101
11059.0,28,135
14928.0,28,141
11029.0,28,147
15118.0,28,153
13991.0,28,159
498250.0,35,001
12707.0,35,041
21915.0,35,047
9003.0,35,051
11871.0,35,057
1725.0,38,001
675.0,38,007
1580.0,38,013
2977.0,38,019
1785.0,38,023
2602.0,38,029
53255.0,38,035
2020.0,38,041
1404.0,38,047
9360.0,38,053
23860.0,38,059
2253.0,38,063
3139.0,38,069
1798.0,38,075
3099.0,38,081
611.0,38,087
16424.0,38,093
7963.0,38,099
3094.0,38,103
7103.0,20,013
2004.0,20,017
2018.0,20,023
6621.0,20,029
26278.0,20,035
2242.0,20,039
94114.0,20,045
22131.0,20,051
17921.0,20,057
2023.0,20,063
4221.0,20,067
4703.0,20,073
25478.0,20,079
9859.0,20,085
2268.0,20,089
5509.0,20,095
1151.0,20,101
7514.0,20,107
23805.0,20,111
7364.0,20,117
4694.0,20,123
1865.0,20,129
2137.0,20,135
12104.0,20,139
2985.0,20,185
17214.0,20,191
5235.0,20,197
1476.0,20,203
2514.0,20,207
15914.0,21,003
4461.0,20,181
2872.0,20,183
1356.0,20,187
3539.0,20,189
5725.0,20,193
2276.0,20,195
1156.0,20,199
4127.0,20,201
6555.0,20,205
100636.0,20,209
15325.0,21,001
17110.0,21,005
6227.0,21,007
9212.0,21,011
20830.0,21,013
14861.0,21,017
36935.0,21,019
6317.0,21,023
15576.0,21,027
62641.0,21,029
9748.0,21,033
31186.0,21,035
3648.0,21,039
7855.0,21,041
12184.0,21,045
51253.0,21,047
15762.0,21,051
7856.0,21,053
5166.0,21,057
74612.0,21,059
6113.0,21,063
235529.0,21,067
10966.0,21,069
38800.0,21,073
4754.0,21,075
13493.0,21,079
18295.0,21,081
19835.0,21,085
8586.0,21,087
6569.0,21,091
81306.0,21,093
14409.0,21,097
34857.0,21,101
12070.0,21,103
3572.0,21,105
34493.0,21,107
10371.0,21,109
569273.0,21,111
39307.0,21,113
17280.0,21,115
123531.0,21,117
11970.0,21,119
23716.0,21,121
10762.0,21,123
46539.0,21,125
11803.0,21,127
5599.0,21,129
7951.0,21,131
17155.0,21,133
9009.0,46,102
2317.0,46,105
1775.0,46,107
7476.0,46,109
4846.0,46,115
2440.0,46,117
5955.0,46,121
4065.0,46,123
11613.0,46,127
4168.0,46,129
1964.0,46,137
59004.0,47,001
12897.0,47,005
12355.0,47,007
80292.0,47,011
31537.0,47,013
21741.0,47,017
45442.0,47,019
13277.0,47,023
25556.0,47,025
28240.0,47,029
41655.0,47,031
49074.0,47,035
498687.0,47,037
14839.0,47,041
40579.0,47,043
28126.0,47,045
32530.0,47,047
14545.0,47,049
33028.0,47,051
36925.0,47,053
23099.0,47,055
18163.0,47,057
55136.0,47,059
10391.0,47,061
46722.0,47,063
279194.0,47,065
5149.0,47,067
20294.0,47,069
20348.0,47,071
45125.0,47,073
13124.0,47,075
21298.0,47,077
25501.0,47,079
19658.0,47,081
6395.0,47,083
14389.0,47,085
42839.0,47,089
14592.0,47,091
6173.0,47,095
19621.0,47,097
9346.0,47,101
25949.0,47,103
41297.0,47,107
20113.0,47,109
74478.0,47,113
22499.0,47,115
70706.0,47,119
93908.0,21,015
23658.0,21,021
10141.0,21,025
9619.0,21,031
73117.0,21,037
20608.0,21,043
27772.0,21,049
6903.0,21,055
9881.0,21,061
11108.0,21,065
28027.0,21,071
6464.0,21,077
27610.0,21,083
27659.0,21,089
20204.0,21,095
14106.0,21,099
6977.0,21,149
9491.0,21,153
9139.0,21,159
5100.0,21,165
8081.0,21,171
24219.0,21,177
17862.0,21,183
3571.0,21,189
19971.0,21,193
49676.0,21,199
19465.0,21,205
35252.0,21,211
19581.0,21,217
11274.0,21,221
94718.0,21,227
9666.0,21,233
19556.0,21,239
232960.0,23,005
97431.0,23,011
46772.0,23,017
28459.0,23,023
31901.0,23,027
13179.0,27,001
22751.0,27,047
908478.0,27,053
30166.0,27,059
7606.0,27,063
3322.0,27,069
8684.0,27,075
4284.0,27,081
3777.0,27,087
17351.0,27,093
27217.0,27,099
33042.0,21,009
13123.0,27,105
45032.0,27,111
6510.0,27,117
388292.0,27,123
10956.0,27,129
11351.0,27,135
69426.0,27,141
26739.0,27,147
18212.0,27,153
