FIPS,avg_edu_prof_diff
1001.0,-2.0
1003.0,-0.8
1005.0,0.8174573055028462
1007.0,-1.0
1009.0,-0.49152787834902234
1011.0,0.0
1013.0,-3.0
1015.0,-2.4479107921045884
1017.0,-0.8798882681564246
1019.0,-1.0
1021.0,-2.6
1023.0,-2.0
1025.0,-1.6611675126903553
1027.0,1.0
1029.0,-1.0
1031.0,-1.6001342582233162
1033.0,-0.2377204884667571
1035.0,0.0
1037.0,-3.0
1039.0,-1.647812166488794
1041.0,-3.0
1043.0,-0.7774420600858368
1045.0,-0.34330985915492956
1047.0,-3.0
1049.0,-0.5766102914717525
1051.0,-1.6525479814692257
1053.0,-1.89171974522293
1055.0,-1.704316760940756
1057.0,-4.0
1059.0,-0.8202866593164277
1061.0,-3.0
1063.0,-4.9
1065.0,-3.0
1067.0,1.0
1069.0,-1.7051796157059316
1071.0,-1.8145706851691241
1073.0,-0.7952183213791367
1075.0,-4.0
1077.0,-0.9346463742166518
1079.0,-1.8
1081.0,-1.3791036213696668
1083.0,-0.628062889350341
1085.0,0.0
1087.0,1.0
1089.0,-1.008920875010165
1091.0,-2.634741225461035
1093.0,-2.8220174587778857
1095.0,-0.669682270191608
1097.0,-0.7351530612244898
1099.0,-1.0
1101.0,-0.9330443159922929
1103.0,0.21184239982090888
1105.0,-4.0
1107.0,-1.0
1109.0,-0.11301553294054634
1111.0,-2.7908378541289935
1113.0,-1.5305422647527913
1115.0,-1.8602589641434264
1117.0,-0.8814005656880913
1119.0,-1.0
1121.0,-0.7106908818573301
1123.0,-1.0
1125.0,-1.0586907449209932
1127.0,-1.8548336682295155
1129.0,-2.0
1131.0,-2.0
1133.0,-1.1527541169789892
2013.0,0.0
2016.0,1.5772357723577235
2020.0,-0.5276313280579654
2050.0,-0.8812720848056538
2060.0,3.08
2068.0,0.5
2070.0,-1.2645502645502649
2090.0,0.020526630760023944
2100.0,0.0
2105.0,0.0
2110.0,0.8
2122.0,0.2
2130.0,1.0
2150.0,-1.0
2158.0,0.0
2164.0,3.9000000000000004
2170.0,-0.6
2180.0,3.5
2185.0,-1.9
2188.0,0.9
2195.0,1.0
2198.0,1.7358657243816253
2220.0,-3.0
2230.0,0.0
2240.0,0.35
2261.0,0.9181007345225604
2275.0,0.0
2282.0,0.0
2290.0,1.1548801870251315
4001.0,-2.617694970474445
4003.0,-2.021680546458314
4005.0,-1.5825703222867555
4007.0,0.07922116527942925
4009.0,-1.667191283292978
4011.0,0.15632458233890215
4012.0,-3.0448772226926333
4013.0,-1.2579783010926993
4015.0,-1.7956338154703082
4017.0,-1.7878225608257559
4019.0,-1.7719878963425253
4021.0,-1.5133157071868868
4023.0,-1.9943479171027843
4025.0,-1.5849038851253545
4027.0,-1.9161014112790762
5001.0,3.5613099771515615
5003.0,1.4322580645161291
5005.0,0.22695035460992907
5007.0,1.626137391250117
5009.0,2.536933927245731
5011.0,-0.42288049029622066
5013.0,2.0
5015.0,1.4775160599571735
5017.0,2.278538812785388
5019.0,-0.07858048162230671
5021.0,2.959160305343511
5023.0,2.8262910798122065
5025.0,3.6897081413210446
5027.0,1.5728531855955679
5029.0,0.41252552756977534
5031.0,1.628943560057887
5033.0,2.54265625
5035.0,3.2699711046899314
5037.0,2.1192230408573343
5039.0,0.08385093167701864
5041.0,1.0062001771479185
5043.0,4.645395213923133
5045.0,1.9583847317584082
5047.0,1.1893805309734513
5049.0,0.7896634615384616
5051.0,0.319493744544661
5053.0,0.9963751699139103
5055.0,1.9513196480938417
5057.0,3.3689320388349513
5059.0,1.79129734085415
5061.0,1.6690102758247702
5063.0,1.5916419874958867
5065.0,0.7210718635809987
5067.0,1.054582904222451
5069.0,1.0105740181268883
5071.0,-0.3936804451510334
5073.0,2.632860824742268
5075.0,3.7843934911242605
5077.0,-2.0
5079.0,2.0
5081.0,-2.7464008859357696
5083.0,2.9970326409495547
5085.0,2.4743144572448483
5087.0,0.8275983146067416
5089.0,2.7284522706209455
5091.0,1.0027063599458728
5093.0,1.4459847036328872
5095.0,4.84061757719715
5097.0,-0.35451306413301664
5099.0,3.4139534883720932
5101.0,1.0163390663390663
5103.0,2.1275
5105.0,3.152
5107.0,-0.7943686006825939
5109.0,-0.3380129589632828
5111.0,1.7600896860986548
5113.0,3.1204334365325077
5115.0,1.224725865405289
5117.0,0.9294117647058824
5119.0,0.9352929695124332
5121.0,2.4608985024958403
5123.0,-0.7536231884057971
5125.0,1.7594676582835893
5127.0,2.8120805369127515
5129.0,2.864433811802233
5131.0,3.433796955426569
5133.0,1.1636986301369863
5135.0,1.5796986518636003
5137.0,1.0
5139.0,0.5407801418439716
5141.0,0.9811145510835914
5143.0,1.0960291568967275
5145.0,2.611885038038884
5147.0,0.6447963800904978
5149.0,1.6753787878787878
6001.0,-0.30657713804116393
6003.0,0.0
6005.0,0.5729223995597138
6007.0,0.9128563546073202
6009.0,0.47423773751657095
6011.0,-3.1814962372731297
6013.0,0.04186164869751556
6015.0,0.43784860557768934
6017.0,0.2696969696969697
6019.0,-0.5032286589072742
6021.0,0.9831649831649831
6023.0,0.8012724658519051
6025.0,-0.24537589970734797
6027.0,0.18227535037098114
6029.0,-0.012726017102350063
6031.0,1.0404627751483735
6033.0,-0.6448727185398655
6035.0,1.596619718309859
6037.0,-0.3195707996854751
6039.0,0.3434598540145985
6041.0,0.8083856127143455
6043.0,2.2986425339366514
6045.0,0.5301501132930513
6047.0,-0.21961716517550753
6049.0,2.1444201312910285
6051.0,3.2422192151556155
6053.0,0.7419447840722125
6055.0,0.31091472512337887
6057.0,-0.03550416595817041
6059.0,0.5054083400320292
6061.0,1.0253591862682772
6063.0,0.0
6065.0,-0.3082212682775909
6067.0,0.040006471691110004
6069.0,2.1310251188051597
6071.0,-0.25598601022329837
6073.0,0.015200015135995153
6075.0,0.7999290308272344
6077.0,0.46962794289975496
6079.0,0.2032301300093822
6081.0,0.6847744360902255
6083.0,1.014113383191843
6085.0,0.6975568868857864
6087.0,1.1148491457651764
6089.0,-0.8966792363092811
6091.0,3.9
6093.0,2.1850421617477958
6095.0,-0.33549673676577224
6097.0,-0.429514164203849
6099.0,0.29716047836704024
6101.0,0.064936758377885
6103.0,-0.5718767826583001
6105.0,1.195067264573991
6107.0,0.8627544624414148
6109.0,-0.5475239284228047
6111.0,0.11859695342317694
6113.0,-0.26687014025143524
6115.0,-0.8054020100502512
8001.0,1.2346119851511403
8003.0,-0.8857589984350548
8005.0,1.3159016136612878
8007.0,7.0
8009.0,-9.228395061728396
8011.0,-2.4264367816091954
8013.0,1.3293959422071935
8014.0,1.2039982243720246
8015.0,1.6622357914513854
8017.0,0.0
8019.0,2.0
8021.0,1.3498542274052479
8023.0,0.0
8025.0,2.0
8027.0,7.9
8029.0,1.0
8031.0,1.5978517050787362
8033.0,0.0
8035.0,0.0
8037.0,2.1440784863349687
8039.0,6.25346687211094
8041.0,1.8985618296104931
8043.0,1.2287365813377373
8045.0,1.300355987055016
8047.0,5.0
8049.0,1.3116862839298582
8051.0,4.0
8053.0,0.0
8055.0,0.0
8057.0,0.0
8059.0,1.2
8061.0,0.0
8063.0,-4.777007648183557
8065.0,1.0
8067.0,2.013207547169811
8069.0,0.9039631070759475
8071.0,0.5953319502074689
8073.0,2.697947214076246
8075.0,3.3895446880269815
8077.0,0.9666105532013699
8079.0,0.0
8081.0,-2.0
8083.0,1.5810019518542615
8085.0,4.978483754512635
8087.0,3.2537044453344013
8089.0,1.7342931937172774
8091.0,0.0
8093.0,2.0343796711509716
8095.0,-3.1515151515151514
8097.0,6.0
8099.0,1.3963039014373717
8101.0,1.5457783236106846
8103.0,2.2666666666666666
8105.0,1.97625
8107.0,1.3672973270267297
8109.0,2.5384615384615383
8111.0,0.0
8113.0,1.7115009746588694
8115.0,0.0
8117.0,3.0
8119.0,0.0
8121.0,-6.06797583081571
8123.0,1.3035355113213722
8125.0,1.0326223337515683
9001.0,0.3003764518840315
9003.0,0.31179034808412937
9005.0,0.40650784611490764
9007.0,0.3783044667274384
9009.0,-0.335356974169289
9011.0,-0.4409225823679236
9013.0,-0.1806224899598394
9015.0,-0.6692756510601964
10001.0,-0.6946902042229145
10003.0,0.38429922876324696
10005.0,1.4443211746115356
11001.0,1.385724915286618
12001.0,0.6753658536585366
12003.0,-4.2
12005.0,-0.19999999999999998
12007.0,-3.0
12009.0,-0.2
12011.0,-0.2262649167597902
12013.0,2.0
12015.0,-2.6
12017.0,-0.333508675512287
12019.0,-1.2
12021.0,-0.6
12023.0,-3.0
12027.0,1.0
12029.0,-3.0
12031.0,-0.2
12033.0,-1.4
12035.0,-1.2
12037.0,-2.0
12039.0,-0.8
12041.0,1.0
12043.0,-4.0
12045.0,0.0
12047.0,-3.0
12049.0,-2.4
12051.0,-0.6
12053.0,-0.3106397916012341
12055.0,-0.7999999999999999
12057.0,0.0
12059.0,-1.0
12061.0,-1.4
12063.0,0.0
12065.0,-1.5
12067.0,0.0
12069.0,-1.2
12071.0,0.0
12073.0,-0.6096603228137798
12075.0,-3.2
12077.0,0.0
12079.0,1.0
12081.0,0.6
12083.0,1.2
12085.0,1.6
12086.0,-0.2
12087.0,-2.0
12089.0,-2.2
12091.0,0.0
12093.0,-3.384552845528455
12095.0,0.0
12097.0,-0.4
12099.0,0.6214326391602926
12101.0,-0.2
12103.0,-0.2
12105.0,-0.8
12107.0,0.0
12109.0,-1.4
12111.0,0.19570767288539767
12113.0,-0.6
12115.0,-1.0
12117.0,-1.2
12119.0,-0.8
12121.0,-1.4
12123.0,-1.0
12125.0,-4.0
12127.0,-1.6
12129.0,-0.6
12131.0,-0.8
12133.0,-1.0
13001.0,3.0
13003.0,2.0
13005.0,-3.0
13007.0,0.0
13009.0,0.4
13011.0,-0.8586549572452046
13013.0,1.2
13015.0,0.6480821578817124
13017.0,2.0
13019.0,1.0
13021.0,0.6326500865445932
13023.0,3.0
13025.0,0.0
13027.0,2.0
13029.0,-0.4
13031.0,2.2
13033.0,-1.0
13035.0,-2.0
13037.0,-2.0
13039.0,1.6
13043.0,0.0
13045.0,0.0
13047.0,1.8000000000000003
13049.0,-3.0
13051.0,-1.0
13053.0,-2.5
13055.0,0.8192567567567568
13057.0,2.3567986317219174
13059.0,0.4
13061.0,0.0
13063.0,1.083285925588804
13065.0,-2.0
13067.0,1.950153922153344
13069.0,0.8
13071.0,-0.4
13073.0,0.13029615795090718
13075.0,3.0
13077.0,1.9356572747379555
13079.0,0.0
13081.0,3.0
13083.0,-2.0
13085.0,-2.0
13087.0,-1.4
13089.0,0.6799706448441546
13091.0,2.0
13093.0,0.0
13095.0,0.2
13097.0,1.6
13099.0,3.0
13101.0,2.5
13103.0,0.6
13105.0,1.0
13107.0,0.8
13109.0,1.0
13111.0,4.0
13113.0,1.8058008104073362
13115.0,-2.4758162544169613
13117.0,1.8
13119.0,2.0
13121.0,0.5834652862362972
13123.0,0.0
13125.0,-5.9
13127.0,3.4
13129.0,-0.7737135771853689
13131.0,-1.8
13133.0,0.0
13135.0,1.8378516624040921
13137.0,-0.8
13139.0,-2.7779374635851624
13141.0,2.4
13143.0,0.3990479968266561
13145.0,-1.0
13147.0,-1.0
13149.0,0.0
13151.0,2.2
13153.0,0.6
13155.0,-1.0
13157.0,0.23459723352318956
13159.0,4.0
13161.0,2.0
13163.0,1.0
13165.0,1.0
13167.0,2.0
13169.0,0.4
13171.0,0.0
13173.0,2.0
13175.0,0.10408060453400501
13177.0,0.8
13179.0,0.8
13181.0,1.0
13183.0,2.0
13185.0,2.22960365174794
13187.0,0.0
13189.0,-2.0
13191.0,4.0
13193.0,-1.0
13195.0,-1.0
13197.0,2.0
13199.0,2.0
13201.0,-2.0
13205.0,1.6085932901706887
13207.0,2.0
13209.0,-2.5
13211.0,2.0
13213.0,2.2
13215.0,1.6
13217.0,0.6
13219.0,0.0
13221.0,5.0
13223.0,-1.0
13225.0,2.0
13227.0,1.0
13229.0,1.0
13231.0,-3.0
13233.0,-2.3999999999999995
13235.0,-2.0
13237.0,-3.0
13239.0,0.0
13241.0,2.0
13243.0,-1.5893939393939394
13245.0,1.6455300577220893
13247.0,2.2
13249.0,-2.0
13251.0,2.0
13253.0,5.0
13255.0,2.2
13257.0,-1.0
13259.0,0.0
13261.0,1.4
13263.0,5.0
13265.0,0.0
13267.0,4.0
13269.0,-1.0
13271.0,2.0
13273.0,2.0
13275.0,0.0
13277.0,-1.0
13279.0,-1.9090153718321563
13281.0,-1.5
13283.0,0.0
13285.0,0.19999999999999998
13287.0,-2.0
13289.0,1.5
13291.0,-2.0
13293.0,3.0
13295.0,0.0822742474916388
13297.0,0.28391432171356573
13299.0,2.4
13301.0,3.0
13303.0,0.0
13305.0,-3.6
13307.0,0.0
13309.0,0.0
13311.0,-2.0
13313.0,0.5488035733276614
13315.0,3.0
13317.0,2.0
13319.0,2.0
13321.0,-1.0
15001.0,-0.2
15003.0,-0.2
15007.0,-0.2
15009.0,-0.2
16001.0,0.5920885363932951
16003.0,-4.875
16005.0,0.29279393173198487
16007.0,3.0
16009.0,8.396006655574043
16011.0,0.10400318661621205
16013.0,1.9163179916317992
16015.0,-0.08786279683377296
16017.0,-0.940893169877408
16019.0,0.3943593216512881
16021.0,2.0
16023.0,0.0
16025.0,0.0
16027.0,0.1611099659899
16029.0,1.4745308310991958
16031.0,0.0
16033.0,0.0
16035.0,0.0
16037.0,0.6989889705882353
16039.0,1.2619093539054966
16041.0,0.5409170052234474
16043.0,-1.0
16045.0,2.0
16047.0,0.4944625407166124
16049.0,0.0
16051.0,1.9608893956670468
16053.0,0.4637510513036164
16055.0,0.5749219934028706
16057.0,1.7083546026884466
16059.0,-2.1541398713826365
16061.0,3.9486725663716817
16063.0,-3.129394299287411
16065.0,-5.665454545454546
16067.0,1.2
16069.0,1.201539514197742
16071.0,4.0
16073.0,2.9810298102981028
16075.0,2.9560384032339564
16077.0,0.0
16079.0,-0.4795031055900621
16081.0,3.0
16083.0,0.3303938024531956
16085.0,1.763157894736842
16087.0,0.8578431372549019
17001.0,0.8018316831683168
17003.0,-8.521594684385382
17005.0,-0.8074150360453141
17007.0,0.7764239028944913
17009.0,4.0
17011.0,-0.22898650985818056
17013.0,-6.848
17015.0,-0.46601382488479265
17017.0,1.7694323144104802
17019.0,0.321181686572566
17021.0,1.5862218370883883
17023.0,3.5114942528735633
17025.0,0.0
17027.0,1.8347475382359102
17029.0,2.456275155506769
17031.0,-0.4830440296206671
17033.0,7.1428337428337425
17035.0,3.2982857142857145
17037.0,1.7902725139866449
17039.0,-3.6031589338598224
17041.0,-0.7504885993485344
17043.0,1.7465724301707564
17045.0,7.214228295819936
17047.0,3.5
17049.0,-0.9751719690455718
17051.0,1.986833470057424
17053.0,1.4252775405636209
17055.0,0.22871174914998116
17057.0,2.2000565690849947
17059.0,10.0
17061.0,-3.6573705179282867
17063.0,2.5624340485402746
17065.0,2.0
17067.0,0.6138369678089304
17069.0,3.9
17071.0,-0.6
17073.0,3.2392383805374
17075.0,-2.5973917869034406
17077.0,2.0575351422033346
17079.0,-3.9341864716636197
17081.0,0.21985559566787005
17083.0,0.0
17085.0,-0.7264084507042253
17087.0,4.610694444444444
17089.0,2.1983450991521516
17091.0,1.3255009107468123
17093.0,2.0559621589909067
17095.0,1.1731130547457076
17097.0,1.0990145474291921
17099.0,-0.08059026719496092
17101.0,2.6338495575221237
17103.0,0.6309148264984227
17105.0,-0.3682672233820459
17107.0,1.4607274401473296
17109.0,2.4512455516014233
17111.0,1.5439967029947796
17113.0,1.3350464190981433
17115.0,0.8635284257577874
17117.0,0.4660521837776518
17119.0,-0.4834765366820887
17121.0,4.091404901622369
17123.0,1.4517019319227231
17125.0,1.8807692307692307
17127.0,-0.7371794871794872
17129.0,-0.5274302213666987
17131.0,1.0510366826156299
17133.0,-0.2694311767260096
17135.0,2.809998155321896
17137.0,1.3072847682119204
17139.0,-0.2804107424960506
17141.0,1.0818371064272703
17143.0,1.9014836495761
17145.0,-0.05306298533218291
17147.0,-2.222686879247256
17149.0,5.394949494949495
17151.0,2.9
17153.0,-9.371010638297872
17155.0,-0.5
17157.0,1.4794213528932354
17159.0,-4.0
17161.0,0.5088349417968362
17163.0,1.222792009176066
17165.0,3.5189865689865694
17167.0,1.007057586905924
17169.0,4.5
17171.0,4.26525198938992
17173.0,0.2567471819645733
17175.0,-6.093830334190232
17177.0,1.0428663239074552
17179.0,1.0202321892612465
17181.0,4.962953995157386
17183.0,1.5636371923427532
17185.0,6.191520467836257
17187.0,2.830038022813688
17189.0,-4.751388888888889
17191.0,0.6511938872970391
17193.0,1.0236818588025023
17195.0,1.8213549716640907
17197.0,2.083214998890615
17199.0,1.6254399643573179
17201.0,1.6305058526272367
17203.0,-0.36905843172873143
18001.0,2.0942232192933257
18003.0,0.6452042409796992
18005.0,-0.07392113095238095
18007.0,2.0
18009.0,0.0
18011.0,1.0
18013.0,-1.0
18015.0,4.317137809187279
18017.0,1.1051539259771705
18019.0,0.736785385727428
18021.0,1.8
18023.0,-0.5610566829951015
18025.0,1.0
18027.0,-0.3233333333333333
18029.0,0.1892639734366353
18031.0,0.976054732041049
18033.0,3.918418575462818
18035.0,0.1369077306733167
18037.0,2.837049180327869
18039.0,0.6804079441760601
18041.0,4.0
18043.0,0.0891395306530835
18045.0,-0.23202911737943585
18047.0,3.0
18049.0,0.9504899432697267
18051.0,1.2845379688929552
18053.0,1.104563959717163
18055.0,-0.26001842468908337
18057.0,1.082270308620078
18059.0,0.19651295421215578
18061.0,1.2644142489900845
18063.0,0.6067427013844058
18065.0,-1.0230547550432276
18067.0,0.9120128136679125
18069.0,2.8
18071.0,1.2966269841269842
18073.0,-1.068414038205242
18075.0,1.0
18077.0,0.23302300109529026
18079.0,0.2
18081.0,0.8990783785988091
18083.0,-1.2472848788638262
18085.0,2.107028484746334
18087.0,0.7747169811320754
18089.0,0.3449444953078507
18091.0,0.6095244282744282
18093.0,0.4489466292134831
18095.0,1.5151642698468375
18097.0,0.7903422921148583
18099.0,1.0685714285714285
18101.0,-1.722488038277512
18103.0,-0.5745422842197035
18105.0,2.5351248814416696
18107.0,2.1290806754221387
18109.0,0.22236076475477973
18111.0,0.8275154004106776
18113.0,0.656111462951235
18115.0,0.0
18117.0,0.14431898376852506
18119.0,1.0
18121.0,-1.4313725490196079
18123.0,0.5034695451040864
18125.0,0.9486215538847118
18127.0,-0.4032951881979871
18129.0,-0.5175202156334232
18131.0,-2.235817575083426
18133.0,-0.9995808885163453
18135.0,1.6156825396825396
18137.0,1.5292866082603254
18139.0,1.0369119963988296
18141.0,0.9208822384157535
18143.0,-0.63572267920094
18145.0,1.8304606706361641
18147.0,-0.5623678646934461
18149.0,-0.6970108695652174
18151.0,4.272564255827854
18153.0,-1.9502262443438914
18155.0,1.0
18157.0,-0.31972726435087073
18159.0,-0.06054872280037843
18161.0,3.0
18163.0,0.3966241413150148
18165.0,1.4375
18167.0,0.20000000000000004
18169.0,0.24724548259145
18171.0,-1.0
18173.0,1.2
18175.0,-1.1462751495377923
18177.0,0.925022810218978
18179.0,3.2508833922261484
18181.0,0.672244094488189
18183.0,1.3908463494369778
19001.0,0.0
19003.0,0.0
19005.0,0.0
19007.0,-1.859138533178114
19009.0,-1.5964912280701755
19011.0,1.149570718481699
19013.0,1.0355209088711625
19015.0,0.8275720164609054
19017.0,-0.4782717820007171
19019.0,1.6796285548461984
19021.0,1.1693877551020408
19023.0,-0.8534090909090909
19025.0,1.125844076120319
19027.0,1.1488138030194106
19029.0,2.2146607431340875
19031.0,3.36113074204947
19033.0,-0.13898858075040782
19035.0,0.4537037037037037
19037.0,0.819626168224299
19039.0,3.329032258064516
19041.0,0.913946587537092
19043.0,-1.2627118644067796
19045.0,0.4022067714631197
19047.0,1.8557083606199518
19049.0,1.1196953689029758
19051.0,1.0
19053.0,2.578364565587734
19055.0,-0.6289332310053722
19057.0,-0.7160537482319661
19059.0,0.11177347242921014
19061.0,0.07049472830494731
19063.0,3.0
19065.0,-0.7735719201651755
19067.0,-0.025466893039049237
19069.0,-1.9082278481012658
19071.0,1.956140350877193
19073.0,3.340729001584786
19075.0,-0.43946648426812585
19077.0,2.803565587176971
19079.0,0.0
19081.0,1.4046242774566473
19083.0,1.0685660613650594
19085.0,0.8911806142575371
19087.0,0.27141588992454513
19089.0,2.355421686746988
19091.0,0.0
19093.0,5.0
19095.0,1.0442437923250565
19097.0,1.6628919860627178
19099.0,-0.4034672970843184
19101.0,2.123339658444023
19103.0,1.5771156402303943
19105.0,2.784073506891271
19107.0,1.278118609406953
19109.0,-1.3775933609958506
19111.0,-0.6151711378353376
19113.0,1.6120818291215404
19115.0,0.3167898627243928
19117.0,4.0
19119.0,-0.6713395638629284
19121.0,3.102880658436214
19123.0,-1.4064990803188229
19125.0,2.487939297124601
19127.0,-0.5463558571850103
19129.0,-1.7702265372168284
19131.0,-0.7212121212121212
19133.0,-0.9523809523809523
19135.0,0.0
19137.0,3.6025449101796405
19139.0,-1.5310134310134311
19141.0,-1.8966165413533835
19143.0,-3.5
19145.0,1.7562724014336917
19147.0,-1.9686609686609686
19149.0,0.3678463255220788
19151.0,-2.509157509157509
19153.0,1.2532025104831856
19155.0,1.8547585024292657
19157.0,0.0
19159.0,1.7612903225806453
19161.0,3.9486391571553994
19163.0,0.2962264150943396
19165.0,4.1741867785939135
19167.0,0.6199238578680203
19169.0,1.0552159337408795
19171.0,-1.0065714285714287
19173.0,-3.3333333333333335
19175.0,3.9761904761904763
19177.0,0.40304709141274236
19179.0,-1.19724930362117
19181.0,-0.3428550973654067
19183.0,1.093062605752961
19185.0,1.3723060344827587
19187.0,-0.8245431893687708
19189.0,1.4872318692543411
19191.0,0.5215827338129496
19193.0,0.23059381350191915
19195.0,2.4609800362976406
19197.0,2.2779632721202003
20001.0,-4.130422993492408
20003.0,-1.5977859778597785
20005.0,-2.2339776195320447
20007.0,0.16582369942196531
20009.0,-2.542696629213483
20011.0,-0.6621813031161473
20013.0,-4.541905444126074
20015.0,-4.430984308131241
20017.0,4.833333333333333
20019.0,0.0
20021.0,-4.365950226244344
20023.0,-6.225903614457831
20025.0,0.0
20027.0,-5.0
20029.0,-4.199158485273492
20031.0,-1.430921052631579
20033.0,4.5
20035.0,-0.4918219855458349
20037.0,-1.3780305856023871
20039.0,0.0
20041.0,-3.0372065021071646
20043.0,-1.3150877192982457
20045.0,-2.924485389376709
20047.0,-3.943820224719101
20049.0,0.0
20051.0,-1.1998179611650486
20053.0,-6.854442344045369
20055.0,-2.8255974508762614
20057.0,-2.169512195121951
20059.0,-4.047691527143582
20061.0,-4.2
20063.0,-2.4417391304347826
20065.0,0.0
20067.0,-2.9
20069.0,-2.7235831809872026
20071.0,19.5
20073.0,0.0
20075.0,-9.833333333333334
20077.0,-4.5770975056689345
20079.0,-4.415878644602049
20081.0,-1.1227272727272728
20083.0,-3.9
20085.0,-3.1
20087.0,-3.0205128205128204
20089.0,-5.0
20091.0,-4.333262270009732
20093.0,0.0
20095.0,0.8322295805739515
20097.0,-3.5208333333333335
20099.0,-2.5603614457831325
20101.0,8.270089285714286
20103.0,-1.9244496330887257
20105.0,-11.267222222222223
20107.0,-2.0221875
20109.0,-5.829946524064171
20111.0,-3.95774111675127
20113.0,-3.6979196903725207
20115.0,-1.8707107843137254
20117.0,-3.0890688259109313
20119.0,-2.3668650793650796
20121.0,-3.14056491811061
20123.0,-2.819956616052061
20125.0,-2.9055088309503785
20127.0,-3.997920997920998
20129.0,-1.3285714285714285
20131.0,-3.1360112755461595
20133.0,-4.169877300613497
20135.0,0.0
20137.0,-3.2947658402203857
20139.0,1.5137888707037643
20141.0,-5.174121405750799
20143.0,-1.1801470588235294
20145.0,-1.3208430913348945
20147.0,-2.3361344537815127
20149.0,-4.094280205655527
20151.0,-4.064176829268293
20153.0,-7.9
20155.0,-2.5750180679354373
20157.0,-2.967741935483871
20159.0,-4.4713552361396305
20161.0,-3.40076757752533
20163.0,-1.6145772594752186
20165.0,-2.957345971563981
20167.0,-5.021085594989561
20169.0,-1.460068169900367
20171.0,-5.5
20173.0,-2.87230921179418
20175.0,-0.70487012987013
20177.0,-1.9353033637221
20179.0,-3.6037735849056602
20181.0,-8.9
20183.0,-2.732075471698113
20185.0,0.0
20187.0,-1.5
20189.0,-5.196940726577438
20191.0,-1.5905648267008985
20193.0,-3.0825688073394497
20195.0,-3.0
20197.0,-5.807681755829904
20199.0,14.181818181818182
20201.0,2.525062656641604
20203.0,-3.9
20205.0,-3.42882096069869
20207.0,-3.8999999999999995
20209.0,-2.9435128605940033
21001.0,2.0
21003.0,6.0
21005.0,3.0
21007.0,3.0
21009.0,3.1596249310535023
21011.0,0.0
21013.0,2.9172202350536534
21015.0,2.0
21017.0,2.8034906270200386
21019.0,1.592571907288467
21021.0,-0.16650625601539942
21023.0,4.725772471910112
21025.0,1.8587628865979382
21027.0,1.7494473102431836
21029.0,2.4
21031.0,4.0
21033.0,3.0
21035.0,2.26820103334899
21037.0,1.3471966997937372
21039.0,2.5
21041.0,5.0
21043.0,2.4
21045.0,3.0
21047.0,2.6
21049.0,1.0
21051.0,-5.0
21053.0,0.0
21055.0,2.0
21057.0,1.0
21059.0,1.758498835775921
21061.0,1.0
21063.0,2.0
21065.0,4.0
21067.0,2.4
21069.0,-1.0
21071.0,1.0
21073.0,3.2072781954887213
21075.0,1.388780487804878
21077.0,5.0
21079.0,1.0
21081.0,3.910907381288199
21083.0,0.6143015931826602
21085.0,3.0
21087.0,1.0
21089.0,1.7748840528005707
21091.0,2.0
21093.0,2.3352638352638353
21095.0,-0.2711864406779661
21097.0,1.0
21099.0,0.9261492087415222
21101.0,2.4
21103.0,0.7200622083981337
21105.0,0.5
21107.0,1.4471067170689151
21109.0,1.0
21111.0,1.7745666636495294
21113.0,2.4
21115.0,2.2611082070047046
21117.0,0.5834040947259175
21119.0,0.0
21121.0,2.922811892192276
21123.0,5.0
21125.0,2.645703125
21127.0,2.0
21129.0,0.0
21131.0,4.0
21133.0,2.7547284929835265
21135.0,5.0
21137.0,3.0
21139.0,3.0
21141.0,0.2222767419038273
21143.0,-3.0
21145.0,-1.7034513079797757
21147.0,3.0
21149.0,2.0
21151.0,3.277442622950819
21153.0,-2.0
21155.0,3.0
21157.0,-0.2
21159.0,5.0
21161.0,4.0
21163.0,-1.2
21165.0,0.0
21167.0,1.501002004008016
21169.0,2.0
21171.0,-7.0
21173.0,2.2
21175.0,1.0
21177.0,0.4
21179.0,3.875353016688061
21181.0,1.0
21183.0,3.6
21185.0,2.8
21187.0,2.0
21189.0,-0.5
21191.0,2.0
21193.0,0.9252732240437159
21195.0,0.9567312234293812
21197.0,5.0
21199.0,2.1748953974895398
21201.0,0.0
21203.0,2.0
21205.0,3.0
21207.0,2.0
21209.0,2.6255183818852568
21211.0,2.2
21213.0,2.0
21215.0,3.0
21217.0,0.7625570776255708
21219.0,-4.0
21221.0,3.0
21223.0,3.0
21225.0,2.0
21227.0,3.232468947483112
21229.0,5.0
21231.0,1.0
21233.0,2.0
21235.0,1.636111111111111
21237.0,4.0
21239.0,3.4
22001.0,1.0
22003.0,2.0
22005.0,1.4
22007.0,2.0
22009.0,-1.3329429542878732
22011.0,-0.39999999999999997
22013.0,1.0
22015.0,0.2
22017.0,0.8067230708080178
22019.0,1.3236266943381543
22021.0,-1.0
22023.0,-1.0
22025.0,-1.0
22027.0,-1.0
22029.0,1.7220630372492836
22031.0,-0.2
22033.0,0.13712666858734276
22035.0,-3.0
22037.0,0.0
22039.0,2.4
22041.0,3.0
22043.0,0.0
22045.0,0.8
22047.0,-1.9035812672176309
22049.0,1.0
22051.0,-1.1573590583237454
22053.0,-0.4
22055.0,-1.2148738293444328
22057.0,0.9150946230099128
22059.0,1.0
22061.0,1.9720865317515701
22063.0,0.19999999999999998
22065.0,1.0
22067.0,1.0
22069.0,1.8000000000000003
22071.0,2.7359392425391444
22073.0,0.24945484133441825
22075.0,1.0268137462876537
22077.0,2.3458563535911603
22079.0,1.4
22081.0,3.0
22083.0,2.1867935752528256
22085.0,1.4
22087.0,0.0
22089.0,0.6
22091.0,0.046861184792219276
22093.0,0.965352449223417
22095.0,3.6
22097.0,0.05244086562657271
22099.0,0.6
22101.0,0.6397994987468673
22103.0,-1.2
22105.0,1.1514342346385429
22107.0,-6.666666666666667
22109.0,-0.4
22111.0,2.602409638554217
22113.0,0.5395165268870251
22115.0,0.6
22117.0,-0.5654336338203295
22119.0,2.2
22121.0,-1.0
22123.0,3.0
22125.0,1.0
22127.0,3.0
23001.0,2.261742613920881
23003.0,-0.008904279000742024
23005.0,0.7339474189215122
23007.0,1.2109725685785535
23009.0,2.025905014945201
23011.0,1.5542458362655407
23013.0,0.7462626262626263
23015.0,2.8475414605760836
23017.0,0.45448583420776495
23019.0,2.1957436856875585
23021.0,-0.1680244399185336
23023.0,2.456258890469417
23025.0,1.2672107877927608
23027.0,3.140005870267097
23029.0,0.6991588156123822
23031.0,0.24013525816100928
24001.0,0.2
24003.0,0.2
24005.0,-0.4
24009.0,1.3999999999999997
24011.0,-0.4
24013.0,2.2
24015.0,1.2
24017.0,-0.2
24019.0,2.0
24021.0,2.0
24023.0,1.0
24025.0,-0.8
24027.0,1.0
24029.0,2.0
24031.0,1.0
24033.0,0.6
24035.0,3.4
24037.0,0.6
24039.0,2.0
24041.0,-2.0
24043.0,2.6
24045.0,-0.2
24047.0,0.6
24510.0,1.0
25001.0,-0.7564608053816687
25003.0,-1.4997207114508306
25005.0,-2.2212042573039903
25007.0,-0.2507480550568522
25009.0,-1.0250934108675416
25011.0,1.0166124954857347
25013.0,-2.1144233057115964
25015.0,-0.6440251572327044
25017.0,-0.5087391299936075
25019.0,-3.0
25021.0,-1.0128053898829246
25023.0,-0.6586748938777296
25025.0,-1.2404247721078847
25027.0,-0.5894447884416925
26001.0,6.0
26003.0,6.121443298969072
26005.0,2.3703574845611897
26007.0,4.0
26009.0,5.884625212947189
26011.0,-0.0505166475315729
26013.0,1.9652122641509433
26015.0,4.046462759747841
26017.0,2.9602733040507565
26019.0,4.729514321295143
26021.0,3.637934263205476
26023.0,5.985396614669765
26025.0,3.9062335582751913
26027.0,3.86676875957121
26029.0,4.234680985470625
26031.0,2.5511221945137157
26033.0,5.423540145985402
26035.0,5.08235294117647
26037.0,2.0438363686281686
26039.0,2.0
26041.0,2.919090428344791
26043.0,6.054966887417218
26045.0,1.7874334538284586
26047.0,2.47534516765286
26049.0,3.1386321708589064
26051.0,4.136919315403423
26053.0,1.2318435754189945
26055.0,2.797152564309982
26057.0,2.597417840375587
26059.0,3.4738144329896907
26061.0,-0.14082549187339607
26063.0,2.3911317981381677
26065.0,1.0181274141776835
26067.0,4.374830699774266
26069.0,2.04594767070836
26071.0,3.75
26073.0,1.3584955988263536
26075.0,2.2573492143943232
26077.0,3.478484177035396
26079.0,3.132686084142395
26081.0,2.8130877314668856
26083.0,0.0
26085.0,1.964
26087.0,1.5769508670520231
26089.0,6.140024183796856
26091.0,2.8239174497880963
26093.0,3.8631439192777477
26095.0,2.0
26097.0,1.810035842293907
26099.0,3.786462845618683
26101.0,2.6817155756207676
26103.0,3.2170360110803324
26105.0,2.7150837988826817
26107.0,0.4307324840764331
26109.0,3.6978255996413356
26111.0,3.7411877394636015
26113.0,1.467935871743487
26115.0,3.3972529113168113
26117.0,1.6896046852122988
26119.0,8.181993817619784
26121.0,2.8909432351685873
26123.0,5.1289937294714845
26125.0,3.333163849342625
26127.0,2.1343900758097862
26129.0,3.9608695652173913
26131.0,7.961666666666668
26133.0,1.298161695741887
26135.0,5.257142857142857
26137.0,3.8846604215456675
26139.0,1.9609885681388273
26141.0,3.9906621392190154
26143.0,2.7391472868217055
26145.0,3.361048366238469
26147.0,3.8015955687830685
26149.0,4.048885077186964
26151.0,2.7773047019622363
26153.0,5.5
26155.0,3.2042067534427465
26157.0,3.7074275362318834
26159.0,2.9966315515671735
26161.0,4.076535096247326
26163.0,2.908182218048562
26165.0,3.1305091998288406
27001.0,0.19820828667413215
27003.0,0.476408173546173
27005.0,0.546652719665272
27007.0,1.592443729903537
27009.0,1.4158600253986173
27011.0,2.469945355191257
27013.0,-0.4659340659340659
27015.0,0.7416829745596869
27017.0,-2.8951173395617844
27019.0,1.795900164306392
27021.0,0.4442268822637696
27023.0,1.3153153153153154
27025.0,0.7515243902439024
27027.0,0.7726668010481758
27029.0,-2.130434782608696
27031.0,-2.0543478260869565
27033.0,2.6690140845070425
27035.0,0.23327321911632104
27037.0,0.5317561692303079
27039.0,1.1789416257501364
27041.0,2.064436141304348
27043.0,-0.9321753515301903
27045.0,-0.9960613598673299
27047.0,1.9958609271523178
27049.0,0.8680804186174608
27051.0,-1.8333333333333335
27053.0,0.3042920850083837
27055.0,1.27299323459499
27057.0,-1.2889610389610389
27059.0,2.4807758919293383
27061.0,0.08679624664879357
27063.0,-3.1845378151260504
27065.0,-1.693711967545639
27067.0,0.9455794504181602
27069.0,8.199233716475096
27071.0,0.9982216142270861
27073.0,2.8656597774244834
27075.0,-1.0
27077.0,0.2857142857142857
27079.0,-2.2414507772020724
27081.0,0.0
27083.0,0.6205985915492958
27085.0,0.26619433198380565
27087.0,-1.6224662162162162
27089.0,-1.1224764468371466
27091.0,1.7394139194139195
27093.0,0.42258932001536686
27095.0,0.9902777777777777
27097.0,-1.2219164118246686
27099.0,0.2792385484830458
27101.0,1.5380670611439844
27103.0,-0.0775950085082246
27105.0,0.5818264014466547
27107.0,1.3137697516930023
27109.0,-0.6297260507061425
27111.0,1.0418679549114331
27113.0,1.7920310981535472
27115.0,-1.0099473376243417
27117.0,-1.637948717948718
27119.0,1.4275982256020279
27121.0,-2.7515337423312882
27123.0,1.0214890672801995
27125.0,-0.509375
27127.0,0.3385909568874868
27129.0,-2.155782848151062
27131.0,-0.28074234011926796
27133.0,-2.4747612551159617
27135.0,-0.9313893653516295
27137.0,-0.33527534156673233
27139.0,1.4904242188007535
27141.0,0.15251209527353926
27143.0,2.069672131147541
27145.0,1.2811959903214656
27147.0,1.579822222222222
27149.0,3.646900269541779
27151.0,-1.4689557855127
27153.0,1.0567936736161034
27155.0,4.2687747035573125
27157.0,0.6127474649927571
27159.0,-1.8428927680798004
27161.0,-0.21388367729831145
27163.0,0.8843546235921754
27165.0,-5.582474226804123
27167.0,1.1487603305785123
27169.0,1.2177455862381168
27171.0,-0.35415179508712996
27173.0,0.5076452599388379
28001.0,-1.0
28003.0,-3.275172943889316
28005.0,-0.5
28007.0,-0.9477658904971681
28009.0,-5.0
28011.0,-2.113566328447952
28013.0,-2.0
28015.0,-7.4
28017.0,-5.739169811320754
28019.0,-7.0
28021.0,-7.0
28023.0,-3.1926751592356686
28025.0,-1.0
28027.0,-2.7672886937431396
28029.0,-3.6288659793814433
28031.0,-3.0
28033.0,-1.8
28035.0,-2.0004306969459673
28037.0,-2.0
28039.0,-1.6
28041.0,-2.0
28043.0,-2.0
28045.0,-1.695593220338983
28047.0,-2.9588891706822213
28049.0,-2.815803639342344
28051.0,
28053.0,-2.0
28057.0,1.0
28059.0,-3.4807729639107032
28061.0,-5.684692942254812
28063.0,-2.0
28065.0,-3.0
28067.0,-2.1169354838709675
28069.0,0.0
28071.0,-3.1720011965300627
28073.0,-2.2
28075.0,-2.2906360096421285
28077.0,1.0
28079.0,-3.0
28081.0,-2.320240700218818
28083.0,1.063301613570542
28085.0,-2.954889931432696
28087.0,-2.2898661567877627
28089.0,-3.1574926291501093
28091.0,-2.5533527696793
28093.0,-1.278203164880041
28095.0,-4.784552845528455
28097.0,
28099.0,-4.538773441459706
28101.0,-4.1768433179723505
28103.0,0.0
28105.0,-2.4
28107.0,-3.4988978692138133
28109.0,-1.8172070462088332
28111.0,-1.390011890606421
28113.0,-2.0849840255591054
28115.0,-4.092695214105793
28117.0,-2.2324794586756886
28119.0,-3.0
28121.0,-2.273316437364229
28123.0,-2.8438528896672506
28125.0,-2.4
28127.0,-1.0
28129.0,-4.0
28131.0,-3.0
28133.0,-6.0
28135.0,-1.925900900900901
28137.0,-4.588739946380697
28139.0,-3.047169811320755
28141.0,0.0
28143.0,-2.0
28145.0,-2.5690916917778734
28147.0,-3.0
28149.0,-3.4
28151.0,-4.6192275162108825
28153.0,-3.0
28155.0,0.0
28157.0,-5.9
28159.0,-1.0
28161.0,-0.8146900269541779
28163.0,-2.505021598272138
29001.0,-0.8552732871439569
29003.0,0.21791044776119403
29005.0,1.535579514824798
29007.0,-0.4033242876526459
29009.0,1.5897863818424567
29011.0,-0.22466422466422467
29013.0,-0.8072183098591549
29015.0,-2.202714932126697
29017.0,1.372801875732708
29019.0,0.29362019185992366
29021.0,-1.0668431502316347
29023.0,-5.863648380700595
29025.0,0.5536423841059602
29027.0,-1.6448335699637164
29029.0,-1.0205409974640745
29031.0,-0.5054073765367785
29033.0,-1.5538336052202284
29035.0,-0.38095238095238093
29037.0,-0.12967791722513305
29039.0,1.1126620139581256
29041.0,-0.7668845315904139
29043.0,-0.27088170839744485
29045.0,1.0
29047.0,-0.9682145799011531
29049.0,-0.15752308527973927
29051.0,-0.8145857642940489
29053.0,0.3463912630579297
29055.0,-1.1196774193548387
29057.0,-4.270625
29059.0,-4.0
29061.0,-2.900735294117647
29063.0,-2.1565656565656566
29065.0,1.1688574317492417
29067.0,-4.277620396600566
29069.0,-0.9330252100840336
29071.0,-0.4876847290640394
29073.0,0.08587167854828257
29075.0,-2.0374220374220373
29077.0,-0.07358795051102743
29079.0,0.0
29081.0,-1.5723981900452488
29083.0,-1.6850271528316525
29085.0,-2.7538598839803665
29087.0,1.438692098092643
29089.0,4.217462932454695
29091.0,1.9291522218720454
29093.0,1.8930317848410758
29095.0,0.4962378040333274
29097.0,-0.6949337027508409
29099.0,-0.35508265247957443
29101.0,0.07787163802310902
29103.0,3.0
29105.0,-3.332126696832579
29107.0,0.33043114273754715
29109.0,1.4488852637302883
29111.0,-1.2224
29113.0,0.2105513307984791
29115.0,-1.2854077253218885
29117.0,-1.758957654723127
29119.0,0.0
29121.0,-2.0755735492577596
29123.0,-2.809197651663405
29125.0,-1.5869724770642202
29127.0,-0.8028697571743929
29129.0,-2.632911392405063
29131.0,-1.6768577494692145
29133.0,-0.5646929824561403
29135.0,2.815426997245179
29137.0,0.2986577181208054
29139.0,-3.1979197622585436
29141.0,-1.388946819603754
29143.0,-3.2706342311033882
29145.0,0.05270508474576281
29147.0,1.5866834170854272
29149.0,-1.3883984867591426
29151.0,-1.8070739549839228
29153.0,-1.8258345428156748
29155.0,-2.1327673410404624
29157.0,0.943050193050193
29159.0,-0.7361904761904762
29161.0,-0.9803306342780026
29163.0,-1.5246913580246915
29165.0,-0.324007561436673
29167.0,0.7885777777777778
29169.0,-0.20481867858917038
29171.0,-4.0
29173.0,-4.5
29175.0,-0.7339547677261614
29177.0,0.29284124629080116
29179.0,3.138541666666667
29181.0,0.1625615763546798
29183.0,-0.36127921279212794
29185.0,1.3813131313131313
29186.0,-3.0
29187.0,-0.5625382574984698
29189.0,-0.47037773046289727
29195.0,-2.6723130106851034
29197.0,2.0
29199.0,2.0
29201.0,-1.334640522875817
29203.0,-0.6343896713615024
29205.0,-1.8309128630705394
29207.0,-0.91651865008881
29209.0,0.7576899320568252
29211.0,-4.405858585858586
29213.0,-0.3315760266370699
29215.0,2.472322435174746
29217.0,-0.7134146341463414
29219.0,-0.7236017055430148
29221.0,-4.041641701617735
29223.0,1.0975292587776333
29225.0,-1.6434504792332267
29227.0,3.9
29229.0,-2.0574324324324325
29510.0,1.2891259815636735
30001.0,0.8912213740458015
30003.0,-0.7609254498714653
30005.0,0.05661641541038518
30007.0,0.0
30009.0,-2.469502407704655
30011.0,0.0
30013.0,1.9772111357477213
30015.0,-8.930817610062894
30017.0,0.9049645390070922
30019.0,-6.666666666666667
30021.0,0.9269949066213922
30023.0,-2.0
30025.0,-0.7952755905511811
30027.0,0.7758369723435226
30029.0,1.3958095524181435
30031.0,-1.426309303758472
30033.0,0.0
30035.0,-1.5918203688853247
30037.0,0.0
30039.0,0.0
30041.0,0.0
30043.0,0.7400662251655629
30045.0,0.0
30047.0,1.1608935974205437
30049.0,0.3860635009834223
30051.0,0.0
30053.0,-0.9781818181818182
30055.0,0.0
30057.0,1.8113207547169812
30059.0,0.0
30061.0,4.815371024734982
30063.0,-1.232105903834449
30065.0,-5.347368421052631
30067.0,4.03016241299304
30069.0,0.0
30071.0,2.9271523178807946
30073.0,-2.9074074074074074
30075.0,-9.560679611650485
30077.0,-1.6729559748427674
30079.0,0.0
30081.0,2.0751854795972444
30083.0,-0.13032490974729244
30085.0,-0.10102627257799668
30087.0,-2.4269972451790633
30089.0,1.264516129032258
30091.0,4.549356223175966
30093.0,-0.9124505928853753
30095.0,-4.264705882352941
30097.0,0.0
30099.0,-1.3333333333333333
30101.0,0.0
30103.0,0.0
30105.0,-0.348294434470377
30107.0,-4.590097402597403
30109.0,0.0
30111.0,0.5641948416832402
31001.0,-1.5211333023687876
31003.0,-5.081871345029239
31005.0,0.0
31007.0,0.0
31009.0,0.0
31011.0,-6.106205250596659
31013.0,-3.5126162018592297
31015.0,-4.875
31017.0,-4.0
31019.0,-0.05300732702652566
31021.0,-2.7130281690140845
31023.0,2.7857142857142856
31025.0,-0.5362421383647799
31027.0,-1.1108041743400856
31029.0,12.477611940298507
31031.0,1.8006872852233677
31033.0,-0.6745341614906832
31035.0,-3.8776408450704225
31037.0,0.0
31039.0,-4.482504012841091
31041.0,0.9016189290161893
31043.0,-3.3916849015317285
31045.0,1.6910569105691058
31047.0,0.4901956521739131
31049.0,0.0
31051.0,0.0
31053.0,1.2261931187569366
31055.0,-1.146366975764906
31057.0,-3.9
31059.0,-2.6595744680851063
31061.0,9.585253456221198
31063.0,-3.806772908366534
31065.0,-2.8348837209302324
31067.0,-0.6504065040650406
31069.0,-6.5
31071.0,-4.0
31073.0,0.0
31075.0,0.0
31077.0,-6.864139020537125
31079.0,-2.697552958363769
31081.0,-1.5854341736694677
31083.0,-2.9
31085.0,0.0
31087.0,11.163082437275987
31089.0,-1.1755991285403051
31091.0,0.0
31093.0,-2.081208687440982
31095.0,3.3554794520547944
31097.0,-1.5123456790123457
31099.0,3.452181208053691
31101.0,-3.7032193158953723
31103.0,0.0
31105.0,-3.248913043478261
31107.0,-4.979804161566707
31109.0,-1.5355559711961098
31111.0,-3.2036776212832554
31113.0,10.0
31115.0,0.0
31117.0,0.0
31119.0,-1.906396016851781
31121.0,-2.0048440065681445
31123.0,-4.397097625329815
31125.0,-4.030275229357798
31127.0,-2.741573033707865
31129.0,-1.5986842105263157
31131.0,-1.5983870967741935
31133.0,0.0
31135.0,0.0
31137.0,-0.6843615494978479
31139.0,1.1683569979716024
31141.0,-3.6227148080438756
31143.0,-2.4224299065420563
31145.0,-0.6778314917127072
31147.0,3.25
31149.0,-19.5
31151.0,1.3501733531451214
31153.0,-0.9795401660867151
31155.0,0.0459992625368732
31157.0,-1.161764705882353
31159.0,-1.027579908675799
31161.0,3.046511627906977
31163.0,-3.670933734939759
31165.0,0.0
31167.0,-1.6089136490250695
31169.0,-0.5093833780160858
31171.0,0.0
31173.0,-0.9510250569476082
31175.0,0.0
31177.0,-1.0660980810234542
31179.0,1.768033946251768
31181.0,1.3797814207650274
31183.0,0.0
31185.0,1.3656542056074767
32001.0,0.4339532285098571
32003.0,0.07251042362534842
32005.0,-0.2
32007.0,0.26584515720170404
32009.0,0.0
32011.0,6.25
32013.0,-1.0
32015.0,-1.0
32017.0,0.0
32019.0,1.8
32021.0,0.0
32023.0,0.8
32027.0,-6.0
32029.0,6.0
32031.0,0.8519134408898188
32033.0,0.30561381863047504
32510.0,0.21102125946796443
33001.0,0.17640372812002728
33003.0,-0.14306833114323259
33005.0,-1.0240708646254573
33007.0,2.911858974358975
33009.0,-0.20935297885970533
33011.0,-0.42331739707835325
33013.0,-0.3436722094991536
33015.0,0.0399607759991519
33017.0,-0.16146515170227643
33019.0,-0.08850849256900209
34001.0,2.6845510694671093
34003.0,1.854102461476886
34005.0,2.2778474639346773
34007.0,1.6469967539889365
34009.0,0.3248820905035054
34011.0,1.3712962229788581
34013.0,2.0547812476304985
34015.0,1.963256315019375
34017.0,2.436767076231999
34019.0,4.125758329189458
34021.0,2.123562356235624
34023.0,1.8858228549994294
34025.0,2.829106623688535
34027.0,3.3311562462498503
34029.0,2.9276954325867366
34031.0,2.4177798524723912
34033.0,1.1299276934201012
34035.0,3.658666892808684
34037.0,3.6328048541788998
34039.0,2.593242500909098
34041.0,3.2382467378410444
35001.0,1.1328799217523826
35003.0,0.0
35005.0,-1.1211247901510912
35006.0,-1.0
35007.0,0.0
35009.0,-0.23935703848027282
35011.0,-1.6666666666666667
35013.0,0.7611771363893605
35015.0,0.0
35017.0,-2.726054732041049
35019.0,1.8670694864048338
35021.0,0.0
35023.0,-3.0
35025.0,1.3847860820166873
35027.0,1.6241610738255035
35028.0,-1.0
35029.0,-2.8
35031.0,2.1201970443349754
35033.0,0.0
35035.0,-0.27184173744758633
35037.0,4.116169544740973
35039.0,11.738965744400527
35041.0,-2.489822718319107
35043.0,1.1749591473961944
35045.0,1.7042532901010872
35047.0,-0.982532751091703
35049.0,-1.3665357620320855
35051.0,2.0
35053.0,-0.40115163147792704
35055.0,-2.2611669458403125
35057.0,-1.2715083798882683
35059.0,-2.471311475409836
35061.0,-1.4891663882392252
36001.0,-0.7298370390829996
36003.0,-0.5539407920030758
36005.0,-0.6156213044664787
36007.0,-0.9605842779467331
36009.0,-0.9212342079689019
36011.0,-0.380534458509142
36013.0,-0.2082733342060479
36015.0,-1.1586635862804338
36017.0,-0.9263937282229965
36019.0,-0.2203601108033241
36021.0,-1.3041296796603628
36023.0,0.36074918566775244
36025.0,-2.7584848484848488
36027.0,-2.223051994814922
36029.0,-1.0212969842937303
36031.0,-1.3334536082474227
36033.0,0.4645483193277311
36035.0,-1.688616006934412
36037.0,-0.9902927120669056
36039.0,-0.567257785467128
36041.0,0.0
36043.0,-0.736573790569504
36045.0,-1.1495377397543811
36047.0,-0.2991691609041181
36049.0,2.4389895138226882
36051.0,-0.7129021667760999
36053.0,-0.10269019380966156
36055.0,-1.190388110766599
36057.0,-2.2452891487979207
36059.0,-0.8864056881994101
36061.0,-0.4744092809007933
36063.0,-0.6263870641738252
36065.0,-0.4004675081813932
36067.0,-0.20767121336229924
36069.0,1.047373670212766
36071.0,-0.888365298525046
36073.0,-1.995996231747527
36075.0,-0.4519309219472396
36077.0,-1.1194084448160535
36079.0,-0.8592472620700293
36081.0,-0.5274126192294568
36083.0,-0.960554266878281
36085.0,-1.0
36087.0,-1.5499424537711963
36089.0,-0.3877668047148773
36091.0,-1.2504040747028864
36093.0,-2.0460032626427402
36095.0,-2.605986560781918
36097.0,3.503480278422274
36099.0,-1.2298488664987406
36101.0,-0.0990479548660085
36103.0,-1.2956528430152423
36105.0,0.2148739063304169
36107.0,-0.7821195379206429
36109.0,0.5118782479584262
36111.0,-1.4231226078923056
36113.0,-1.6107163323782234
36115.0,0.5674837566450088
36117.0,-0.42219215155615697
36119.0,-1.1003399559253122
36121.0,-0.2726537216828479
36123.0,0.7274969173859432
37001.0,-0.33600450489474143
37003.0,-1.6
37005.0,-1.0
37007.0,-2.0
37009.0,1.0
37011.0,3.667005076142132
37013.0,-1.0684888469996858
37015.0,0.0
37017.0,1.662887511071745
37019.0,-1.8735401183072957
37021.0,-0.5721862538118696
37023.0,-0.07904696370204714
37025.0,-0.08895041658199554
37027.0,-1.0
37029.0,-4.0
37031.0,1.035824345146379
37033.0,-3.0
37035.0,0.6873640167364016
37037.0,0.5319574989783409
37039.0,1.527029847630975
37041.0,-1.0
37043.0,-3.0
37045.0,0.5941855670103092
37047.0,0.30045988758303527
37049.0,-1.2
37051.0,-0.4756655591538041
37053.0,-0.1971608832807571
37055.0,-1.8
37057.0,0.008925383791503035
37059.0,0.8
37061.0,0.0
37063.0,0.4292793405517166
37065.0,0.6899468817627386
37067.0,0.5533935207778069
37069.0,0.3919126767551476
37071.0,-0.28717237903225806
37073.0,-2.0
37075.0,-2.0
37077.0,-0.8755437409376511
37079.0,0.0
37081.0,0.10519601178336734
37083.0,0.6572489505973522
37085.0,-1.7633639838826323
37087.0,-0.2692196112561648
37089.0,-0.7647167772804445
37091.0,-4.0
37093.0,-0.6
37095.0,2.0
37097.0,-0.5688864703081423
37099.0,0.0
37101.0,0.07619421394931598
37103.0,2.0
37105.0,-1.0
37107.0,-1.36085086042065
37109.0,-0.15556964031056883
37111.0,-0.4
37113.0,-0.4
37115.0,-5.0
37117.0,-2.655467318265119
37119.0,-0.391891874616486
37121.0,-2.0
37123.0,-1.6
37125.0,-1.2946310832025116
37127.0,0.9243542435424354
37129.0,-0.42344222860246755
37131.0,-1.2038216560509554
37133.0,-0.5959971408148678
37135.0,-0.4677492291880782
37137.0,-0.04555808656036447
37139.0,-1.6501980554555278
37141.0,0.2
37143.0,-2.0
37145.0,-1.6216291024120206
37147.0,-0.29222816086918424
37149.0,-1.0
37151.0,-1.245132572092123
37153.0,0.4
37155.0,-2.1439277223014743
37157.0,-0.38010932816081816
37159.0,-0.9722877672314378
37161.0,-2.757249154453213
37163.0,-0.8456894851055435
37165.0,0.6
37167.0,-0.050421743205248316
37169.0,-1.2
37171.0,-0.960845383759733
37173.0,-1.7606490872210954
37175.0,0.7237136465324385
37177.0,0.0
37179.0,0.11520412056466998
37181.0,-0.752794158944117
37183.0,-0.4290891698149763
37185.0,-1.8577319587628867
37187.0,1.0
37189.0,0.19029554477282754
37191.0,-1.0108356702187324
37193.0,-0.5882899628252788
37195.0,-0.792586649550706
37197.0,-0.6
37199.0,0.0
38001.0,0.0
38003.0,1.3829442282749675
38005.0,0.0
38007.0,0.0
38009.0,3.1384615384615384
38011.0,-0.7322580645161291
38013.0,0.0
38015.0,0.19672721322205858
38017.0,2.462108423250957
38019.0,-2.410958904109589
38021.0,2.8341584158415842
38023.0,4.9
38025.0,-3.6491228070175437
38027.0,0.0
38029.0,0.0
38031.0,2.949367088607595
38033.0,5.322834645669292
38035.0,-0.9215918980932036
38037.0,0.0
38039.0,2.22279792746114
38041.0,0.0
38043.0,3.8999999999999995
38045.0,3.3798882681564244
38047.0,-4.52054794520548
38049.0,1.9061032863849765
38051.0,0.0
38053.0,1.4026905829596412
38055.0,-4.861784287616511
38057.0,-2.1198979591836733
38059.0,-0.8187613843351548
38061.0,1.815049864007253
38063.0,-4.071428571428571
38065.0,6.666666666666667
38067.0,-1.0748987854251013
38069.0,5.575971731448763
38071.0,-1.858910891089109
38073.0,-2.10094696969697
38075.0,0.0
38077.0,1.2923101673101673
38079.0,1.2718624497991966
38081.0,2.5754716981132075
38083.0,0.0
38085.0,0.0
38087.0,0.0
38089.0,-2.0527332704995285
38091.0,0.0
38093.0,1.6658227848101266
38095.0,4.875
38097.0,2.448190789473684
38099.0,-1.9326059050064184
38101.0,-0.3276977666457942
38103.0,-4.6
38105.0,0.7862127371273713
39001.0,-5.097390043499275
39003.0,-3.5117486338797814
39005.0,-1.8666058948647828
39007.0,-0.4909209241783274
39009.0,-0.9767820171546879
39011.0,-2.982578796561605
39013.0,-5.400984817398441
39015.0,-2.4983164983164983
39017.0,-1.4433444075304542
39019.0,-3.9505376344086023
39021.0,0.8881263964251516
39023.0,-1.9960701009028146
39025.0,-2.218336886993603
39027.0,-1.1272727272727272
39029.0,-1.600888951601524
39031.0,-4.746303142329021
39033.0,0.34393363290701695
39035.0,-2.3935732689888662
39037.0,-1.9364847218594932
39039.0,-2.0017482517482517
39041.0,-2.091660731847933
39043.0,-2.746742112482853
39045.0,-0.8699948444749958
39047.0,-2.5393158596179477
39049.0,-1.9132060142556924
39051.0,-2.7031516183986373
39053.0,-2.4644696189495368
39055.0,-2.0060080878105144
39057.0,-1.058286759475663
39059.0,-1.2759501756627276
39061.0,-3.024107045048877
39063.0,-3.6344721096313455
39065.0,-4.248795811518325
39067.0,-7.5696551724137935
39069.0,-2.9885714285714284
39071.0,-2.6742963192081657
39073.0,-5.461384553821529
39075.0,-1.4493410214168039
39077.0,-1.5515818431911967
39079.0,-3.3844827586206896
39081.0,-3.345267489711934
39083.0,-2.4330434782608696
39085.0,-2.0545467868395986
39087.0,-3.2735913879981675
39089.0,-1.9404085933384065
39091.0,-1.635107095046854
39093.0,-1.5674868548675276
39095.0,-1.7760241700535915
39097.0,-1.6623335447051364
39099.0,-1.3971909699242593
39101.0,-1.4507531865585168
39103.0,-1.4093253801562633
39105.0,-3.333174711080898
39107.0,-3.2736496141754787
39109.0,-3.2317001730794837
39111.0,-6.0
39113.0,-1.5884604036350758
39115.0,-4.0
39117.0,-3.8683438155136267
39119.0,-2.8327132013692515
39121.0,-0.26353790613718414
39123.0,-1.178750897343862
39125.0,-4.7741342756183744
39127.0,-4.56309208033346
39129.0,-2.6918213058419243
39131.0,-3.2056362835755174
39133.0,-0.9296814725008267
39135.0,-1.7346300798888503
39137.0,-1.1560249816311534
39139.0,-1.495589487772235
39141.0,-2.394885876094045
39143.0,-2.8980582524271843
39145.0,-1.7727954971857411
39147.0,-2.974826388888889
39149.0,-2.1085476747207066
39151.0,-1.5311381381381381
39153.0,-2.508136936936937
39155.0,-1.5842088197146564
39157.0,-1.7923355025307304
39159.0,-1.8588588588588588
39161.0,-3.653207198892478
39163.0,-4.0
39165.0,-0.9918132689433137
39167.0,-4.707726147924113
39169.0,-1.8485669470982462
39171.0,-2.3761806981519507
39173.0,-2.9772050530115046
39175.0,-6.0622961513372475
40001.0,-0.3405501782985227
40003.0,-4.4
40005.0,-2.9171481092436973
40007.0,-4.209493670886077
40009.0,0.5336593785960875
40011.0,-1.190909090909091
40013.0,-2.138798781087192
40015.0,-2.981501340482574
40017.0,-3.536666666666667
40019.0,-1.357038897475528
40021.0,0.866803158818368
40023.0,0.6750972762645915
40025.0,4.997109826589595
40027.0,-1.5750685986019541
40029.0,-2.193832599118943
40031.0,-0.37561828256908025
40033.0,1.2991071428571428
40035.0,-2.0510295434198746
40037.0,-2.020804619109704
40039.0,-3.399747793190416
40041.0,-2.6276709401709404
40043.0,-2.192685589519651
40045.0,-2.354651162790698
40047.0,-1.6669715249400014
40049.0,-1.7474656357388318
40051.0,-2.972384199388667
40053.0,-0.4954682779456193
40055.0,-1.5259631490787269
40057.0,-5.9
40059.0,-3.457063711911357
40061.0,-0.9320158102766799
40063.0,-6.029885057471264
40065.0,0.7311015118790497
40067.0,0.4697167755991286
40069.0,-1.4046242774566473
40071.0,-2.3373200117543345
40073.0,-4.195902140672783
40075.0,-2.461658841940532
40077.0,-1.5879478827361564
40079.0,-2.6292674977593093
40081.0,-2.3698824041811846
40083.0,-0.5053827160493828
40085.0,-1.2041343669250646
40087.0,-0.5266447368421053
40089.0,-3.0303850248403124
40091.0,-3.190514469453376
40093.0,-4.873889875666075
40095.0,-2.1587786259541986
40097.0,-0.9124920735573875
40099.0,-2.5579710144927534
40101.0,-2.9806556783191454
40103.0,-4.236170212765957
40105.0,-2.701062215477997
40107.0,-3.846927966101695
40109.0,-1.1990814407133898
40111.0,-2.2019758507135014
40113.0,-0.2905902143956477
40115.0,-2.3456375838926173
40117.0,0.05
40119.0,-1.9056266776791246
40121.0,-1.750022401433692
40123.0,-1.7099184339314843
40125.0,-0.4848711243929772
40127.0,-3.6134453781512605
40129.0,-1.1583081570996983
40131.0,-2.905468672178504
40133.0,-2.2687031082529474
40135.0,-1.9566155080750325
40137.0,-1.7045549270616256
40139.0,-2.5961198428290766
40141.0,-6.467980295566503
40143.0,-1.5826693545806534
40145.0,-1.917792595192139
40147.0,-1.5928138766519824
40149.0,-3.5922619047619047
40151.0,-8.286870503597122
40153.0,-0.4275818639798489
41001.0,0.36713672593500923
41003.0,1.4649806389157793
41005.0,1.2169811320754718
41007.0,1.65633626097867
41009.0,0.4542372881355932
41011.0,0.2797215777262181
41013.0,1.0
41015.0,1.9025336091003102
41017.0,-0.510435663627153
41019.0,0.9910620889648387
41021.0,11.320754716981131
41023.0,-2.9138381201044385
41025.0,-1.0258202567760342
41027.0,4.0
41029.0,2.37211970074813
41031.0,0.0
41033.0,1.0076151484135107
41035.0,2.005676356145571
41037.0,2.953020134228188
41039.0,1.1363998773382398
41041.0,0.4
41043.0,0.7950895329518184
41045.0,2.5129958960328316
41047.0,2.5183362138495218
41049.0,0.0
41051.0,1.6351147329054896
41053.0,2.5090715835140998
41055.0,-20.0
41057.0,3.37717195925704
41059.0,1.520295241044699
41061.0,0.49592286501377403
41063.0,0.0
41065.0,0.4056130972268627
41067.0,0.9807257614088117
41069.0,-1.2698412698412698
41071.0,0.3873249014007888
42001.0,0.4540599968588032
42003.0,-1.4424633450711477
42005.0,-0.1821754165356806
42007.0,-1.6744328008953098
42009.0,-0.9867086393844001
42011.0,-1.531092281048986
42013.0,-0.45446667516248246
42015.0,-3.2531085604973695
42017.0,-0.5268682229876259
42019.0,-1.5927235106474695
42021.0,-1.2097368421052632
42023.0,-5.0
42025.0,-2.095168015697817
42027.0,-1.1592263714876536
42029.0,-0.6612934579439252
42031.0,-3.26803913575214
42033.0,-1.3450733319562074
42035.0,-1.5071474983755686
42037.0,-1.4890267175572518
42039.0,-1.1571529245947851
42041.0,-0.4878496206545125
42043.0,-0.22228688805203697
42045.0,-1.231645533551788
42047.0,-3.118279569892473
42049.0,-0.9131995346131472
42051.0,-2.299900633461682
42053.0,-1.0
42055.0,-0.25581693363844393
42057.0,-2.981424148606811
42059.0,-0.2268065268065268
42061.0,-0.016281512605042018
42063.0,-1.7749406175771971
42065.0,-1.5452120565484129
42067.0,-1.0
42069.0,0.07403801576263327
42071.0,-1.1781095517733318
42073.0,-0.79474082482028
42075.0,-1.319835901984699
42077.0,-0.8118271677431983
42079.0,-1.1455026964560862
42081.0,-1.729655744504355
42083.0,-1.5426042050903725
42085.0,-0.9544240138299545
42087.0,-0.7775819527670074
42089.0,-0.44398552643191247
42091.0,-0.5099434253385908
42093.0,0.0
42095.0,-1.3707094392336858
42097.0,-1.2338136407300673
42099.0,-0.079644412191582
42101.0,0.1001923019532357
42103.0,-1.9351488283723874
42105.0,-1.9870466321243523
42107.0,-1.5974134763759278
42109.0,-2.6717241379310344
42111.0,-0.6336925840390044
42113.0,0.0
42115.0,-0.9432835820895522
42117.0,-0.6264320785597381
42119.0,-0.6783164223975949
42121.0,-1.6405063291139241
42123.0,-0.34545454545454546
42125.0,-1.7771080368906456
42127.0,-1.0740506329113924
42129.0,-0.6189554851222858
42131.0,-1.3173611111111112
42133.0,-0.9892850321512702
44001.0,-0.4361493123772102
44003.0,-2.5334876868027782
44005.0,-1.9199041916167665
44007.0,-2.6094204327041544
44009.0,-1.6182427713367789
45001.0,0.6096992402955563
45003.0,-1.0715814384195905
45005.0,0.0
45007.0,-0.8993165682436468
45009.0,-2.5961797752808993
45011.0,0.5507308160779537
45013.0,-0.24245396098943003
45015.0,-0.607277079593058
45017.0,1.0
45019.0,-0.23919364851177835
45021.0,-0.6
45023.0,-0.2
45025.0,-1.2
45027.0,-0.2887163088168113
45029.0,-0.4
45031.0,0.4
45033.0,0.9774615384615383
45035.0,-1.3693028882504157
45037.0,0.0
45039.0,-0.1880449919657204
45041.0,-0.43300897801193483
45043.0,-2.2
45045.0,-1.757372184001079
45047.0,-0.9241676019453798
45049.0,-1.7228358208955223
45051.0,-1.7999999999999998
45053.0,0.05222875467664352
45055.0,-0.6
45057.0,-0.8000000000000002
45059.0,-0.5430912311780336
45061.0,-0.08434966122403642
45063.0,-0.8617190799290521
45065.0,2.0
45067.0,0.8
45069.0,0.0
45071.0,0.2
45073.0,-0.8
45075.0,-0.2025564550489987
45077.0,-0.9373524884556184
45079.0,-0.4371612903225806
45081.0,-1.828762106291202
45083.0,-0.8137913105644559
45085.0,-1.2
45087.0,1.0
45089.0,0.0
45091.0,-0.6721300530760759
46003.0,0.0
46005.0,0.6158077591198611
46007.0,5.0
46009.0,1.0639175257731959
46011.0,1.9231456657730117
46013.0,-0.11585557299843016
46015.0,-0.9727626459143969
46019.0,4.977124183006536
46021.0,0.0
46023.0,-0.2136627906976744
46025.0,-1.2621951219512195
46027.0,2.4171686746987953
46029.0,0.0180227057710501
46031.0,2.374301675977654
46033.0,1.9727891156462585
46035.0,-0.845905867182463
46037.0,2.626160990712074
46039.0,-3.8776978417266186
46041.0,-0.07523939808481532
46043.0,0.0
46045.0,-1.29073482428115
46047.0,0.0
46049.0,-6.666666666666667
46051.0,5.010121457489879
46053.0,0.0
46055.0,4.0
46057.0,-1.7950693374422189
46059.0,-4.9
46061.0,-1.0355207706201084
46063.0,0.0
46065.0,2.736051502145923
46067.0,2.522128851540616
46069.0,-39.5
46071.0,4.0
46073.0,-3.8999999999999995
46075.0,0.0
46077.0,-6.078793774319066
46079.0,-0.6283482142857143
46081.0,0.23938482113005682
46083.0,-0.25472312703583067
46085.0,-4.0
46087.0,-3.0936507936507938
46089.0,0.0
46091.0,5.09640522875817
46093.0,0.268126399601891
46095.0,2.6787878787878787
46097.0,-5.0
46099.0,0.4195775437721976
46101.0,-1.0961538461538463
46102.0,1.9
46103.0,0.3886918405919491
46105.0,0.0
46107.0,-13.594771241830065
46109.0,-2.502344827586207
46111.0,3.8666666666666667
46115.0,3.199324324324324
46117.0,4.0
46119.0,0.0
46121.0,1.9
46123.0,0.0
46125.0,-0.5
46127.0,1.0166780122532335
46129.0,1.5887323943661973
46135.0,2.270499108734403
46137.0,0.019842312746386363
47001.0,0.030491052077528
47003.0,-2.6
47005.0,-1.0
47007.0,-2.0
47009.0,-2.718737769080235
47011.0,-2.4602857142857144
47013.0,-1.2
47015.0,0.0
47017.0,-2.1997010463378177
47019.0,-2.3216424294268605
47021.0,-2.8
47023.0,-4.0
47025.0,-0.6
47027.0,-3.0
47029.0,-2.1214285714285714
47031.0,-2.2936424145053937
47033.0,0.042466765140324964
47035.0,0.0
47037.0,-1.4391927175216994
47039.0,-6.0
47041.0,-2.0
47043.0,-2.4
47045.0,-1.6323711340206184
47047.0,-3.9
47049.0,-1.0
47051.0,-2.0524466750313675
47053.0,-1.7303987960872838
47055.0,-1.0
47057.0,-1.0
47059.0,-1.0895681707908782
47061.0,-2.0
47063.0,-2.8
47065.0,-1.4
47067.0,-1.0
47069.0,-1.0
47071.0,0.0
47073.0,-1.5024073253581451
47075.0,-4.0
47077.0,-1.0
47079.0,-2.0
47081.0,-3.0
47083.0,1.0
47085.0,-2.0
47087.0,-3.0
47089.0,-0.4
47091.0,-2.0
47093.0,-1.4
47095.0,-1.9
47097.0,-1.0
47099.0,-2.8000000000000003
47101.0,-4.0
47103.0,-0.6066420664206643
47105.0,-1.3907309486780715
47107.0,-1.9050797401063202
47109.0,-3.8
47111.0,-2.0
47113.0,-2.0
47115.0,-1.1385272145144076
47117.0,-1.8
47119.0,-1.4
47121.0,-3.0
47123.0,-1.4500818330605565
47125.0,-4.2
47127.0,-1.0
47129.0,-3.0
47131.0,-2.3345917885795187
47133.0,-1.0
47135.0,-5.0
47137.0,0.0
47139.0,-2.0
47141.0,-4.2
47143.0,-3.3205398566005906
47145.0,-1.2
47147.0,-2.4
47149.0,-1.922741530740276
47151.0,-2.174054054054054
47153.0,-1.0
47155.0,-1.4
47157.0,-2.338837920489297
47159.0,-3.0
47161.0,-1.0
47163.0,-1.5888972243060766
47165.0,-2.0
47167.0,-3.0
47169.0,-5.0
47171.0,-3.0
47173.0,-0.4
47175.0,-3.8999999999999995
47177.0,-2.0
47179.0,-2.1127118644067795
47181.0,-2.0
47183.0,-4.0
47185.0,-1.0
47187.0,-1.4846752483970438
47189.0,-2.45964843366395
48001.0,0.7796255774373936
48003.0,-0.4
48005.0,2.8178173127987254
48007.0,3.0
48009.0,2.8790697674418606
48011.0,1.0
48013.0,2.8173100565527416
48015.0,2.2891619780870593
48017.0,3.0
48019.0,2.4992631889183614
48021.0,1.3880477537782072
48023.0,4.0
48025.0,0.06378066378066374
48027.0,2.0980339062867905
48029.0,2.4806389318386803
48031.0,2.0
48033.0,0.0
48035.0,1.702833706189411
48037.0,2.2465737514518005
48039.0,1.2701612179583048
48041.0,1.7048369413547024
48043.0,1.699248120300752
48045.0,0.0
48047.0,4.0
48049.0,1.6817426005986034
48051.0,0.5532591414944356
48053.0,0.5617811854910056
48055.0,0.984981458590853
48057.0,-2.0
48059.0,1.8156277436347674
48061.0,2.378767184431352
48063.0,0.0
48065.0,1.3726605504587157
48067.0,1.837907949790795
48069.0,1.082
48071.0,2.109212730318258
48073.0,1.0408817635270542
48075.0,3.0
48077.0,2.203017832647462
48079.0,0.0
48081.0,7.042400881057269
48083.0,4.6960648148148145
48085.0,2.9709253109891436
48087.0,2.0
48089.0,4.013916500994036
48091.0,2.054866156787763
48093.0,-0.16109563602599813
48095.0,10.8
48097.0,2.059500328731098
48099.0,1.931474502886466
48101.0,0.0
48103.0,0.0
48105.0,0.0
48107.0,4.8209393346379645
48109.0,0.0
48111.0,2.7279411764705883
48113.0,1.606280773517731
48115.0,2.0150575730735163
48117.0,0.6983695652173914
48119.0,5.174447174447175
48121.0,2.93467062116212
48123.0,2.4538196155741745
48125.0,0.11935483870967742
48127.0,-1.0
48129.0,0.0
48131.0,2.189228159457167
48133.0,0.316508937960042
48135.0,0.46859887560722674
48137.0,1.9689922480620154
48139.0,2.240676908305329
48141.0,1.2029991736860095
48143.0,-0.6077078734363502
48145.0,1.8362704918032788
48147.0,0.900796812749004
48149.0,2.2820058997050148
48151.0,-3.5176470588235293
48153.0,2.680669144981412
48155.0,0.0
48157.0,2.202451057056368
48159.0,4.0
48161.0,1.3418879056047197
48163.0,1.7705965909090908
48165.0,-0.6481743227326265
48167.0,2.3010214832119464
48169.0,-4.488213399503722
48171.0,0.623695518723143
48173.0,4.0
48175.0,0.0
48177.0,0.5150769230769231
48179.0,0.8733965421081985
48181.0,2.3144460028050493
48183.0,2.065395269550394
48185.0,0.4427934621099554
48187.0,2.1349487050721
48189.0,3.31827731092437
48191.0,-3.0
48193.0,1.7509529860228716
48195.0,0.7097026604068858
48197.0,3.0121951219512195
48199.0,0.6417464114832536
48201.0,2.270252688184063
48203.0,-0.9351247600767755
48205.0,2.8646739130434784
48207.0,-0.3627450980392157
48209.0,1.604772553725319
48211.0,5.0
48213.0,2.5844199967642774
48215.0,1.3846945982473733
48217.0,1.7582336863682952
48219.0,0.7026173285198556
48221.0,2.0333257351265104
48223.0,3.3743926460932374
48225.0,1.864211869814933
48227.0,2.120028870443883
48229.0,2.918918918918919
48231.0,2.829940161424993
48233.0,1.5886752136752136
48235.0,0.0
48237.0,1.4277704485488127
48239.0,4.273170731707317
48241.0,1.941952564809708
48243.0,0.0
48245.0,1.5320818650040664
48247.0,0.0
48249.0,-0.46144578313253015
48251.0,1.6476933823306104
48253.0,4.3625103220478945
48255.0,0.9220354808590103
48257.0,1.7375689450534106
48259.0,2.4087839237621713
48261.0,0.0
48263.0,0.0
48265.0,2.1045920812961367
48267.0,6.0
48269.0,0.0
48271.0,2.0
48273.0,1.7600572143751116
48275.0,-7.141104294478527
48277.0,2.540888772022088
48279.0,1.5392307692307692
48281.0,1.2711088504577823
48283.0,3.0
48285.0,1.3206713780918728
48287.0,4.430515759312321
48289.0,1.758557902403496
48291.0,2.1715902100360314
48293.0,2.586304470854556
48295.0,0.5146198830409356
48297.0,-2.53177691309987
48299.0,5.951276102088167
48303.0,1.9724064577397913
48305.0,-0.06359890109890104
48307.0,4.834670947030498
48309.0,2.3189589755750535
48311.0,4.0
48313.0,3.0811715481171547
48315.0,3.0
48317.0,-1.0679304897314377
48319.0,2.0
48321.0,2.166564228641672
48323.0,2.0
48325.0,1.6686639958195435
48327.0,0.0
48329.0,1.1147890604205484
48331.0,0.920164609053498
48333.0,1.9859484777517564
48335.0,5.51958762886598
48337.0,3.150459921156373
48339.0,2.5454668389578385
48341.0,1.7639461883408072
48343.0,-1.1123529411764705
48345.0,0.0
48347.0,1.3337164750957853
48349.0,2.3025294374182295
48351.0,1.63681592039801
48353.0,0.8983983286908077
48355.0,1.4064300288388103
48357.0,2.0
48359.0,5.344418052256532
48361.0,2.2482718559395876
48363.0,3.6307922272047835
48365.0,0.0
48367.0,2.025029550827423
48369.0,4.259323671497584
48371.0,1.765572951365756
48373.0,2.377441713925646
48375.0,1.6944393410496663
48377.0,1.5569230769230769
48379.0,4.0
48381.0,1.5756616622813806
48383.0,-5.5
48385.0,2.7233421750663127
48387.0,5.385152517456818
48389.0,0.9425699928212491
48391.0,3.5386120996441277
48393.0,10.0
48395.0,0.6011080332409973
48397.0,2.998254704117807
48399.0,-0.5714285714285714
48401.0,1.5509757860498736
48403.0,2.36734693877551
48405.0,0.525
48407.0,2.297648514851485
48409.0,1.9227707255916002
48411.0,3.0588235294117645
48413.0,3.0
48415.0,0.0
48417.0,1.6412213740458015
48419.0,1.6942595673876872
48421.0,3.4055727554179565
48423.0,2.1380415570979006
48425.0,0.0
48427.0,2.6116073796264727
48429.0,2.0
48431.0,0.0
48433.0,0.0
48435.0,4.0
48437.0,4.6020161290322585
48439.0,2.27655360552293
48441.0,1.9763235294117645
48443.0,0.0
48445.0,-0.7158203125
48447.0,0.0
48449.0,-2.1340238543628374
48451.0,2.0554697216110207
48453.0,2.537687976714046
48455.0,1.0038461538461538
48457.0,2.3175675675675675
48459.0,0.42342784952274004
48461.0,2.2661290322580645
48463.0,0.2831587767071638
48465.0,2.54641268613421
48467.0,3.7204648160103293
48469.0,2.411910802510349
48471.0,2.7629013505053215
48473.0,2.6128618722265267
48475.0,0.9351851851851852
48477.0,2.536184210526316
48479.0,1.058986497220016
48481.0,1.2228416779431663
48483.0,-5.142553191489362
48485.0,2.2755799890049477
48487.0,2.574196597353497
48489.0,2.1381471389645776
48491.0,2.730870759409101
48493.0,3.955817378497791
48495.0,1.5016685205784204
48497.0,2.958970578809051
48499.0,3.5848214285714284
48501.0,5.203976143141153
48503.0,1.8793903247183565
48505.0,-1.0
48507.0,1.3391072618254496
49001.0,-6.0
49003.0,-1.7060156931124673
49005.0,-0.3123569414496599
49007.0,-1.0955261136712748
49009.0,-10.0
49011.0,-0.4267259724402582
49013.0,-2.6
49015.0,2.0
49017.0,-4.0
49019.0,2.8266850068775793
49021.0,1.3126894759636205
49023.0,0.9337797619047619
49025.0,-2.0
49027.0,1.0
49029.0,-3.0
49031.0,0.0
49033.0,-1.0
49035.0,-0.3123851452190837
49037.0,1.0
49039.0,-1.6434583014537107
49041.0,-3.6
49043.0,-1.465125458133634
49045.0,0.2508458272522224
49047.0,0.8528843499861993
49049.0,-1.3641087728132146
49051.0,1.2024452445244525
49053.0,0.5210734200743495
49055.0,2.0
49057.0,-2.0864587352625934
50001.0,
50003.0,
50005.0,
50007.0,
50009.0,
50011.0,
50013.0,
50015.0,
50017.0,
50019.0,
50021.0,
50023.0,
50025.0,
50027.0,
51001.0,3.2
51003.0,1.8
51005.0,1.0
51007.0,1.0
51009.0,1.4
51011.0,1.0
51013.0,1.2
51015.0,2.6
51017.0,0.0
51019.0,0.2
51021.0,-2.5
51023.0,-0.4
51025.0,4.0
51027.0,1.0
51029.0,1.0
51031.0,0.6
51033.0,-0.8
51035.0,1.0
51036.0,-2.0
51037.0,-2.0
51041.0,0.6
51043.0,3.0
51045.0,0.0
51047.0,2.4
51049.0,3.0
51051.0,-2.0
51053.0,0.4
51057.0,-3.0
51059.0,2.0
51061.0,2.0
51063.0,1.0
51065.0,1.0
51067.0,0.8
51069.0,1.8
51071.0,1.0
51073.0,-1.8
51075.0,2.0
51077.0,1.0
51079.0,1.0
51081.0,0.0
51083.0,-0.8
51085.0,1.0
51087.0,0.6
51089.0,0.2
51091.0,0.0
51093.0,1.2
51095.0,1.0
51097.0,4.0
51099.0,2.2
51101.0,0.0
51103.0,-2.0
51105.0,-1.0
51107.0,1.6
51109.0,0.2
51111.0,-1.0
51113.0,1.0
51115.0,-2.0
51117.0,0.4
51119.0,3.0
51121.0,1.4
51125.0,3.0
51127.0,0.0
51131.0,0.0
51133.0,-2.0
51135.0,-3.0
51137.0,2.2
51139.0,1.0
51141.0,-3.0
51143.0,-0.6
51145.0,0.4
51147.0,2.0
51149.0,-1.4
51153.0,0.8
51155.0,0.8
51157.0,2.5
51159.0,1.0
51161.0,0.0
51163.0,0.0
51165.0,1.7999999999999998
51167.0,0.0
51169.0,0.0
51171.0,1.4
51173.0,0.8
51175.0,2.0
51177.0,0.6
51179.0,1.6
51181.0,3.5
51183.0,1.0
51185.0,0.4
51187.0,1.7999999999999998
51191.0,-2.0
51193.0,0.6997026759167493
51195.0,-0.6
51197.0,-0.8
51199.0,-0.2
51510.0,1.0
51520.0,-2.0
51530.0,0.5
51540.0,1.2074284304047385
51550.0,1.6
51570.0,-1.0
51580.0,-1.0
51590.0,1.4
51595.0,0.0
51600.0,2.0
51610.0,0.0
51620.0,8.0
51630.0,3.0
51640.0,-1.0
51650.0,2.2
51660.0,1.867778335005015
51670.0,1.2
51678.0,-0.5726288987905792
51680.0,-1.0
51683.0,1.013924984903044
51685.0,1.0
51690.0,1.0
51700.0,1.4
51710.0,0.2
51720.0,1.0
51730.0,-1.6
51735.0,1.0
51740.0,0.2
51750.0,2.0
51760.0,0.6
51770.0,0.2918087917367283
51775.0,-0.8
51790.0,-2.0
51800.0,1.0
51810.0,0.8
51820.0,2.6908429752066114
51830.0,1.0
51840.0,1.9869502174963751
53001.0,1.803998368013056
53003.0,2.3994393833216536
53005.0,-0.04937617702448211
53007.0,2.0793978349120437
53009.0,-0.06118598382749326
53011.0,0.2786716805253959
53013.0,0.9405940594059405
53015.0,2.5181978798586573
53017.0,0.5919874536641003
53019.0,2.343661971830986
53021.0,1.8169724300502204
53023.0,5.0
53025.0,1.2434558216350124
53027.0,0.21598778004073318
53029.0,1.7411847672778562
53031.0,0.9450963222416813
53033.0,0.6136496240601503
53035.0,-0.47467185831815617
53037.0,-0.06614447345517842
53039.0,0.26886446886446885
53041.0,0.2035264023387539
53043.0,5.6814775160599575
53045.0,0.6860709592641261
53047.0,1.353069679849341
53049.0,3.0025566106647186
53051.0,0.0
53053.0,0.10600352441726969
53055.0,1.6592244418331374
53057.0,0.19438700147710486
53059.0,2.908836973082783
53061.0,0.8285838140651572
53063.0,0.8295776265541104
53065.0,1.6442911772739688
53067.0,1.2855441081777206
53069.0,0.0
53071.0,2.1956924421144604
53073.0,1.5967032074705645
53075.0,2.3152073732718894
53077.0,0.10857744743431766
54001.0,-1.0
54003.0,2.0
54005.0,-1.0
54007.0,-1.0
54009.0,-5.0
54011.0,-0.20000000000000004
54013.0,-1.5
54015.0,-1.0
54017.0,1.0
54019.0,-1.6000000000000003
54021.0,3.0
54023.0,-4.0
54025.0,-1.6
54027.0,0.0
54029.0,0.2
54031.0,1.0
54033.0,0.2
54035.0,-0.2
54037.0,1.2
54039.0,1.2
54041.0,3.0
54043.0,2.0
54045.0,-1.0
54047.0,-2.0
54049.0,1.2
54051.0,-3.4
54053.0,0.0
54055.0,0.0
54057.0,-0.6
54059.0,1.4
54061.0,-1.4
54063.0,5.0
54065.0,0.0
54067.0,0.0
54069.0,0.2
54071.0,-4.0
54073.0,0.0
54075.0,0.0
54077.0,1.0
54079.0,0.8
54081.0,-1.0
54083.0,-3.2
54085.0,1.0
54087.0,1.0
54089.0,2.0
54091.0,-6.0
54093.0,3.0
54095.0,5.0
54097.0,-3.0
54099.0,-0.8
54101.0,-2.0
54103.0,1.0
54105.0,3.0
54107.0,-0.8
54109.0,0.0
55001.0,-2.0
55003.0,0.5171916821082974
55005.0,0.22383808095952024
55007.0,-1.1691897953462291
55009.0,-0.5578003774376179
55011.0,-0.3886255924170616
55013.0,-0.37598425196850394
55015.0,0.8069598794499905
55017.0,-1.0448382126348228
55019.0,-0.2104347826086956
55021.0,-0.1469078179696616
55023.0,0.5996728462377318
55025.0,-0.25872283190169054
55027.0,-2.1977743798844718
55029.0,2.867873910127431
55031.0,-1.6301622418879056
55033.0,-0.17068466730954676
55035.0,-2.064591710485617
55037.0,0.0
55039.0,-0.7471038921238125
55041.0,2.8931357254290173
55043.0,-0.47854893016183336
55045.0,-1.0634615384615385
55047.0,0.4479583666933547
55049.0,-0.9947655894401457
55051.0,-3.282051282051282
55053.0,-0.3230958230958231
55055.0,-1.9658573596358118
55057.0,-0.46426553672316384
55059.0,-0.059679561680225805
55061.0,-2.4315928618638467
55063.0,-0.5997291807718348
55065.0,-0.9391947411668036
55067.0,0.830398517145505
55069.0,-2.096862960924601
55071.0,0.28540262707024555
55073.0,-0.6527996681874741
55075.0,-3.602629513343799
55077.0,-2.4027424483306836
55078.0,0.5
55079.0,-0.3265922737843185
55081.0,0.05829908314890929
55083.0,-1.8763192806603775
55085.0,-1.9222153080273803
55087.0,0.054103988515073975
55089.0,-1.0613124387855044
55091.0,7.458661417322834
55093.0,-0.1526574234546505
55095.0,-0.003786683496371095
55097.0,0.14250917584250922
55099.0,2.461343472750317
55101.0,-0.6724989078200088
55103.0,-1.455690072639225
55105.0,-0.487955254942768
55107.0,1.0476312419974392
55109.0,-0.1942051683633516
55111.0,-0.9132905138339921
55113.0,1.6074950690335306
55115.0,1.248012086513995
55117.0,0.5220688797712296
55119.0,2.106819763395964
55121.0,0.23289578361177407
55123.0,-1.2589509692132268
55125.0,-3.1743396226415093
55127.0,-1.5706859696851925
55129.0,0.47632541133455214
55131.0,-0.7255907491201609
55133.0,-1.384030741998006
55135.0,-1.3522003474232773
55137.0,-2.5346005154639175
55139.0,0.31677648251393814
55141.0,-0.5198591273723342
56001.0,-0.2
56003.0,0.2411660777385159
56005.0,1.2
56007.0,4.232686980609419
56009.0,1.1161290322580646
56011.0,0.0
56013.0,0.5338419285932255
56015.0,4.0
56017.0,6.0
56019.0,-2.0
56021.0,1.1867695700110255
56023.0,1.5276041666666667
56025.0,1.8
56027.0,3.5
56029.0,1.3642241379310345
56031.0,0.5414462081128748
56033.0,0.0
56035.0,0.25100671140939596
56037.0,0.7952146977141635
56039.0,1.0
56041.0,3.65777666999003
56043.0,-1.8420221169036335
56045.0,2.982515657620042
72001.0,-4.2
72003.0,-4.2
72005.0,-4.2
72007.0,-4.2
72009.0,-4.2
72011.0,-4.2
72013.0,-4.2
72015.0,-4.2
72017.0,-4.2
72019.0,-4.2
72021.0,-4.2
72023.0,-4.2
72025.0,-4.2
72027.0,-4.2
72029.0,-4.2
72031.0,-4.2
72033.0,-4.2
72035.0,-4.2
72037.0,-4.2
72039.0,-4.2
72041.0,-4.2
72043.0,-4.2
72045.0,-4.2
72047.0,-4.2
72049.0,-4.2
72051.0,-4.2
72053.0,-4.2
72054.0,-4.2
72055.0,-4.2
72057.0,-4.2
72059.0,-4.2
72061.0,-4.2
72063.0,-4.2
72065.0,-4.2
72067.0,-4.2
72069.0,-4.2
72071.0,-4.2
72073.0,-4.2
72075.0,-4.2
72077.0,-4.2
72079.0,-4.2
72081.0,-4.2
72083.0,-4.2
72085.0,-4.2
72087.0,-4.2
72089.0,-4.2
72091.0,-4.2
72093.0,-4.2
72095.0,-4.2
72097.0,-4.2
72099.0,-4.2
72101.0,-4.2
72103.0,-4.2
72105.0,-4.2
72107.0,-4.2
72109.0,-4.2
72111.0,-4.2
72113.0,-4.2
72115.0,-4.2
72117.0,-4.2
72119.0,-4.2
72121.0,-4.2
72123.0,-4.2
72125.0,-4.2
72127.0,-4.2
72129.0,-4.2
72131.0,-4.2
72133.0,-4.2
72135.0,-4.2
72137.0,-4.2
72139.0,-4.2
72141.0,-4.2
72143.0,-4.2
72145.0,-4.2
72147.0,-4.2
72149.0,-4.2
72151.0,-4.2
72153.0,-4.2
