FIPS,crime
1073.0,1132.6666666666663
1117.0,315.6666666666667
1115.0,257.16666666666663
1097.0,328.0
1101.0,242.0
1001.0,70.5
1051.0,109.0
1003.0,334.0
1005.0,79.0
1007.0,26.5
1125.0,569.0
1009.0,157.0
1011.0,24.0
1013.0,36.5
1035.0,32.5
1015.0,326.5
1121.0,296.5
1017.0,84.0
1019.0,66.0
1021.0,72.5
1023.0,3.0
1025.0,36.0
1027.0,35.0
1029.0,12.0
1031.0,57.5
1045.0,257.1666666666667
1033.0,71.0
1037.0,34.0
1039.0,78.0
1041.0,27.0
1043.0,71.5
1047.0,116.0
1049.0,102.0
1123.0,255.5
1053.0,80.0
1055.0,228.5
1095.0,92.0
1057.0,13.5
1059.0,45.0
1061.0,56.0
1063.0,33.0
1065.0,5.0
1067.0,158.66666666666669
1069.0,197.66666666666669
1071.0,98.0
1075.0,9.0
1077.0,160.0
1079.0,32.0
1081.0,386.5
1083.0,562.0
1085.0,16.0
1087.0,82.0
1089.0,738.0
1091.0,52.0
1093.0,30.5
1099.0,7.0
1103.0,127.0
1105.0,14.0
1107.0,16.0
1109.0,133.0
1111.0,14.0
1113.0,104.5
1119.0,39.0
1127.0,153.5
1129.0,20.0
1131.0,24.0
1133.0,52.0
,10.0
,3581.0
,263.0
,289.0
,40.0
,49.0
,107.0
,10.0
,109.0
,16.0
,1.0
,3.0
,5.0
,130.0
,77.0
,69.0
,123.0
,9.0
,1390.0
,56.0
,0.0
,7.0
,7.0
,2.0
,0.0
4001.0,34.0
,4257.0
4003.0,196.0
4005.0,666.0
4007.0,404.0
4009.0,85.0
4011.0,1.0
4013.0,18137.5
4015.0,451.0
4017.0,341.0
4019.0,4485.0
4021.0,826.5
4023.0,42.0
4025.0,637.0
4027.0,592.0
4012.0,43.0
5001.0,150.0
5003.0,71.0
5005.0,118.0
5007.0,1104.5
5009.0,262.0
5011.0,32.0
5013.0,11.0
5015.0,110.0
5017.0,37.0
5019.0,72.0
5021.0,33.0
5023.0,173.5
5045.0,479.0
5025.0,20.0
5027.0,37.0
5029.0,72.0
5031.0,615.0
5033.0,240.0
5035.0,740.0
5037.0,80.0
5039.0,44.0
5041.0,46.0
5043.0,58.0
5047.0,57.0
5049.0,40.5
5051.0,526.0
5053.0,43.0
5055.0,326.0
5057.0,99.0
5059.0,1.0
5061.0,48.0
5063.0,186.0
5065.0,34.0
5067.0,149.0
5069.0,734.0
5071.0,71.0
5073.0,2.0
5075.0,18.0
5077.0,41.0
5079.0,31.0
5081.0,23.0
5083.0,77.0
5085.0,304.0
5087.0,44.0
5089.0,43.0
5091.0,241.0
5093.0,327.0
5095.0,32.0
5097.0,2.5
5099.0,6.0
5101.0,23.0
5103.0,115.0
5105.0,33.0
5107.0,195.0
5109.0,18.5
5111.0,121.0
5113.0,7.0
5115.0,268.0
5117.0,17.0
5119.0,4535.5
5125.0,471.5
5121.0,90.0
5123.0,172.0
5127.0,39.0
5129.0,18.0
5131.0,976.0
5133.0,60.0
5135.0,12.5
5137.0,11.0
5139.0,299.0
5141.0,58.5
5143.0,858.5
5145.0,485.0
5147.0,30.0
5149.0,67.0
,0.0
6001.0,9734.0
6003.0,13.0
6005.0,110.0
6007.0,1021.0
6009.0,145.0
6011.0,58.0
6013.0,4138.0
6015.0,109.0
6017.0,323.0
6019.0,4737.0
6021.0,91.0
6023.0,626.0
6025.0,589.0
6027.0,94.0
6029.0,5567.0
6031.0,757.0
6033.0,347.0
6035.0,274.0
6037.0,56416.0
6039.0,830.0
6041.0,515.0
6043.0,79.0
6045.0,336.0
6047.0,1520.0
6049.0,43.0
6051.0,67.0
6053.0,1433.0
6055.0,753.0
6057.0,238.0
6059.0,6797.0
6061.0,597.0
6063.0,128.0
6065.0,7511.0
6067.0,6765.0
6069.0,147.0
6071.0,12219.0
6073.0,11409.0
6075.0,6092.0
6077.0,5952.0
6079.0,630.0
6081.0,1837.0
6083.0,1529.0
6085.0,6361.0
6087.0,1106.0
6089.0,623.0
6091.0,1.0
6093.0,181.0
6095.0,2114.0
6097.0,2016.0
6099.0,2908.0
6101.0,318.0
6103.0,256.0
6105.0,61.0
6107.0,1692.0
6109.0,195.0
6111.0,1830.0
6113.0,637.0
6115.0,326.0
,93.0
8001.0,2665.833333333333
8035.0,1412.6666666666667
8005.0,1487.6666666666667
8123.0,986.5
8059.0,1561.8333333333337
8003.0,64.0
8007.0,51.0
8009.0,5.0
8011.0,18.0
8013.0,684.0
8015.0,9.0
8017.0,3.0
8019.0,32.0
8021.0,2.0
8023.0,0.0
8025.0,5.0
8027.0,8.0
8029.0,42.0
8031.0,5506.0
8033.0,1.0
8037.0,74.5
8097.0,14.5
8039.0,9.0
8041.0,3504.0
8119.0,27.0
8043.0,145.0
8045.0,180.0
8047.0,33.0
8049.0,22.0
8051.0,35.0
8053.0,0.0
8055.0,24.0
8057.0,0.0
8061.0,2.0
8063.0,17.0
8065.0,12.0
8067.0,136.0
,67.0
8069.0,854.5
8071.0,53.0
8073.0,2.0
8075.0,140.0
8077.0,426.0
8079.0,0.0
8081.0,29.0
8083.0,60.0
8085.0,60.0
8087.0,75.0
8089.0,59.0
8091.0,3.0
8093.0,41.0
8095.0,3.0
8099.0,2.0
8101.0,1101.0
8103.0,8.0
8105.0,29.0
8107.0,38.0
8109.0,3.0
8111.0,1.0
8113.0,7.0
8115.0,1.0
8117.0,73.0
8121.0,3.0
8125.0,9.0
8014.0,81.0
9009.0,2202.0
9003.0,1936.0
9001.0,1620.0
9007.0,65.0
9013.0,31.0
9011.0,318.0
9005.0,80.0
9015.0,58.0
,273.0
10001.0,758.5
10003.0,2625.0
10005.0,743.5
,0.0
12001.0,1765.0
12003.0,121.0
12005.0,826.0
12007.0,112.0
12009.0,2224.0
12011.0,7259.0
,79.0
12013.0,36.0
12015.0,367.0
12017.0,373.0
12019.0,554.0
12021.0,896.0
12023.0,355.0
12086.0,13333.0
12027.0,159.0
12029.0,89.0
12031.0,6087.0
12033.0,1777.0
12035.0,206.5
12127.0,1913.5
12037.0,59.0
12039.0,169.0
12041.0,40.0
12043.0,24.0
12045.0,36.0
12047.0,55.0
12049.0,72.0
12051.0,152.0
12053.0,518.0
12055.0,280.0
12057.0,3656.0
12059.0,75.0
12061.0,352.0
12063.0,100.0
12065.0,75.0
12067.0,13.0
12069.0,1007.0
12071.0,1979.0
12073.0,1699.0
12075.0,477.0
12077.0,19.0
12079.0,111.0
12081.0,1820.0
12115.0,925.0
12083.0,1556.0
12085.0,349.0
12087.0,282.0
12089.0,199.0
12091.0,739.0
12093.0,192.0
12095.0,7778.0
12097.0,1152.0
12099.0,5643.0
12101.0,1693.0
12103.0,3379.0
12105.0,1990.0
12107.0,188.0
12109.0,392.0
12111.0,812.0
12113.0,260.0
12117.0,1305.0
12119.0,249.0
12121.0,212.0
12123.0,153.0
12125.0,47.0
12129.0,76.0
12131.0,143.0
12133.0,61.0
13001.0,83.0
13003.0,6.0
13005.0,37.0
13007.0,0.0
13009.0,224.0
13011.0,45.0
13013.0,33.0
13135.0,1356.5
13015.0,69.0
13017.0,71.0
13019.0,88.0
13173.0,21.0
13021.0,559.0
13023.0,32.0
13025.0,15.0
13027.0,90.0
13029.0,68.0
13031.0,95.0
13033.0,54.0
13035.0,72.0
13037.0,5.5
13099.0,49.5
13039.0,40.0
13043.0,24.0
13045.0,223.5
13097.0,308.5
13047.0,96.0
13295.0,133.0
13049.0,42.0
13051.0,1216.0
13053.0,0.0
13055.0,24.0
13057.0,147.0
13227.0,48.0
13059.0,640.0
13061.0,8.0
13063.0,1750.5
13065.0,4.0
13067.0,1718.5
13069.0,67.0
13071.0,52.0
13073.0,44.0
13075.0,53.0
13077.0,847.5
13079.0,13.0
13081.0,59.0
13083.0,0.0
13085.0,32.0
13087.0,110.0
13089.0,4236.0
13091.0,80.0
13093.0,10.0
13095.0,855.0
13101.0,3.0
13103.0,73.0
13105.0,40.0
13107.0,41.0
13109.0,19.0
13111.0,31.0
13113.0,83.0
13115.0,63.0
13117.0,125.0
13119.0,32.0
13195.0,102.0
13147.0,77.0
13121.0,3090.0
13123.0,77.0
13125.0,1.0
13127.0,250.0
13129.0,196.0
13131.0,53.0
13133.0,21.0
13137.0,57.0
13139.0,422.0
13141.0,22.0
13143.0,166.5
13145.0,41.0
13199.0,58.5
13149.0,21.0
13151.0,189.0
13153.0,323.5
13225.0,289.5
13155.0,20.0
13157.0,45.0
13159.0,69.0
13161.0,25.0
13163.0,45.0
13165.0,31.0
13167.0,0.0
13169.0,27.0
13171.0,32.0
13175.0,179.0
13177.0,41.0
13179.0,100.0
13181.0,7.0
13183.0,18.0
13185.0,266.0
13187.0,24.0
13189.0,28.0
13191.0,11.0
13193.0,14.0
13197.0,10.0
13263.0,15.0
13201.0,11.0
13205.0,62.0
13207.0,16.0
13209.0,30.5
13211.0,9.0
13213.0,50.0
13215.0,632.0
13217.0,166.0
13219.0,16.0
13221.0,41.0
13223.0,369.0
13233.0,97.0
13229.0,79.0
13231.0,20.0
13235.0,50.0
13237.0,29.0
13239.0,0.0
13241.0,14.0
13243.0,13.0
13245.0,540.0
13247.0,148.0
13249.0,12.0
13251.0,44.0
13253.0,22.0
13255.0,356.0
13257.0,41.0
13259.0,3.0
13261.0,144.0
13265.0,0.0
13267.0,26.0
13269.0,10.0
13271.0,0.0
13309.0,0.0
13273.0,8.0
13275.0,121.0
13277.0,205.0
13279.0,45.5
13281.0,23.0
13283.0,5.0
13285.0,95.5
13287.0,11.0
13289.0,13.0
13291.0,13.0
13293.0,56.0
13297.0,118.5
13299.0,120.0
13301.0,6.0
13303.0,30.0
13305.0,118.0
13307.0,0.0
13311.0,35.0
13313.0,296.0
13315.0,12.0
13317.0,22.0
13319.0,26.0
13321.0,95.0
,0.0
15001.0,365.0
15003.0,2701.0
15007.0,235.0
15009.0,449.0
16001.0,1175.0
,114.0
16003.0,11.0
16005.0,161.0
16077.0,131.0
16007.0,6.0
16009.0,31.0
16011.0,78.0
16013.0,40.0
16015.0,22.0
16017.0,53.0
16019.0,292.0
16021.0,10.0
16023.0,7.0
16025.0,3.0
16027.0,634.0
16029.0,9.0
16031.0,28.0
16033.0,1.0
16035.0,16.0
16037.0,7.0
16039.0,91.0
16041.0,13.0
16043.0,16.0
16045.0,55.0
16047.0,36.0
16049.0,33.0
16051.0,23.0
16053.0,76.0
16055.0,370.0
16057.0,20.0
16059.0,23.0
16061.0,7.0
16063.0,17.0
16065.0,31.0
16067.0,18.0
16069.0,50.0
16071.0,5.0
16073.0,35.0
16075.0,40.0
16079.0,24.0
16081.0,20.0
16083.0,270.0
16085.0,36.0
16087.0,16.0
17001.0,292.0
17003.0,6.0
17005.0,10.0
17119.0,849.0
17007.0,135.5
17009.0,1.0
17011.0,53.5
17013.0,0.0
17015.0,36.0
17017.0,50.0
17019.0,1069.0
17021.0,32.5
17173.0,8.5
17023.0,15.0
17035.0,11.0
17025.0,11.0
17027.0,85.33333333333334
17163.0,920.5
17029.0,145.0
17031.0,31726.5
17097.0,871.5
17089.0,518.0
17111.0,259.0
17043.0,934.5
17197.0,1207.0
17033.0,17.0
17037.0,329.0
17093.0,686.0
,132.0
,17.0
17041.0,28.0
17139.0,65.5
17147.0,28.5
17045.0,72.0
17047.0,3.5
17049.0,88.0
17051.0,39.0
17053.0,28.0
17055.0,24.0
17057.0,80.0
17059.0,6.0
17061.0,41.0
17063.0,54.5
17065.0,11.0
17067.0,12.0
17071.0,1.0
17109.0,73.0
17069.0,0.0
17073.0,80.0
17075.0,37.0
17091.0,425.0
17077.0,307.0
17079.0,63.0
17081.0,273.0
17083.0,61.5
17085.0,22.0
17087.0,52.0
17095.0,189.0
17105.0,83.0
17101.0,5.0
17103.0,65.0
17107.0,55.0
17113.0,602.0
17115.0,434.0
17117.0,68.5
17167.0,1193.0
17121.0,131.33333333333334
17189.0,93.33333333333334
17123.0,13.0
17125.0,57.0
17127.0,33.0
17129.0,13.0
17131.0,14.5
17133.0,31.5
17135.0,72.0
17137.0,88.0
17141.0,915.5
17143.0,1292.0
17145.0,32.0
17149.0,23.0
17151.0,0.0
17153.0,0.0
17155.0,1.0
17157.0,23.0
17159.0,38.0
17161.0,597.5
17165.0,88.0
,186.0
17169.0,8.0
17171.0,0.0
17175.0,9.0
17177.0,86.0
17179.0,313.0
17203.0,80.0
17181.0,52.0
17183.0,690.0
17185.0,8.0
17187.0,33.5
17191.0,23.0
17193.0,30.5
17195.0,124.0
17199.0,80.0
17201.0,1128.0
18001.0,21.0
18003.0,1206.0
18005.0,127.66666666666669
18007.0,0.0
18009.0,23.0
18011.0,90.0
18013.0,0.0
18015.0,0.0
18017.0,12.0
18019.0,346.0
18021.0,0.0
18023.0,43.0
18025.0,0.0
18027.0,45.0
18029.0,0.0
18031.0,0.0
18033.0,2.0
18035.0,180.0
18037.0,82.0
18039.0,259.5
18085.0,120.5
18041.0,0.0
18043.0,18.0
18045.0,0.0
18047.0,8.5
18049.0,0.0
18051.0,32.0
18053.0,148.0
18055.0,19.0
18057.0,129.0
18059.0,88.5
18065.0,0.0
18061.0,0.0
18063.0,109.0
18067.0,448.0
18069.0,0.0
18179.0,11.0
18071.0,53.0
18073.0,12.0
18075.0,19.0
18077.0,0.0
18079.0,24.0
18081.0,248.66666666666663
18145.0,213.66666666666669
18083.0,14.0
18087.0,21.0
18089.0,1152.0
,431.0
18093.0,55.0
18095.0,291.0
18159.0,21.0
18097.0,9395.5
,1.0
18099.0,13.0
18101.0,7.0
18103.0,56.0
18105.0,553.0
18107.0,70.0
18109.0,1.0
18111.0,0.0
18113.0,34.0
18115.0,0.0
18117.0,0.0
18119.0,0.0
18121.0,0.0
18123.0,11.0
18125.0,0.0
18127.0,158.0
18129.0,0.0
18131.0,41.0
18133.0,0.0
18135.0,0.0
18137.0,1.5
18139.0,0.0
18141.0,1458.0
18143.0,6.0
18147.0,6.0
18149.0,55.0
18151.0,19.0
18153.0,2.0
18155.0,0.0
18157.0,438.0
18161.0,0.0
18163.0,772.0
18165.0,42.0
18167.0,735.0
18169.0,1.0
18171.0,0.0
18173.0,101.0
18175.0,0.0
18177.0,17.0
18181.0,12.0
18183.0,13.0
19001.0,0.0
19003.0,4.0
19005.0,20.5
19043.0,14.5
19007.0,24.0
19009.0,6.0
19011.0,10.0
19013.0,475.0
19015.0,52.0
19017.0,51.0
19019.0,58.0
19021.0,60.0
19023.0,7.0
19025.0,16.0
19027.0,10.0
19029.0,33.0
19031.0,15.5
19139.0,89.5
19163.0,710.5
19103.0,407.5
19033.0,164.0
19035.0,14.0
19037.0,13.0
19039.0,30.0
19041.0,22.0
19045.0,111.5
19047.0,24.0
19049.0,159.0
19051.0,8.0
19053.0,5.0
19055.0,24.0
19057.0,209.0
19059.0,35.0
19061.0,177.0
19063.0,9.0
19065.0,23.0
19067.0,13.0
19069.0,4.5
19071.0,12.0
19073.0,3.0
19075.0,7.0
19077.0,2.0
19079.0,42.0
19081.0,11.5
19083.0,22.5
19085.0,21.0
19087.0,35.0
19089.0,1.0
19091.0,0.0
19093.0,15.0
19095.0,17.0
19097.0,11.5
19099.0,81.0
19101.0,11.0
19105.0,12.0
19107.0,7.0
19109.0,35.0
19111.0,189.0
19113.0,527.0
19115.0,23.0
19117.0,16.0
19119.0,12.0
19121.0,47.0
19123.0,70.0
19125.0,36.0
19127.0,147.0
19129.0,49.0
19131.0,4.0
19133.0,27.0
19135.0,19.0
19137.0,33.0
19141.0,30.5
19167.0,31.5
19143.0,14.0
19145.0,30.0
19147.0,25.0
19149.0,233.0
19151.0,0.0
19153.0,1208.5
19181.0,1001.5
19155.0,592.0
19157.0,45.0
19159.0,4.0
19161.0,8.0
19165.0,10.0
19169.0,198.0
19171.0,45.0
19173.0,8.0
19175.0,31.0
19177.0,4.0
19179.0,175.0
19183.0,83.0
19185.0,9.0
19187.0,156.0
19189.0,3.5
19191.0,18.0
19193.0,227.0
19195.0,7.0
19197.0,6.0
,0.0
20001.0,42.0
20003.0,16.0
20005.0,46.0
20007.0,8.0
20009.0,111.0
20011.0,54.0
20013.0,16.5
20015.0,117.0
20017.0,0.0
20019.0,4.0
20021.0,50.0
20023.0,1.0
20025.0,4.0
20027.0,29.0
20029.0,55.0
20031.0,9.0
20033.0,1.0
20035.0,132.0
20037.0,135.0
20039.0,1.0
20041.0,42.0
20043.0,7.0
20045.0,15.0
20047.0,0.0
20049.0,3.0
20051.0,81.0
20053.0,20.0
20055.0,168.0
20057.0,144.0
20059.0,91.0
20061.0,257.0
20063.0,4.0
20065.0,5.0
20067.0,18.0
20069.0,4.0
20071.0,3.0
20073.0,25.0
20075.0,9.0
20077.0,14.0
20079.0,116.0
20173.0,4726.0
20081.0,0.0
20083.0,4.0
20085.0,20.0
20087.0,35.0
20089.0,2.0
20091.0,1101.0
20121.0,67.0
20209.0,74.0
20093.0,13.0
20095.0,13.0
20097.0,3.0
20099.0,83.0
20101.0,2.0
20103.0,421.0
20105.0,1.0
20107.0,24.0
20109.0,1.5
20193.0,18.5
20111.0,57.0
20113.0,45.0
20115.0,16.0
20117.0,8.0
20119.0,6.0
20123.0,10.0
20125.0,178.0
20127.0,14.0
20129.0,6.0
20131.0,12.5
20133.0,12.0
20135.0,8.0
20137.0,8.0
20139.0,41.0
20141.0,1.0
20143.0,4.0
20145.0,26.0
20147.0,7.0
20149.0,44.0
20151.0,24.0
20153.0,8.0
20155.0,188.0
20157.0,4.0
20159.0,9.0
20161.0,276.0
20163.0,6.0
20165.0,11.0
20167.0,23.0
20169.0,257.0
20171.0,14.0
20175.0,43.0
20177.0,1012.0
,92.0
20179.0,2.0
20181.0,16.0
20183.0,0.0
20185.0,2.0
20187.0,3.0
20189.0,4.0
20191.0,57.0
20195.0,5.0
20197.0,14.0
20199.0,0.0
20201.0,4.0
20203.0,4.0
20205.0,17.0
20207.0,1.0
21001.0,8.0
21003.0,16.0
21005.0,6.0
21007.0,9.0
21009.0,59.0
21011.0,5.0
21013.0,44.0
21015.0,122.0
21017.0,19.0
21181.0,2.0
21019.0,81.0
21021.0,32.0
21137.0,9.0
21023.0,3.0
21025.0,2.0
21027.0,11.0
21029.0,60.0
21031.0,4.0
21033.0,11.0
21035.0,35.0
21037.0,93.0
21039.0,2.0
21041.0,8.0
21043.0,12.0
21045.0,5.0
21047.0,135.0
21049.0,52.0
21051.0,7.0
21053.0,0.0
21055.0,3.0
21057.0,0.0
21059.0,160.0
21061.0,11.0
21063.0,0.0
21065.0,4.0
21067.0,1008.0
21069.0,4.0
21071.0,12.0
21073.0,109.0
21075.0,6.0
21077.0,2.0
21079.0,11.0
21081.0,6.0
21083.0,69.0
21085.0,17.0
21087.0,4.0
21089.0,13.0
21091.0,2.0
21093.0,129.0
21095.0,7.0
21097.0,14.0
21099.0,6.0
21101.0,85.0
21103.0,2.0
21105.0,2.0
21107.0,37.0
21109.0,4.0
21111.0,4852.5
21185.0,35.5
21113.0,62.0
21115.0,9.0
21117.0,287.0
21119.0,2.0
21121.0,30.0
21123.0,7.0
21125.0,32.0
21127.0,8.0
21129.0,4.0
21131.0,1.0
21133.0,2.0
21135.0,6.0
21139.0,2.0
21141.0,45.0
21143.0,3.0
21145.0,111.0
21147.0,1.0
21149.0,3.0
21151.0,117.0
21153.0,6.0
21155.0,17.0
21157.0,24.0
21159.0,4.0
21161.0,23.0
21163.0,19.0
21165.0,0.0
21167.0,12.0
21169.0,2.0
21171.0,5.0
21173.0,25.0
21175.0,4.0
21177.0,28.0
21179.0,39.0
21183.0,22.0
21187.0,2.0
21189.0,0.0
21191.0,8.0
21193.0,22.0
21195.0,20.0
21197.0,2.0
21199.0,66.0
21201.0,0.0
21203.0,6.0
21205.0,16.0
21207.0,11.0
21209.0,51.0
21211.0,45.0
21213.0,24.0
21215.0,0.0
21217.0,41.0
21219.0,2.0
21221.0,11.0
21223.0,0.0
21225.0,7.0
21227.0,250.0
21229.0,12.0
21231.0,17.0
21233.0,1.0
21235.0,24.0
21237.0,0.0
21239.0,23.0
,779.0
,353.0
,29.0
,403.0
,70.0
,234.0
,22.5
,117.5
,83.0
,1462.0
,748.0
,1104.0
,38.0
,0.0
,28.0
,20.0
,102.0
,93.0
,2836.0
,46.0
,73.0
,28.5
,58.0
,0.0
,0.0
,269.0
,6.0
,1540.0
,46.0
,951.0
,214.0
,313.0
,33.0
,177.0
,644.0
,49.0
,132.0
,256.0
,4524.0
,1391.0
,37.0
,154.0
,1175.0
,33.0
,12.0
,27.0
,19.0
,133.0
,61.0
,91.0
,93.0
,586.5
,269.0
,15.0
,371.0
,1023.0
,6.0
,428.0
,72.0
,209.0
,465.0
,147.0
,142.0
,40.0
,34.0
,56.0
23001.0,190.0
23003.0,64.0
23005.0,330.0
23007.0,28.0
23009.0,16.0
23011.0,149.0
,178.0
23013.0,10.0
23015.0,34.0
23017.0,62.0
23019.0,67.0
23021.0,7.0
23023.0,20.0
23025.0,70.0
23027.0,14.0
23029.0,41.0
23031.0,277.0
24001.0,228.0
24003.0,2320.0
,104.0
24005.0,4738.0
24009.0,133.0
24011.0,45.0
24013.0,245.5
24021.0,573.5
24015.0,307.0
24017.0,589.0
24019.0,136.0
24023.0,79.0
24025.0,473.0
24027.0,517.0
24029.0,21.0
24031.0,1602.0
24033.0,2804.0
24035.0,72.0
24037.0,231.0
24039.0,69.0
24041.0,75.0
24043.0,495.0
24045.0,426.0
24047.0,130.0
24510.0,11101.0
25001.0,695.0
25003.0,447.0
25005.0,2238.0
25007.0,88.0
25009.0,2102.0
25011.0,178.0
25013.0,2624.0
25015.0,421.0
25017.0,2967.0
25019.0,28.0
25021.0,1173.0
25023.0,1762.0
25025.0,5114.0
25027.0,2632.0
,0.0
26001.0,14.0
26003.0,21.0
26005.0,291.5
26007.0,94.0
26009.0,45.0
26011.0,43.0
26013.0,17.0
26015.0,142.0
26017.0,424.5
26019.0,30.0
26021.0,860.0
26023.0,122.0
26025.0,809.0
26027.0,79.0
26029.0,64.0
26031.0,53.0
26047.0,63.0
26033.0,92.0
26035.0,47.0
26073.0,158.0
26037.0,127.0
26155.0,188.0
26039.0,36.0
26041.0,89.0
26043.0,26.0
26045.0,905.0
26049.0,2397.5
26125.0,2182.5
26051.0,77.0
26053.0,27.0
,77.0
26055.0,230.0
26089.0,45.0
26057.0,88.0
26059.0,167.0
26061.0,26.0
26063.0,48.0
26065.0,1143.0
26067.0,189.0
26069.0,59.0
26071.0,38.0
26075.0,793.0
26077.0,1546.0
26079.0,32.0
26081.0,2339.0
26083.0,2.0
26085.0,9.0
26087.0,141.0
26091.0,308.0
26093.0,200.0
26095.0,48.0
26097.0,29.0
26099.0,2246.0
26147.0,470.5
26101.0,87.0
26103.0,173.0
26105.0,101.0
26107.0,162.0
26109.0,60.0
26111.0,90.5
26113.0,40.0
26115.0,115.5
26117.0,198.0
26119.0,14.0
26121.0,783.0
26123.0,136.5
26127.0,125.5
26129.0,62.0
26131.0,18.0
26133.0,78.0
26135.0,23.0
26137.0,46.0
26139.0,695.5
26141.0,15.0
26143.0,28.0
26145.0,1183.0
26149.0,246.0
26151.0,92.0
26153.0,31.0
26157.0,139.0
26159.0,259.0
26161.0,1342.5
26163.0,17162.5
26165.0,122.0
27001.0,14.0
27003.0,539.5
27123.0,2243.0
27005.0,49.0
,204.0
27007.0,135.0
27009.0,129.83333333333331
27011.0,1.0
27013.0,146.0
27015.0,19.0
27033.0,37.0
27017.0,26.0
27019.0,56.0
27021.0,40.0
27023.0,14.5
27025.0,41.0
27027.0,78.0
27029.0,13.0
27031.0,10.0
27035.0,91.0
27037.0,537.0
27163.0,272.5
27039.0,21.0
27041.0,48.0
27153.0,27.5
27043.0,19.0
27045.0,11.0
27109.0,301.0
27047.0,49.0
27049.0,55.0
27051.0,2.0
27053.0,5672.0
27171.0,119.5
27055.0,7.0
27057.0,38.0
27059.0,30.0
27061.0,75.0
27063.0,7.0
27065.0,6.0
27067.0,109.0
27069.0,0.0
27071.0,19.0
27073.0,0.0
27075.0,0.0
27077.0,6.0
27079.0,10.0
27081.0,2.0
27083.0,28.0
27085.0,48.0
27087.0,10.0
27089.0,0.0
27091.0,28.0
27093.0,16.0
27145.0,182.8333333333333
27095.0,51.5
27141.0,162.83333333333331
27097.0,18.0
27099.0,63.0
27101.0,2.0
27103.0,37.0
27105.0,38.0
27107.0,0.0
27111.0,90.0
27113.0,8.0
27115.0,138.0
27117.0,5.0
27119.0,69.0
27121.0,11.0
27125.0,3.0
27127.0,17.0
27129.0,22.0
27131.0,85.5
27133.0,7.0
27135.0,12.0
27137.0,476.0
27139.0,175.0
27143.0,11.0
27147.0,40.0
27149.0,5.0
27151.0,8.0
27159.0,18.5
27155.0,7.0
27157.0,15.0
27161.0,26.0
27165.0,17.0
27167.0,6.0
27169.0,43.0
27173.0,4.5
28001.0,19.0
28003.0,0.0
28005.0,0.0
28007.0,23.0
28009.0,0.0
28011.0,51.0
28133.0,0.0
28013.0,0.0
28015.0,0.0
28017.0,0.0
28019.0,8.0
28021.0,21.0
28023.0,0.0
28025.0,39.0
28027.0,0.0
28029.0,0.0
28031.0,0.0
28033.0,252.0
28035.0,59.0
28073.0,143.0
28037.0,0.0
28039.0,21.0
28041.0,2.0
28043.0,0.0
28045.0,44.0
28047.0,531.0
28049.0,615.0
28121.0,535.0
28089.0,565.0
28051.0,0.0
28053.0,0.0
28055.0,0.0
28057.0,17.0
28059.0,267.0
28061.0,0.0
28063.0,0.0
28065.0,0.0
28067.0,125.0
28069.0,2.0
28071.0,52.0
28075.0,208.0
28077.0,0.0
28079.0,0.0
28081.0,0.0
28083.0,93.0
28085.0,77.0
28087.0,0.0
28091.0,34.0
28093.0,31.0
28095.0,3.0
28097.0,0.0
28099.0,2.0
28101.0,0.0
28103.0,0.0
28105.0,91.0
28107.0,115.0
28119.0,0.0
28109.0,2.0
28111.0,0.0
28113.0,0.0
28115.0,42.0
28117.0,33.0
28123.0,0.0
28125.0,0.0
28127.0,0.0
28129.0,0.0
28131.0,52.0
28135.0,0.0
28137.0,0.0
28139.0,0.0
28141.0,28.0
28143.0,40.0
28145.0,0.0
28147.0,0.0
28149.0,156.0
28151.0,17.0
28153.0,0.0
28155.0,0.0
28157.0,0.0
28159.0,0.0
28161.0,0.0
28163.0,0.0
,165.0
29001.0,93.0
29003.0,3.0
29005.0,4.0
29007.0,30.0
29009.0,63.5
29109.0,89.5
29011.0,6.0
29013.0,53.0
29015.0,49.0
29017.0,62.0
29019.0,509.0
29021.0,480.0
29023.0,269.0
29025.0,27.0
29027.0,224.5
29029.0,127.0
29131.0,47.0
29141.0,103.0
29031.0,300.0
29033.0,17.0
29035.0,27.0
29037.0,2086.0
29095.0,3221.5
29039.0,55.0
29041.0,29.0
29043.0,1460.0
29045.0,7.0
29047.0,2075.5
29177.0,133.0
29049.0,36.0
29063.0,22.0
29051.0,95.5
,124.0
29053.0,20.0
29055.0,53.5
29071.0,180.5
29057.0,50.0
29059.0,8.0
29061.0,17.0
29065.0,18.5
29067.0,25.0
29069.0,100.0
29189.0,3587.0
29073.0,58.0
29075.0,1.0
29077.0,1401.5
29225.0,28.5
29079.0,16.0
29081.0,4.0
29083.0,149.0
29085.0,1.0
29087.0,8.0
29089.0,23.0
29091.0,136.0
29093.0,6.0
29107.0,52.5
29097.0,324.0
29145.0,240.0
29099.0,580.0
29101.0,87.0
29103.0,1.0
29105.0,113.0
29111.0,7.0
29113.0,251.0
29115.0,17.0
29117.0,33.0
29119.0,66.0
29121.0,15.0
29123.0,34.0
29125.0,25.0
29127.0,55.16666666666666
29173.0,80.16666666666666
29129.0,0.0
29133.0,53.0
29135.0,18.0
29137.0,5.666666666666667
29139.0,3.0
29143.0,138.0
29147.0,20.0
29149.0,38.0
29151.0,4.0
29153.0,20.0
29155.0,127.0
29157.0,59.0
29159.0,216.0
29161.0,157.0
29163.0,48.0
29165.0,1894.5
29167.0,67.0
29169.0,221.0
29171.0,2.0
29175.0,94.0
29179.0,0.5
29181.0,5.0
29183.0,612.5
29219.0,113.5
29185.0,17.0
29187.0,136.0
29186.0,63.0
29195.0,68.0
29197.0,4.0
29199.0,8.0
29201.0,72.0
29203.0,23.0
29205.0,5.0
29207.0,73.0
29209.0,60.0
29211.0,25.0
29213.0,169.0
29215.0,71.0
29217.0,110.0
29221.0,82.0
29223.0,26.0
29227.0,6.0
29229.0,31.0
29510.0,5792.0
30001.0,11.0
30003.0,65.0
30005.0,0.0
30007.0,28.0
30009.0,29.0
30011.0,0.0
30013.0,385.0
30015.0,1.0
30017.0,29.0
30019.0,0.0
30021.0,15.0
30023.0,13.0
30025.0,5.0
30027.0,29.0
30029.0,352.0
30031.0,305.0
30033.0,0.0
30035.0,44.0
30037.0,2.0
30039.0,1.0
30041.0,74.0
30043.0,26.0
30045.0,0.0
30047.0,128.0
30049.0,276.0
30051.0,0.0
30053.0,28.0
30055.0,0.0
30057.0,14.0
30059.0,6.0
30061.0,1.0
30063.0,432.0
30065.0,11.0
30067.0,39.0
30069.0,0.0
30071.0,15.0
30073.0,5.0
30075.0,0.0
30077.0,19.0
30079.0,11.0
30081.0,93.0
30083.0,47.0
30085.0,86.0
30087.0,20.0
30089.0,8.0
30091.0,9.0
30093.0,120.0
30095.0,21.0
30097.0,20.0
30099.0,13.0
30101.0,31.0
30103.0,0.0
30105.0,40.0
30107.0,9.0
30109.0,0.0
30111.0,861.0
,642.0
31001.0,51.0
31003.0,1.0
31005.0,0.0
31007.0,0.0
31009.0,0.0
31011.0,2.0
31013.0,16.0
31015.0,0.0
31017.0,2.0
31019.0,77.0
31021.0,5.0
31023.0,6.0
31025.0,46.0
31027.0,3.0
31029.0,2.0
31031.0,11.0
31033.0,30.0
31035.0,0.0
31037.0,12.0
31039.0,7.0
31041.0,13.0
31043.0,37.0
31173.0,7.0
31051.0,2.0
31045.0,11.0
31047.0,46.0
31049.0,4.0
31053.0,52.0
31055.0,2975.0
31057.0,0.0
31059.0,5.0
31061.0,1.0
31063.0,3.0
31065.0,12.0
31067.0,34.0
31069.0,1.0
31071.0,0.0
31073.0,2.0
31075.0,0.0
31077.0,0.0
31079.0,275.0
31081.0,6.0
31083.0,0.0
31085.0,1.0
31087.0,1.0
31089.0,9.0
31091.0,0.0
31093.0,2.0
31095.0,17.0
31097.0,6.0
31099.0,10.0
31101.0,15.0
31103.0,2.0
31105.0,3.0
31107.0,0.0
31109.0,1144.0
31111.0,107.0
31113.0,0.0
31115.0,1.0
31117.0,0.0
31119.0,45.0
31121.0,9.0
31123.0,3.0
31125.0,1.0
31127.0,10.0
31129.0,2.0
31131.0,31.0
31133.0,0.0
31135.0,0.0
31137.0,18.0
31139.0,0.0
31141.0,35.0
31143.0,0.0
31145.0,13.0
31147.0,11.0
31149.0,0.0
31151.0,54.0
31153.0,212.0
31155.0,19.0
31157.0,76.0
31159.0,5.0
31161.0,13.0
31163.0,5.0
31165.0,0.0
31167.0,2.0
31169.0,4.0
31171.0,0.0
,71.0
31175.0,10.0
31177.0,12.0
31179.0,6.0
31181.0,0.0
31183.0,0.0
31185.0,17.0
32001.0,36.0
32003.0,12099.0
,81.0
32005.0,62.0
32007.0,166.0
32009.0,6.0
32011.0,22.0
32013.0,34.0
32015.0,62.0
32017.0,7.0
32019.0,185.0
32021.0,4.0
32023.0,117.0
32510.0,178.0
32027.0,32.0
32029.0,31.0
32031.0,2140.0
32033.0,7.0
33001.0,121.0
33003.0,57.0
33005.0,90.0
33007.0,48.0
33009.0,113.0
33011.0,941.0
33013.0,187.0
33015.0,259.0
33017.0,182.0
33019.0,45.0
,0.0
34001.0,672.0
34003.0,709.0
34005.0,663.0
34007.0,1892.0
34009.0,161.0
34011.0,631.0
34013.0,3012.0
,152.0
34015.0,301.0
34017.0,2224.0
34019.0,58.0
34021.0,1277.0
34023.0,1059.0
34025.0,815.0
34027.0,267.0
34029.0,555.0
34031.0,1842.0
34033.0,181.0
34035.0,182.0
34037.0,76.0
34039.0,1575.0
34041.0,78.0
35001.0,7891.5
35003.0,1.0
35005.0,460.0
35007.0,33.0
35009.0,274.0
35011.0,4.0
35013.0,759.0
35015.0,295.0
35017.0,53.0
35019.0,18.0
35021.0,0.0
35023.0,22.0
35025.0,322.0
35027.0,99.0
35028.0,19.0
35029.0,198.0
35031.0,620.0
,968.0
35033.0,6.0
35035.0,266.0
35037.0,5.0
35039.0,52.5
35049.0,459.5
35041.0,58.0
35043.0,347.5
35045.0,1214.0
35047.0,87.0
35051.0,63.0
35053.0,75.0
35055.0,52.0
35057.0,76.0
35059.0,5.0
35061.0,765.0
35006.0,65.0
36001.0,1013.0
,47912.0
36003.0,62.0
36007.0,616.5
36025.0,84.5
36009.0,152.0
36011.0,84.0
36013.0,304.0
36015.0,178.0
36017.0,111.0
36019.0,128.0
36021.0,85.0
36023.0,85.0
36027.0,551.0
36029.0,3385.0
36031.0,50.0
36033.0,63.0
36035.0,125.5
36037.0,86.0
36039.0,179.0
36041.0,3.0
36043.0,141.5
36045.0,243.0
36049.0,28.0
36051.0,61.0
36053.0,106.0
36055.0,2135.0
36057.0,79.0
36059.0,1635.0
36063.0,578.0
36065.0,637.0
36067.0,1523.0
36069.0,166.0
36071.0,704.0
36073.0,58.0
36075.0,169.0
36077.0,98.0
36079.0,49.0
36083.0,394.0
36087.0,300.0
36089.0,105.0
36091.0,183.0
36093.0,607.0
36095.0,46.0
36097.0,10.0
36099.0,44.0
36101.0,97.0
36103.0,1360.0
36105.0,187.0
36107.0,58.0
36109.0,123.0
36111.0,249.0
36113.0,80.0
36115.0,74.0
36117.0,160.0
36119.0,1551.0
36121.0,46.0
36123.0,23.0
36047.0,1.0
36061.0,13.0
36005.0,0.0
37001.0,444.5
37081.0,3155.5
37135.0,1218.5
37003.0,92.0
37005.0,19.0
37007.0,125.0
37009.0,61.0
37011.0,24.5
37189.0,56.5
37013.0,77.0
37015.0,49.0
37017.0,83.0
37019.0,76.0
37021.0,940.0
37023.0,261.8333333333333
37025.0,221.5
37159.0,499.5
37027.0,216.33333333333331
37029.0,55.5
37031.0,129.0
37033.0,27.0
37035.0,192.83333333333331
37109.0,184.0
37037.0,209.5
37039.0,83.0
37041.0,59.0
37043.0,0.0
37045.0,94.5
37071.0,836.5
37047.0,101.0
37049.0,298.0
37051.0,2504.0
37053.0,63.0
37055.0,58.0
37057.0,433.5
37151.0,257.5
37059.0,14.0
37061.0,92.0
37063.0,1875.0
37065.0,249.33333333333331
37127.0,216.33333333333331
37067.0,3061.0
37069.0,115.0
37073.0,0.0
37075.0,11.0
37077.0,191.0
37079.0,65.0
37083.0,178.0
37085.0,83.0
37183.0,1351.5
37087.0,210.0
37089.0,68.0
37091.0,89.0
37093.0,16.0
37095.0,0.0
37097.0,481.5
37099.0,96.0
37101.0,366.0
37195.0,275.3333333333333
37103.0,0.0
37105.0,100.0
37107.0,2.5
37111.0,70.0
37113.0,60.0
37115.0,15.0
37117.0,75.0
37119.0,7242.0
37179.0,663.5
37121.0,2.0
37123.0,81.0
37125.0,167.0
37129.0,988.0
37131.0,2.0
37133.0,485.0
37137.0,23.0
37139.0,111.5
37141.0,16.0
37143.0,13.0
37145.0,118.0
37147.0,624.5
37149.0,12.0
37153.0,217.0
37155.0,818.0
37165.0,220.0
37157.0,286.0
37161.0,34.0
37163.0,279.0
37167.0,169.0
37169.0,4.5
37171.0,89.0
37193.0,160.0
37173.0,38.0
,46.0
37175.0,55.0
37177.0,4.0
37181.0,346.0
37185.0,44.0
37187.0,37.0
37191.0,489.0
37197.0,77.0
37199.0,9.0
38001.0,4.0
38003.0,22.0
38005.0,1.0
38007.0,0.0
38009.0,4.0
38011.0,1.0
38013.0,0.0
38015.0,251.0
38017.0,660.0
38019.0,2.0
38021.0,3.0
38023.0,2.0
38025.0,10.0
38027.0,1.0
38029.0,3.0
38031.0,1.0
38033.0,0.0
38035.0,188.0
38037.0,1.0
38039.0,3.0
38041.0,1.0
38043.0,4.0
38045.0,3.0
38047.0,3.0
38049.0,6.0
38051.0,2.0
38053.0,57.0
38055.0,12.0
38057.0,7.0
38059.0,88.0
38061.0,4.0
38063.0,5.0
38065.0,0.0
38067.0,6.0
38069.0,1.0
38071.0,23.0
38073.0,5.0
38075.0,2.0
38077.0,23.0
38079.0,4.0
38081.0,7.0
38083.0,1.0
38085.0,0.0
38087.0,0.0
38089.0,58.0
38091.0,0.0
38093.0,40.0
38095.0,0.0
38097.0,3.0
38099.0,13.0
38101.0,178.0
38103.0,3.0
38105.0,151.0
,275.0
39001.0,14.0
39003.0,311.0
39063.0,128.5
39161.0,42.5
39005.0,75.0
39075.0,5.0
39007.0,62.0
39009.0,29.0
39073.0,52.0
39011.0,10.0
39013.0,73.0
39015.0,18.0
39017.0,610.5
39165.0,289.8333333333333
39019.0,5.0
39021.0,43.0
39023.0,337.0
39025.0,244.83333333333331
39061.0,3252.333333333333
39027.0,53.5
39029.0,83.0
39099.0,399.0
39031.0,41.0
39033.0,42.5
39139.0,276.5
39035.0,6830.0
39055.0,26.0
39037.0,27.0
39039.0,36.0
39041.0,1694.1666666666667
39043.0,91.5
39093.0,548.0
39077.0,21.5
39045.0,1740.6666666666667
39049.0,2035.6666666666667
39047.0,58.0
39159.0,44.5
39089.0,262.5
,381.0
39051.0,35.0
39095.0,2845.0
39053.0,43.0
39057.0,293.5
39059.0,31.0
39065.0,39.0
39067.0,4.0
39069.0,36.0
39071.0,63.5
39143.0,41.0
39079.0,46.0
39081.0,102.0
39083.0,90.0
39085.0,363.0
39087.0,85.0
39091.0,58.0
39097.0,46.5
39101.0,127.0
39103.0,74.5
39105.0,17.0
39107.0,11.0
39109.0,102.0
39111.0,22.0
39113.0,2198.0
39115.0,30.0
39117.0,36.0
39119.0,128.0
39127.0,33.0
39121.0,5.0
39123.0,24.0
39125.0,31.0
39129.0,78.0
39131.0,44.0
39133.0,434.0
39135.0,17.0
39137.0,16.0
39141.0,217.0
39145.0,183.0
39147.0,9.0
39173.0,83.0
39149.0,59.0
39151.0,1322.0
39153.0,2163.0
39169.0,185.5
39155.0,395.0
39157.0,57.0
39163.0,11.0
39167.0,67.0
39171.0,12.0
39175.0,20.0
40001.0,71.0
40003.0,3.0
40005.0,13.0
40007.0,1.0
40009.0,30.0
40011.0,23.0
40017.0,1361.75
40013.0,116.0
40015.0,74.0
40073.0,39.0
40019.0,249.0
40021.0,91.5
,206.0
40023.0,79.0
40025.0,3.0
40027.0,1733.75
40029.0,8.0
40031.0,895.0
40033.0,1.0
40035.0,27.0
40037.0,121.16666666666669
40119.0,212.0
40143.0,1848.0
40117.0,28.666666666666664
40111.0,102.0
40039.0,58.5
40149.0,38.5
40041.0,85.0
40043.0,3.0
40045.0,11.0
40047.0,225.0
40049.0,98.5
40087.0,58.0
40051.0,119.5
40053.0,5.0
40055.0,13.0
40057.0,8.0
40059.0,0.0
40061.0,13.0
40063.0,34.0
40065.0,57.0
40067.0,15.0
40069.0,20.0
40071.0,202.0
40083.0,68.0
40075.0,15.0
40077.0,27.0
40079.0,106.0
40081.0,81.0
40085.0,23.0
40089.0,114.0
40091.0,66.0
40093.0,13.0
40095.0,31.0
40097.0,106.0
40099.0,27.0
40101.0,495.5
40103.0,18.0
40105.0,28.0
40107.0,72.0
40109.0,1947.75
40125.0,1459.25
40113.0,1496.8333333333333
40115.0,99.0
40121.0,179.0
40123.0,94.0
40133.0,79.5
40127.0,16.0
40129.0,9.0
40131.0,206.0
40145.0,1512.8333333333333
40135.0,164.0
40137.0,75.0
40139.0,51.0
40141.0,26.0
40147.0,60.5
40151.0,15.0
40153.0,50.0
41001.0,38.0
41003.0,160.0
41005.0,1954.8333333333333
41067.0,2341.833333333333
41051.0,1903.3333333333333
41007.0,165.0
41009.0,70.0
41011.0,167.0
,51.0
41013.0,59.0
41015.0,77.0
41017.0,331.0
41019.0,309.0
41021.0,10.0
41023.0,5.0
41025.0,18.0
41027.0,36.0
41029.0,617.0
41031.0,36.0
41033.0,213.0
41035.0,124.0
41037.0,14.0
41039.0,1153.0
41041.0,146.0
41043.0,149.0
41045.0,120.0
41047.0,728.5
41053.0,501.5
41049.0,36.0
41055.0,9.0
41057.0,61.0
41059.0,206.0
41061.0,24.0
41063.0,1.0
41065.0,62.0
41071.0,165.0
41069.0,0.0
42001.0,150.0
42003.0,3405.0
42005.0,138.0
42007.0,426.0
42009.0,71.0
42011.0,861.5
42013.0,402.0
42015.0,107.0
42017.0,557.0
42019.0,167.0
42021.0,293.0
42023.0,18.0
42025.0,288.0
42027.0,188.0
42029.0,599.0
42031.0,32.5
42033.0,157.0
42035.0,47.0
42037.0,80.0
42039.0,143.0
42041.0,201.0
42055.0,230.0
42043.0,1010.0
42045.0,1615.0
42047.0,46.0
42049.0,762.0
42051.0,298.0
42053.0,11.0
42057.0,23.0
42059.0,60.0
42061.0,91.0
42063.0,171.0
42065.0,67.0
42067.0,66.0
42069.0,1402.0
42071.0,888.5
42073.0,161.0
42075.0,225.0
42077.0,674.0
42079.0,648.0
42081.0,178.0
42083.0,133.0
42085.0,255.0
42087.0,75.0
42089.0,394.0
42091.0,860.0
42093.0,74.0
42095.0,347.0
42097.0,274.0
42099.0,66.0
42101.0,11404.0
42103.0,91.0
42105.0,84.0
42107.0,254.0
42109.0,55.0
42111.0,103.0
42113.0,9.0
42115.0,33.0
42117.0,59.0
42119.0,39.0
42121.0,97.5
42123.0,142.0
42125.0,318.0
42127.0,51.0
42129.0,511.0
42131.0,46.0
42133.0,1024.0
,0.0
44001.0,38.0
44003.0,170.0
44005.0,109.0
44007.0,1864.0
,87.0
44009.0,89.0
45001.0,80.5
45003.0,782.5
45037.0,39.5
45005.0,88.0
45007.0,940.5
45009.0,74.0
45011.0,176.0
45013.0,735.5
45015.0,883.3333333333334
45017.0,71.0
45019.0,1283.8333333333333
45035.0,931.8333333333334
45021.0,234.5
45023.0,200.0
45025.0,246.0
45027.0,205.0
45029.0,244.0
45031.0,588.0
45033.0,310.0
45067.0,168.0
45039.0,171.0
45041.0,1093.0
45043.0,299.0
45089.0,124.0
45045.0,2309.0
45059.0,401.5
45083.0,1640.0
45047.0,539.5
45049.0,132.5
45051.0,1515.0
45053.0,60.0
45055.0,252.0
45057.0,288.0
45061.0,150.0
45063.0,1423.5
45081.0,79.5
45079.0,3032.0
45065.0,17.0
45069.0,192.0
45071.0,172.0
45073.0,264.0
45075.0,952.0
45077.0,334.5
45085.0,803.0
45087.0,132.0
45091.0,991.0
46003.0,5.0
46005.0,62.0
46007.0,27.0
46009.0,2.0
46011.0,65.0
46013.0,174.0
46015.0,19.0
46017.0,0.0
,290.0
46019.0,17.0
46021.0,2.0
46023.0,19.0
46025.0,1.0
46027.0,28.0
46029.0,76.0
46031.0,1.0
46033.0,8.0
46035.0,64.0
46037.0,6.0
46039.0,1.0
46041.0,0.0
46137.0,0.0
46043.0,0.0
46045.0,0.0
46047.0,11.0
46049.0,0.0
46051.0,0.0
46053.0,0.0
46055.0,1.0
46057.0,5.0
46059.0,4.0
46061.0,1.0
46063.0,3.0
46065.0,69.0
46067.0,2.0
46069.0,0.0
46071.0,2.0
46073.0,1.0
46075.0,0.0
46077.0,0.0
46079.0,19.0
46081.0,36.0
46083.0,505.5
46085.0,2.0
46087.0,7.0
46089.0,3.0
46091.0,6.0
46093.0,66.0
46095.0,0.0
46097.0,0.0
46099.0,509.5
46101.0,21.0
46103.0,683.0
46105.0,2.0
46107.0,4.0
46109.0,14.0
46111.0,3.0
,0.0
46115.0,13.0
46117.0,0.0
46119.0,4.0
46121.0,0.0
46123.0,14.0
46125.0,18.0
46127.0,17.0
46129.0,13.0
46135.0,93.0
47001.0,263.5
47013.0,137.0
47145.0,192.5
47003.0,261.0
47005.0,20.0
47007.0,21.0
47009.0,459.0
47011.0,670.0
47015.0,27.0
47017.0,58.66666666666666
47079.0,87.66666666666666
47183.0,74.66666666666666
47019.0,240.0
47021.0,103.0
47023.0,64.0
47025.0,72.0
47027.0,18.0
47029.0,206.0
47031.0,220.5
47051.0,255.16666666666663
47033.0,54.0
47035.0,87.0
47037.0,7534.5
47165.0,420.0
,129.0
47039.0,36.5
47041.0,42.0
47043.0,244.0
47045.0,211.0
47131.0,139.0
47047.0,75.5
47049.0,39.0
47053.0,188.5
47113.0,787.5
47055.0,98.0
47103.0,116.0
47057.0,51.0
47059.0,220.0
47061.0,87.66666666666667
47115.0,85.66666666666666
47063.0,248.5
47089.0,255.5
47065.0,2404.0
47067.0,21.0
47069.0,125.5
47071.0,106.0
47073.0,257.5
47075.0,187.0
47077.0,131.5
47081.0,99.0
47083.0,25.0
47085.0,44.0
47087.0,26.0
47091.0,34.0
47093.0,1844.0
47095.0,34.0
47097.0,171.0
47099.0,115.0
47101.0,39.0
47105.0,115.0
47107.0,240.0
47109.0,78.0
47111.0,83.0
47117.0,87.0
47119.0,433.0
47187.0,358.0
47121.0,72.0
47123.0,302.0
47125.0,1047.0
47127.0,7.0
47129.0,43.0
47133.0,27.0
47135.0,13.0
47137.0,8.0
47139.0,29.0
47141.0,233.0
47143.0,107.0
47147.0,261.5
47149.0,1193.0
47151.0,41.0
47153.0,56.0
47155.0,336.0
47157.0,13435.0
47159.0,72.0
47161.0,23.0
47163.0,628.5
47167.0,287.0
47169.0,31.0
47171.0,51.0
47173.0,31.0
47175.0,5.0
47177.0,213.0
47179.0,285.0
47181.0,29.0
47185.0,63.0
47189.0,295.0
,5.0
48001.0,138.0
48213.0,209.0
48003.0,85.0
48005.0,295.0
48007.0,104.33333333333331
48355.0,2982.333333333333
48409.0,177.33333333333331
48009.0,6.0
48011.0,1.0
48013.0,82.33333333333334
48029.0,6684.666666666667
48325.0,5678.333333333333
48015.0,46.0
48017.0,7.0
48019.0,19.0
48021.0,264.0
48453.0,3143.5
48023.0,5.0
48025.0,51.0
48027.0,1016.0
48091.0,282.33333333333337
48187.0,344.83333333333337
48259.0,45.0
48031.0,18.0
48033.0,1.0
48035.0,27.0
48309.0,1069.0
48037.0,412.0
48039.0,590.3333333333333
48157.0,9886.166666666666
48201.0,17970.666666666664
48041.0,654.0
48043.0,19.0
48045.0,0.0
48047.0,16.0
48049.0,126.0
48051.0,27.0
48053.0,119.0
48299.0,33.0
48055.0,191.5
48057.0,76.0
48059.0,9.0
48061.0,1594.0
48063.0,29.0
48065.0,29.0
48067.0,95.0
48343.0,28.0
48069.0,29.0
48071.0,246.5
48073.0,121.5
48075.0,5.0
48077.0,16.0
48079.0,3.0
48081.0,2.0
48083.0,27.0
48085.0,5327.166666666667
48121.0,6621.333333333334
48113.0,6791.166666666666
48397.0,141.66666666666669
48087.0,0.0
48089.0,39.0
48093.0,18.0
48095.0,11.0
48097.0,127.5
48099.0,96.5
48281.0,91.5
48101.0,0.0
48103.0,7.0
48105.0,2.0
48107.0,5.0
48109.0,0.0
48111.0,18.0
48205.0,18.0
48139.0,433.6666666666667
48439.0,4946.5
48257.0,586.0
48115.0,76.0
48117.0,89.0
48119.0,1.0
48123.0,82.0
48125.0,1.0
48127.0,11.0
48129.0,4.0
48131.0,19.5
48249.0,213.5
48133.0,37.0
48135.0,833.0
48329.0,988.0
48137.0,2.0
48141.0,2845.0
48143.0,102.0
48145.0,38.0
48147.0,64.0
48149.0,56.0
48151.0,0.0
48153.0,29.0
48155.0,0.0
48159.0,7.5
48161.0,50.0
48163.0,25.0
48165.0,38.0
48167.0,844.0
48169.0,15.0
48171.0,25.0
48173.0,1.0
48175.0,22.0
48177.0,109.0
48493.0,50.0
48179.0,142.0
48181.0,337.0
48183.0,304.5
48459.0,87.0
48401.0,133.5
48203.0,365.5
48185.0,36.0
48189.0,63.0
48303.0,2684.0
48191.0,4.0
48193.0,14.0
48195.0,5.0
48197.0,5.0
48199.0,89.0
48473.0,174.66666666666669
48207.0,11.0
48209.0,336.5
48211.0,4.0
48215.0,2317.0
48217.0,57.0
48219.0,157.0
48221.0,81.0
48223.0,60.0
48225.0,38.0
48227.0,207.0
48229.0,8.0
48231.0,490.3333333333333
48233.0,54.0
48235.0,6.0
48237.0,15.0
48239.0,16.0
48241.0,107.0
48243.0,4.0
48245.0,1651.0
48361.0,379.0
48247.0,5.0
48251.0,441.3333333333333
48253.0,242.0
48255.0,55.0
48261.0,0.0
48263.0,4.0
48265.0,104.0
48267.0,10.0
48269.0,0.0
48271.0,0.0
48273.0,149.0
48275.0,3.0
48277.0,288.0
48279.0,42.0
48283.0,6.0
48285.0,33.0
48287.0,51.0
48289.0,11.0
48313.0,27.0
48291.0,205.5
48339.0,9631.166666666666
48293.0,37.0
48295.0,0.0
48297.0,5.0
48301.0,1.0
48305.0,1.0
48307.0,12.0
48311.0,0.0
48315.0,22.0
48317.0,9.0
48319.0,8.0
48321.0,166.0
48323.0,51.0
48327.0,3.0
48331.0,39.5
48491.0,2503.5
48333.0,14.0
48335.0,14.0
48337.0,63.0
48341.0,49.0
48345.0,1.0
48347.0,178.0
48349.0,240.0
48351.0,28.0
48353.0,34.0
48357.0,11.0
48359.0,0.0
48363.0,23.5
48367.0,1564.8333333333333
48365.0,73.0
48369.0,9.0
48371.0,28.0
48373.0,113.0
48375.0,762.5
48381.0,810.5
48377.0,6.0
48379.0,8.0
48383.0,7.0
48385.0,3.0
48387.0,31.0
48389.0,100.0
48391.0,9.0
48393.0,0.0
48395.0,31.0
48399.0,15.0
48423.0,771.0
48403.0,13.0
48405.0,13.0
48407.0,44.0
48411.0,13.0
48413.0,4.0
48415.0,166.0
48417.0,4.0
48419.0,73.0
48421.0,0.0
48425.0,4.0
48427.0,146.0
48429.0,14.0
48431.0,2.0
48433.0,1.0
48435.0,3.0
48437.0,36.0
48441.0,296.0
48443.0,0.0
48445.0,26.0
48447.0,4.0
48449.0,140.0
48451.0,421.0
48455.0,6.0
48457.0,69.0
48461.0,2.0
48463.0,69.0
48465.0,67.0
48467.0,52.0
48469.0,448.0
48471.0,247.0
48475.0,63.0
48477.0,143.0
48479.0,896.0
48481.0,146.0
48483.0,5.0
48485.0,438.0
48487.0,51.0
48489.0,154.0
48495.0,32.0
48497.0,111.0
48499.0,90.5
48501.0,4.0
48503.0,35.0
48505.0,52.0
48507.0,21.0
49001.0,4.0
49003.0,61.0
49005.0,156.0
,64.0
49007.0,37.0
49009.0,0.0
49011.0,475.0
49013.0,53.0
49015.0,0.0
49017.0,0.0
49019.0,58.0
49021.0,162.0
49023.0,8.0
49025.0,18.0
49027.0,20.0
49029.0,4.0
49031.0,0.0
49033.0,3.0
49035.0,4372.0
49049.0,600.0
49037.0,6.0
49039.0,48.0
49041.0,18.0
49043.0,87.0
49045.0,121.0
49047.0,60.0
49051.0,42.0
49053.0,297.0
49055.0,3.0
49057.0,623.0
50001.0,46.0
50003.0,102.0
50005.0,91.0
50007.0,333.0
50009.0,0.0
50011.0,106.0
50013.0,4.0
50015.0,24.0
50017.0,11.0
50019.0,86.0
50021.0,115.0
50023.0,147.0
50025.0,103.0
50027.0,123.0
,3.0
51001.0,124.0
51003.0,142.0
51005.0,33.0
51007.0,26.0
51009.0,79.0
51011.0,20.0
51013.0,305.0
51015.0,100.5
51017.0,3.0
51019.0,93.0
51021.0,11.0
51023.0,36.0
51025.0,11.0
51027.0,53.0
51029.0,24.0
51031.0,99.0
51033.0,71.0
51035.0,45.0
51036.0,4.0
51037.0,21.0
51041.0,481.0
51043.0,9.0
51045.0,6.0
51047.0,49.0
51049.0,27.5
51051.0,21.0
51053.0,98.0
51057.0,40.0
51059.0,1119.0
51061.0,58.0
51063.0,22.0
51065.0,39.0
51067.0,80.0
51069.0,87.0
51071.0,21.0
51073.0,41.0
51075.0,14.0
51077.0,26.0
51079.0,18.0
51081.0,16.0
51595.0,12.0
,179.0
51083.0,77.0
51085.0,195.0
51087.0,466.0
51089.0,128.0
51091.0,1.0
51093.0,46.0
51095.0,93.0
51097.0,16.0
51099.0,26.0
51101.0,17.0
51103.0,31.5
51133.0,21.5
51105.0,29.0
51107.0,512.0
51109.0,43.0
51111.0,26.0
51113.0,16.0
51115.0,5.0
51117.0,74.0
51119.0,16.0
51121.0,152.0
51125.0,33.0
51127.0,48.0
51131.0,25.0
51135.0,31.0
51137.0,49.0
51139.0,43.0
51141.0,38.0
51143.0,86.0
51145.0,22.0
51147.0,41.5
51149.0,75.0
51683.0,105.0
51685.0,22.0
51153.0,759.0
51155.0,100.0
51157.0,5.0
51159.0,2.0
51775.0,21.0
51161.0,217.0
51163.0,45.0
51678.0,7.0
51165.0,62.5
51167.0,73.5
51169.0,32.0
51171.0,76.0
51173.0,55.5
51191.0,50.5
51175.0,20.0
51177.0,172.0
51179.0,345.0
51181.0,3.0
51183.0,12.0
51185.0,79.0
51187.0,67.0
51193.0,27.0
51195.0,73.5
51197.0,38.0
51199.0,83.0
51735.0,23.0
51510.0,294.0
51520.0,53.0
51530.0,6.0
51540.0,159.0
51550.0,1124.0
51570.0,71.0
51580.0,5.0
51590.0,110.0
51600.0,18.0
51610.0,10.0
51620.0,16.0
51630.0,111.0
51640.0,30.0
51650.0,387.0
51660.0,116.0
51670.0,75.0
51680.0,316.0
51690.0,65.0
51700.0,1059.0
51710.0,1338.0
51720.0,6.0
51730.0,240.0
51740.0,891.0
51750.0,49.0
51760.0,1071.0
51770.0,387.0
51790.0,53.0
51800.0,270.0
51810.0,582.0
51820.0,54.0
51830.0,23.0
51840.0,81.0
53001.0,26.0
53003.0,36.0
53005.0,449.0
53007.0,105.0
53009.0,199.0
,321.0
53011.0,1261.5
53013.0,9.0
53015.0,209.5
53017.0,23.0
53019.0,3.0
53021.0,206.0
53023.0,14.0
53025.0,238.0
53027.0,148.0
53029.0,87.0
53031.0,75.0
53033.0,8224.0
53053.0,4209.0
53061.0,1541.0
53035.0,711.0
53037.0,60.0
53039.0,14.0
53041.0,170.0
53043.0,10.0
53045.0,143.0
53047.0,44.0
53049.0,30.0
53051.0,7.0
53055.0,9.0
53057.0,181.0
53059.0,12.0
53063.0,2118.0
53065.0,39.0
53067.0,716.0
53069.0,4.0
53071.0,148.0
53073.0,462.0
53075.0,59.0
53077.0,686.0
54001.0,53.0
54003.0,115.0
54005.0,25.0
54007.0,11.0
54009.0,16.5
54011.0,234.5
54099.0,202.5
54013.0,4.0
54015.0,21.0
54017.0,2.0
54019.0,73.0
54039.0,974.5
54021.0,13.0
54023.0,1.0
54025.0,46.5
54027.0,57.0
54029.0,20.5
54031.0,91.0
54033.0,111.0
54035.0,85.0
54037.0,59.0
54079.0,187.5
54041.0,14.0
54043.0,23.0
54045.0,166.0
54047.0,19.0
54049.0,76.0
54051.0,191.0
54053.0,17.0
54055.0,202.0
54057.0,39.0
54059.0,37.0
54061.0,231.0
54063.0,10.5
54065.0,61.0
54067.0,131.0
54069.0,196.0
54071.0,5.0
54073.0,3.0
54075.0,11.0
54077.0,25.0
54081.0,197.0
54083.0,91.0
54085.0,7.0
54087.0,16.0
54089.0,14.0
54091.0,6.0
54093.0,1.0
54095.0,19.0
54103.0,45.0
54097.0,15.0
54101.0,9.0
54105.0,14.0
54107.0,238.0
54109.0,88.0
,0.0
55001.0,40.66666666666666
55003.0,47.0
55005.0,57.0
55007.0,31.0
55009.0,672.0
55115.0,34.0
55011.0,16.0
55013.0,28.0
55015.0,131.66666666666669
55017.0,228.5
55019.0,24.5
55073.0,317.5
55021.0,75.66666666666666
55111.0,93.66666666666666
55023.0,29.0
55025.0,1333.0
55045.0,20.5
55027.0,107.0
55039.0,187.5
55029.0,14.0
55031.0,87.0
55033.0,97.0
55035.0,139.0
55037.0,11.0
55041.0,11.0
55043.0,91.5
55065.0,15.5
55049.0,22.0
55105.0,382.5
55047.0,10.5
55137.0,37.5
55051.0,7.0
55053.0,16.0
55055.0,123.0
55057.0,67.0
55059.0,391.0
55061.0,23.0
55063.0,163.0
55067.0,0.0
55069.0,55.0
55071.0,142.5
55075.0,28.0
55077.0,11.0
55078.0,0.0
,198.0
55079.0,8762.5
55089.0,68.5
55081.0,73.0
55083.0,37.0
55085.0,56.0
55087.0,240.16666666666669
55139.0,407.1666666666667
55091.0,12.0
55093.0,24.0
55109.0,72.0
55095.0,77.0
55097.0,115.0
55099.0,11.0
55101.0,414.0
55103.0,16.0
55107.0,16.0
55113.0,46.0
55117.0,212.0
55119.0,35.0
55121.0,19.0
55123.0,15.0
55125.0,7.0
55127.0,106.0
55129.0,32.0
55131.0,118.0
55133.0,283.5
55135.0,79.5
55141.0,64.5
56001.0,67.0
56003.0,3.0
56005.0,116.0
56007.0,36.0
56009.0,22.0
56011.0,5.0
56013.0,49.0
56015.0,23.0
56017.0,15.0
56019.0,12.0
56021.0,222.0
56023.0,18.0
56025.0,214.0
56027.0,9.0
56029.0,52.0
56031.0,7.0
56033.0,12.0
56035.0,3.0
56037.0,82.0
56039.0,0.0
56041.0,32.0
56043.0,10.0
56045.0,10.0
,78.0
