FIPS,HOM_STUDENTS
1095.0,499.0
1073.0,1291.0
1117.0,353.0
1089.0,495.0
1123.0,22.0
1039.0,4.0
1015.0,281.0
1083.0,183.0
1055.0,206.0
1097.0,7956.0
1101.0,440.0
1081.0,143.0
1001.0,58.0
1003.0,229.0
1007.0,29.0
1009.0,127.0
1053.0,22.0
1011.0,7.0
1013.0,86.0
1017.0,9.0
1019.0,262.0
1021.0,9.0
1023.0,15.0
1025.0,16.0
1027.0,25.0
1029.0,27.0
1031.0,340.0
1033.0,92.0
1035.0,5.0
1037.0,1.0
1041.0,15.0
1043.0,35.0
1045.0,32.0
1047.0,209.0
1049.0,418.0
1103.0,92.0
1091.0,5.0
1069.0,233.0
1051.0,31.0
1005.0,32.0
1057.0,12.0
1077.0,161.0
1059.0,8.0
1061.0,7.0
1063.0,8.0
1065.0,3.0
1133.0,8.0
1067.0,14.0
1071.0,60.0
1127.0,95.0
1075.0,1.0
1079.0,153.0
1085.0,181.0
1087.0,37.0
1093.0,46.0
1099.0,5.0
1115.0,63.0
1105.0,181.0
1113.0,52.0
1107.0,5.0
1109.0,108.0
1111.0,33.0
1119.0,7.0
1121.0,60.0
1125.0,423.0
1129.0,28.0
1131.0,96.0
2050.0,38.0
2158.0,25.0
2060.0,1.0
2240.0,4.0
2261.0,35.0
2070.0,12.0
2290.0,55.0
2090.0,406.0
2130.0,9.0
2020.0,1928.0
2110.0,126.0
2220.0,54.0
2105.0,28.0
2198.0,17.0
2122.0,223.0
2150.0,20.0
2170.0,577.0
2180.0,54.0
2185.0,36.0
2195.0,3.0
2068.0,3.0
2275.0,5.0
4013.0,10649.0
4025.0,1036.0
4003.0,351.0
4001.0,37.0
4019.0,3120.0
4005.0,529.0
4007.0,816.0
4021.0,606.0
4023.0,423.0
4017.0,309.0
4015.0,329.0
4027.0,365.0
4012.0,27.0
4009.0,28.0
5001.0,81.0
5011.0,20.0
5021.0,32.0
5031.0,398.0
5053.0,63.0
5125.0,141.0
5055.0,322.0
5063.0,267.0
5065.0,30.0
5067.0,126.0
5069.0,163.0
5079.0,30.0
5093.0,527.0
5099.0,27.0
5103.0,44.0
5149.0,116.0
5003.0,54.0
5005.0,165.0
5027.0,63.0
5111.0,299.0
5133.0,62.0
5123.0,50.0
5007.0,1335.0
5119.0,1550.0
5075.0,153.0
5107.0,56.0
5073.0,16.0
5025.0,27.0
5113.0,51.0
5097.0,84.0
5129.0,69.0
5089.0,278.0
5101.0,217.0
5061.0,57.0
5143.0,903.0
5033.0,320.0
5009.0,347.0
5019.0,14.0
5081.0,34.0
5115.0,452.0
5147.0,97.0
5145.0,327.0
5015.0,354.0
5059.0,136.0
5057.0,140.0
5083.0,402.0
5095.0,82.0
5085.0,173.0
5135.0,81.0
5091.0,73.0
5047.0,134.0
5071.0,355.0
5141.0,214.0
5023.0,168.0
5045.0,595.0
5051.0,519.0
5117.0,51.0
5043.0,32.0
5041.0,18.0
5035.0,184.0
5105.0,25.0
5139.0,207.0
5039.0,15.0
5131.0,404.0
5109.0,118.0
5013.0,73.0
5037.0,108.0
5087.0,256.0
5017.0,4.0
5049.0,54.0
5127.0,86.0
5077.0,1.0
5121.0,86.0
5137.0,4.0
5029.0,213.0
6037.0,61967.0
6071.0,29146.0
6041.0,1025.0
6035.0,88.0
6057.0,290.0
6061.0,1290.0
6017.0,720.0
6105.0,155.0
6001.0,3826.0
6019.0,4123.0
6029.0,4735.0
6065.0,20267.0
6047.0,871.0
6097.0,625.0
6107.0,2406.0
6067.0,10260.0
6023.0,1214.0
6073.0,18251.0
6087.0,3699.0
6021.0,282.0
6053.0,12542.0
6077.0,4930.0
6079.0,2953.0
6007.0,4544.0
6099.0,1800.0
6039.0,1184.0
6093.0,228.0
6083.0,7306.0
6111.0,6160.0
6033.0,774.0
6003.0,12.0
6085.0,3237.0
6005.0,179.0
6059.0,28595.0
6045.0,988.0
6103.0,541.0
6013.0,2841.0
6031.0,689.0
6043.0,142.0
6081.0,2055.0
6089.0,1005.0
6109.0,285.0
6095.0,1536.0
6025.0,1935.0
6009.0,231.0
6055.0,429.0
6115.0,400.0
6069.0,240.0
6011.0,280.0
6113.0,990.0
6015.0,203.0
6101.0,320.0
6051.0,7.0
6049.0,5.0
6063.0,119.0
6075.0,2426.0
6091.0,11.0
8017.0,3.0
8125.0,69.0
8001.0,5877.0
8005.0,4885.0
8041.0,2167.0
8067.0,285.0
8037.0,284.0
8069.0,2296.0
8045.0,390.0
8049.0,210.0
8077.0,758.0
8015.0,182.0
8107.0,146.0
8039.0,38.0
8121.0,25.0
8003.0,115.0
8021.0,12.0
8007.0,21.0
8063.0,17.0
8123.0,1579.0
8031.0,3788.0
8093.0,13.0
8013.0,939.0
8014.0,5002.0
8087.0,506.0
8043.0,122.0
8109.0,206.0
8019.0,34.0
8083.0,87.0
8119.0,79.0
8105.0,21.0
8029.0,169.0
8033.0,4.0
8035.0,683.0
8089.0,33.0
8023.0,33.0
8051.0,12.0
8095.0,6.0
8059.0,2753.0
8115.0,15.0
8055.0,12.0
8065.0,7.0
8099.0,67.0
8011.0,11.0
8073.0,35.0
8103.0,23.0
8081.0,8.0
8085.0,221.0
8091.0,2.0
8075.0,35.0
8101.0,588.0
8111.0,8.0
8117.0,18.0
8071.0,15.0
8057.0,7.0
9003.0,1169.0
9011.0,690.0
9001.0,580.0
9009.0,1825.0
9015.0,217.0
9013.0,85.0
9007.0,76.0
9005.0,121.0
10001.0,1138.0
10003.0,1548.0
10005.0,910.0
11001.0,6603.0
12001.0,1028.0
12003.0,55.0
12005.0,5725.0
12007.0,161.0
12009.0,2264.0
12011.0,5419.0
12013.0,202.0
12015.0,362.0
12017.0,4985.0
12019.0,992.0
12021.0,1024.0
12023.0,507.0
12086.0,9917.0
12027.0,154.0
12029.0,53.0
12031.0,3771.0
12033.0,1942.0
12035.0,556.0
12037.0,289.0
12039.0,252.0
12041.0,13.0
12043.0,45.0
12045.0,108.0
12047.0,347.0
12049.0,183.0
12051.0,346.0
12053.0,4949.0
12055.0,465.0
12057.0,4241.0
12059.0,56.0
12061.0,441.0
12063.0,2857.0
12065.0,34.0
12067.0,204.0
12069.0,2019.0
12071.0,1272.0
12073.0,1373.0
12075.0,262.0
12077.0,34.0
12079.0,227.0
12081.0,1418.0
12083.0,2181.0
12085.0,621.0
12087.0,352.0
12089.0,548.0
12091.0,1142.0
12093.0,645.0
12095.0,6122.0
12097.0,3493.0
12099.0,4493.0
12101.0,1908.0
12103.0,4367.0
12105.0,3515.0
12107.0,537.0
12113.0,1141.0
12115.0,826.0
12117.0,1591.0
12109.0,732.0
12111.0,1529.0
12119.0,127.0
12121.0,318.0
12123.0,103.0
12125.0,61.0
12127.0,2746.0
12129.0,94.0
12131.0,466.0
12133.0,213.0
13285.0,213.0
13001.0,58.0
13003.0,5.0
13121.0,3734.0
13089.0,4218.0
13005.0,74.0
13007.0,6.0
13009.0,364.0
13057.0,244.0
13063.0,1817.0
13021.0,743.0
13011.0,283.0
13135.0,2008.0
13243.0,25.0
13013.0,335.0
13015.0,519.0
13017.0,28.0
13019.0,49.0
13023.0,4.0
13025.0,65.0
13143.0,368.0
13027.0,10.0
13029.0,90.0
13031.0,251.0
13033.0,13.0
13035.0,440.0
13129.0,684.0
13039.0,106.0
13043.0,23.0
13045.0,1042.0
13047.0,323.0
13049.0,60.0
13051.0,997.0
13053.0,6.0
13055.0,309.0
13059.0,867.0
13061.0,1.0
13065.0,37.0
13067.0,1951.0
13069.0,540.0
13071.0,301.0
13073.0,355.0
13157.0,175.0
13075.0,20.0
13077.0,185.0
13079.0,10.0
13081.0,23.0
13083.0,34.0
13313.0,693.0
13085.0,247.0
13087.0,53.0
13091.0,42.0
13093.0,76.0
13095.0,428.0
13097.0,682.0
13175.0,524.0
13099.0,96.0
13103.0,151.0
13105.0,55.0
13107.0,78.0
13109.0,49.0
13111.0,260.0
13113.0,105.0
13115.0,538.0
13117.0,621.0
13119.0,95.0
13139.0,594.0
13123.0,72.0
13127.0,369.0
13131.0,38.0
13133.0,75.0
13255.0,287.0
13137.0,154.0
13141.0,60.0
13145.0,26.0
13147.0,53.0
13149.0,113.0
13151.0,1095.0
13153.0,482.0
13155.0,43.0
13159.0,31.0
13161.0,11.0
13163.0,13.0
13165.0,10.0
13167.0,44.0
13169.0,14.0
13171.0,52.0
13173.0,76.0
13177.0,545.0
13179.0,225.0
13181.0,123.0
13183.0,28.0
13185.0,608.0
13187.0,42.0
13193.0,4.0
13195.0,200.0
13197.0,8.0
13189.0,48.0
13191.0,76.0
13199.0,15.0
13201.0,44.0
13205.0,59.0
13207.0,735.0
13209.0,54.0
13211.0,63.0
13213.0,166.0
13215.0,1141.0
13217.0,198.0
13219.0,106.0
13221.0,17.0
13223.0,252.0
13225.0,54.0
13227.0,207.0
13229.0,74.0
13231.0,4.0
13233.0,782.0
13235.0,20.0
13237.0,12.0
13239.0,70.0
13241.0,93.0
13245.0,337.0
13247.0,650.0
13249.0,13.0
13251.0,77.0
13253.0,3.0
13297.0,303.0
13257.0,25.0
13261.0,20.0
13267.0,34.0
13269.0,113.0
13271.0,6.0
13273.0,10.0
13275.0,397.0
13277.0,41.0
13279.0,83.0
13281.0,56.0
13283.0,19.0
13287.0,18.0
13289.0,56.0
13291.0,50.0
13293.0,59.0
13295.0,80.0
13299.0,319.0
13303.0,11.0
13305.0,74.0
13307.0,3.0
13311.0,139.0
13319.0,1.0
13321.0,55.0
15003.0,3600.0
15001.0,3600.0
15009.0,3600.0
15007.0,3600.0
16017.0,166.0
16001.0,1597.0
16057.0,78.0
16019.0,344.0
16011.0,205.0
16077.0,53.0
16049.0,11.0
16083.0,468.0
16047.0,124.0
16027.0,1709.0
16013.0,97.0
16005.0,331.0
16015.0,29.0
16007.0,29.0
16021.0,130.0
16073.0,135.0
16023.0,25.0
16087.0,58.0
16085.0,34.0
16031.0,95.0
16033.0,7.0
16055.0,635.0
16009.0,57.0
16069.0,331.0
16063.0,57.0
16041.0,18.0
16045.0,62.0
16043.0,45.0
16075.0,433.0
16039.0,41.0
16061.0,69.0
16051.0,33.0
16053.0,104.0
16079.0,61.0
16037.0,6.0
16065.0,77.0
16003.0,10.0
16067.0,131.0
16071.0,57.0
16035.0,90.0
16059.0,71.0
16029.0,15.0
16081.0,3.0
17023.0,119.0
17039.0,59.0
17147.0,130.0
17193.0,312.0
17105.0,73.0
17015.0,9.0
17145.0,57.0
17097.0,1455.0
17087.0,132.0
17127.0,127.0
17053.0,28.0
17143.0,827.0
17059.0,65.0
17111.0,908.0
17183.0,482.0
17013.0,42.0
17107.0,113.0
17017.0,65.0
17019.0,719.0
17113.0,460.0
17099.0,280.0
17125.0,111.0
17121.0,572.0
17123.0,17.0
17045.0,237.0
17115.0,519.0
17011.0,241.0
17057.0,192.0
17001.0,155.0
17149.0,67.0
17051.0,320.0
17135.0,280.0
17049.0,268.0
17201.0,3018.0
17117.0,427.0
17061.0,253.0
17177.0,379.0
17085.0,40.0
17079.0,67.0
17081.0,566.0
17029.0,285.0
17173.0,125.0
17043.0,2874.0
17199.0,661.0
17067.0,140.0
17031.0,23600.0
17091.0,429.0
17077.0,410.0
17089.0,2483.0
17095.0,173.0
17195.0,179.0
17141.0,168.0
17103.0,62.0
17119.0,1472.0
17161.0,462.0
17163.0,2417.0
17203.0,61.0
17197.0,2443.0
17055.0,567.0
17139.0,117.0
17109.0,139.0
17071.0,27.0
17187.0,42.0
17075.0,54.0
17167.0,655.0
17169.0,35.0
17131.0,41.0
17027.0,307.0
17185.0,176.0
17073.0,292.0
17181.0,213.0
17041.0,124.0
17189.0,95.0
17129.0,10.0
17007.0,125.0
17171.0,20.0
17063.0,108.0
17175.0,34.0
17003.0,120.0
17165.0,292.0
17021.0,204.0
17179.0,337.0
17157.0,239.0
17191.0,89.0
17025.0,244.0
17133.0,102.0
17065.0,105.0
17037.0,305.0
17159.0,145.0
17047.0,37.0
17137.0,188.0
17005.0,84.0
17069.0,46.0
17033.0,194.0
17083.0,69.0
17101.0,60.0
17093.0,567.0
17153.0,114.0
17009.0,9.0
17035.0,43.0
17151.0,42.0
17155.0,8.0
18055.0,49.0
18043.0,85.0
18097.0,4356.0
18089.0,885.0
18003.0,1414.0
18001.0,108.0
18105.0,249.0
18127.0,462.0
18019.0,444.0
18121.0,18.0
18095.0,282.0
18141.0,375.0
18153.0,52.0
18045.0,30.0
18029.0,40.0
18063.0,200.0
18027.0,31.0
18005.0,380.0
18137.0,115.0
18039.0,634.0
18007.0,6.0
18009.0,15.0
18061.0,27.0
18179.0,74.0
18021.0,11.0
18099.0,71.0
18013.0,21.0
18071.0,107.0
18065.0,53.0
18123.0,147.0
18057.0,275.0
18015.0,34.0
18049.0,38.0
18081.0,502.0
18177.0,104.0
18033.0,93.0
18113.0,105.0
18135.0,105.0
18067.0,376.0
18023.0,120.0
18091.0,162.0
18133.0,173.0
18183.0,60.0
18025.0,23.0
18107.0,81.0
18031.0,66.0
18035.0,70.0
18011.0,175.0
18175.0,92.0
18053.0,181.0
18059.0,80.0
18145.0,109.0
18163.0,527.0
18041.0,8.0
18047.0,6.0
18151.0,75.0
18181.0,19.0
18037.0,14.0
18109.0,514.0
18069.0,27.0
18075.0,8.0
18079.0,191.0
18073.0,95.0
18149.0,23.0
18157.0,546.0
18087.0,98.0
18085.0,166.0
18017.0,358.0
18103.0,96.0
18077.0,91.0
18169.0,37.0
18093.0,64.0
18131.0,14.0
18129.0,47.0
18051.0,101.0
18111.0,25.0
18147.0,25.0
18159.0,17.0
18165.0,61.0
18117.0,25.0
18125.0,23.0
18115.0,47.0
18139.0,29.0
18143.0,23.0
18101.0,1.0
18119.0,218.0
18155.0,56.0
18167.0,366.0
18083.0,26.0
18173.0,32.0
19065.0,39.0
19099.0,33.0
19059.0,25.0
19171.0,58.0
19013.0,303.0
19155.0,179.0
19025.0,1.0
19127.0,70.0
19049.0,193.0
19149.0,13.0
19135.0,10.0
19023.0,19.0
19021.0,57.0
19169.0,179.0
19105.0,32.0
19153.0,1594.0
19029.0,4.0
19009.0,8.0
19011.0,39.0
19163.0,451.0
19179.0,179.0
19123.0,63.0
19015.0,54.0
19167.0,46.0
19081.0,6.0
19157.0,9.0
19189.0,2.0
19057.0,258.0
19045.0,123.0
19027.0,26.0
19113.0,881.0
19117.0,15.0
19067.0,29.0
19035.0,1.0
19197.0,16.0
19039.0,10.0
19041.0,5.0
19095.0,25.0
19103.0,461.0
19033.0,136.0
19115.0,86.0
19175.0,1.0
19051.0,11.0
19191.0,4.0
19047.0,4.0
19075.0,1.0
19061.0,217.0
19031.0,12.0
19121.0,63.0
19019.0,33.0
19097.0,25.0
19005.0,1.0
19055.0,38.0
19043.0,1.0
19083.0,5.0
19147.0,3.0
19145.0,15.0
19063.0,3.0
19101.0,11.0
19187.0,69.0
19111.0,9.0
19071.0,8.0
19129.0,137.0
19001.0,3.0
19077.0,3.0
19069.0,22.0
19165.0,21.0
19141.0,1.0
19183.0,150.0
19089.0,37.0
19091.0,3.0
19181.0,29.0
19017.0,26.0
19073.0,11.0
19107.0,13.0
19193.0,680.0
19125.0,21.0
19085.0,2.0
19159.0,4.0
19087.0,17.0
19139.0,77.0
19037.0,26.0
19195.0,3.0
19151.0,11.0
19079.0,29.0
19177.0,21.0
19161.0,10.0
19133.0,1.0
20169.0,112.0
20113.0,66.0
20149.0,26.0
20013.0,11.0
20059.0,240.0
20171.0,6.0
20153.0,1.0
20201.0,5.0
20089.0,6.0
20053.0,10.0
20159.0,57.0
20131.0,2.0
20117.0,1.0
20041.0,8.0
20177.0,521.0
20111.0,64.0
20099.0,16.0
20015.0,86.0
20173.0,2334.0
20035.0,61.0
20037.0,242.0
20025.0,7.0
20005.0,1.0
20077.0,7.0
20045.0,219.0
20103.0,158.0
20021.0,86.0
20191.0,107.0
20165.0,14.0
20209.0,1156.0
20057.0,33.0
20155.0,106.0
20031.0,67.0
20125.0,19.0
20133.0,15.0
20069.0,17.0
20027.0,3.0
20193.0,12.0
20017.0,5.0
20197.0,22.0
20127.0,22.0
20157.0,1.0
20091.0,1102.0
20129.0,19.0
20051.0,18.0
20073.0,22.0
20011.0,99.0
20205.0,28.0
20055.0,255.0
20003.0,8.0
20181.0,1.0
20009.0,29.0
20071.0,4.0
20097.0,3.0
20079.0,84.0
20065.0,1.0
20115.0,13.0
20085.0,18.0
20189.0,54.0
20001.0,6.0
20107.0,37.0
20187.0,16.0
20061.0,309.0
20161.0,682.0
20095.0,1.0
20047.0,44.0
20119.0,15.0
20175.0,249.0
20093.0,5.0
20203.0,26.0
20105.0,1.0
20147.0,1.0
20121.0,133.0
20139.0,59.0
20087.0,18.0
20007.0,1.0
20135.0,5.0
20151.0,9.0
20063.0,1.0
20179.0,3.0
20167.0,5.0
20081.0,52.0
20185.0,1.0
20067.0,1.0
20207.0,48.0
21001.0,26.0
21003.0,42.0
21177.0,36.0
21005.0,16.0
21019.0,473.0
21023.0,35.0
21007.0,58.0
21121.0,202.0
21179.0,49.0
21009.0,725.0
21011.0,107.0
21117.0,1771.0
21013.0,581.0
21037.0,726.0
21151.0,160.0
21015.0,360.0
21017.0,273.0
21227.0,194.0
21021.0,87.0
21025.0,265.0
21027.0,100.0
21029.0,435.0
21167.0,63.0
21031.0,40.0
21033.0,22.0
21035.0,41.0
21217.0,72.0
21039.0,101.0
21041.0,29.0
21043.0,399.0
21045.0,87.0
21099.0,77.0
21047.0,216.0
21049.0,63.0
21051.0,10.0
21053.0,28.0
21235.0,346.0
21055.0,315.0
21057.0,64.0
21059.0,203.0
21107.0,112.0
21125.0,200.0
21061.0,14.0
21093.0,160.0
21063.0,60.0
21103.0,173.0
21065.0,73.0
21067.0,1221.0
21209.0,1687.0
21069.0,26.0
21071.0,59.0
21073.0,228.0
21075.0,83.0
21077.0,89.0
21079.0,31.0
21081.0,61.0
21083.0,218.0
21085.0,11.0
21087.0,8.0
21089.0,148.0
21091.0,6.0
21095.0,1481.0
21097.0,165.0
21193.0,684.0
21101.0,242.0
21105.0,7.0
21109.0,244.0
21111.0,5172.0
21133.0,373.0
21113.0,366.0
21115.0,92.0
21119.0,92.0
21123.0,4.0
21127.0,556.0
21129.0,143.0
21131.0,139.0
21135.0,45.0
21137.0,22.0
21139.0,37.0
21141.0,173.0
21143.0,12.0
21153.0,86.0
21155.0,50.0
21157.0,295.0
21159.0,26.0
21161.0,31.0
21145.0,253.0
21147.0,8.0
21163.0,193.0
21165.0,79.0
21169.0,22.0
21171.0,34.0
21173.0,144.0
21175.0,17.0
21181.0,320.0
21183.0,43.0
21185.0,41.0
21187.0,36.0
21189.0,25.0
21191.0,37.0
21195.0,591.0
21197.0,18.0
21199.0,106.0
21201.0,30.0
21203.0,319.0
21205.0,370.0
21207.0,263.0
21211.0,35.0
21213.0,93.0
21215.0,35.0
21219.0,43.0
21221.0,53.0
21223.0,12.0
21225.0,12.0
21229.0,41.0
21231.0,69.0
21233.0,410.0
21239.0,42.0
22033.0,1042.0
22073.0,308.0
22001.0,215.0
22071.0,2251.0
22009.0,41.0
22017.0,2364.0
22003.0,13.0
22005.0,62.0
22007.0,138.0
22111.0,50.0
22019.0,817.0
22011.0,36.0
22013.0,31.0
22097.0,152.0
22047.0,158.0
22055.0,861.0
22117.0,70.0
22051.0,1274.0
5139.0,207.0
22015.0,439.0
22093.0,37.0
22061.0,54.0
22021.0,55.0
22023.0,14.0
22025.0,16.0
22027.0,29.0
22029.0,140.0
22031.0,68.0
22035.0,12.0
22037.0,118.0
22039.0,56.0
22041.0,11.0
22043.0,196.0
22045.0,75.0
22113.0,163.0
22049.0,10.0
22053.0,120.0
22057.0,839.0
22059.0,312.0
22063.0,30.0
22065.0,33.0
22067.0,193.0
22069.0,170.0
22075.0,50.0
22077.0,79.0
22079.0,963.0
22081.0,144.0
22083.0,23.0
22085.0,43.0
22087.0,80.0
22089.0,21.0
22091.0,28.0
22095.0,71.0
22099.0,155.0
22101.0,319.0
22103.0,638.0
22105.0,290.0
22107.0,5.0
22109.0,756.0
22115.0,9.0
22119.0,97.0
22121.0,108.0
22123.0,4.0
22125.0,40.0
22127.0,49.0
23031.0,313.0
23013.0,62.0
23001.0,377.0
23011.0,310.0
23019.0,188.0
23009.0,84.0
23015.0,57.0
23005.0,896.0
23029.0,30.0
23003.0,37.0
23025.0,93.0
23017.0,139.0
23027.0,73.0
23021.0,22.0
23023.0,105.0
23007.0,57.0
25027.0,4873.0
25013.0,3021.0
25025.0,5393.0
25017.0,2997.0
25009.0,2890.0
25021.0,727.0
25023.0,1002.0
25005.0,2271.0
25003.0,205.0
25001.0,400.0
25015.0,170.0
25011.0,167.0
25019.0,1.0
26025.0,853.0
26053.0,64.0
26063.0,103.0
26097.0,86.0
26103.0,142.0
26131.0,2.0
26163.0,3062.0
26013.0,12.0
26003.0,37.0
26023.0,524.0
26029.0,202.0
26033.0,171.0
26045.0,1251.0
26047.0,164.0
26049.0,1246.0
26065.0,1090.0
26073.0,249.0
26081.0,2496.0
26093.0,366.0
26109.0,149.0
26123.0,675.0
26139.0,940.0
26099.0,1667.0
26021.0,840.0
26059.0,535.0
26117.0,399.0
26087.0,506.0
26101.0,318.0
26125.0,2344.0
26145.0,731.0
26161.0,1084.0
26077.0,1455.0
26107.0,182.0
26075.0,762.0
26121.0,662.0
26147.0,615.0
26017.0,448.0
26055.0,683.0
26005.0,714.0
26115.0,735.0
26133.0,214.0
26009.0,174.0
26143.0,257.0
26069.0,379.0
26129.0,127.0
26105.0,246.0
26061.0,82.0
26091.0,269.0
26157.0,235.0
26001.0,21.0
26057.0,281.0
26007.0,181.0
26119.0,39.0
26011.0,95.0
26085.0,94.0
26159.0,855.0
26037.0,687.0
26051.0,63.0
26067.0,322.0
26019.0,101.0
26041.0,148.0
26043.0,96.0
26151.0,350.0
26165.0,256.0
26111.0,287.0
26149.0,488.0
26155.0,369.0
26027.0,442.0
26031.0,118.0
26035.0,177.0
26135.0,96.0
26039.0,50.0
26071.0,38.0
26015.0,357.0
26079.0,133.0
26137.0,56.0
26089.0,114.0
26127.0,263.0
26113.0,103.0
26153.0,30.0
26095.0,69.0
26141.0,52.0
27043.0,6.0
27045.0,2.0
27137.0,535.0
27131.0,163.0
27079.0,69.0
27159.0,29.0
27025.0,92.0
27129.0,12.0
27053.0,6576.0
27037.0,760.0
27147.0,171.0
27161.0,64.0
27101.0,11.0
27023.0,28.0
27067.0,46.0
27143.0,34.0
27003.0,1723.0
27029.0,5.0
27051.0,1.0
27041.0,66.0
27145.0,700.0
27093.0,34.0
27117.0,19.0
27153.0,146.0
27127.0,40.0
27123.0,2761.0
27085.0,86.0
27171.0,170.0
27091.0,100.0
27107.0,10.0
27005.0,199.0
27163.0,809.0
27063.0,1.0
27061.0,135.0
27141.0,639.0
27157.0,35.0
27083.0,37.0
27007.0,409.0
27125.0,5.0
27059.0,91.0
27139.0,362.0
27099.0,39.0
27105.0,14.0
27021.0,102.0
27047.0,46.0
27027.0,183.0
27017.0,85.0
27111.0,29.0
27035.0,45.0
27167.0,4.0
27109.0,463.0
27055.0,34.0
27049.0,92.0
27019.0,79.0
27119.0,64.0
27073.0,1.0
27115.0,68.0
27009.0,593.0
27039.0,14.0
27081.0,1.0
27071.0,11.0
27095.0,174.0
27077.0,13.0
27057.0,8.0
27169.0,28.0
27097.0,80.0
27087.0,84.0
27013.0,237.0
27103.0,238.0
27001.0,1.0
27065.0,96.0
27033.0,1.0
27015.0,48.0
27089.0,1.0
27165.0,7.0
27113.0,12.0
27135.0,7.0
28025.0,9.0
28003.0,363.0
28095.0,85.0
28081.0,187.0
28117.0,78.0
28045.0,45.0
28009.0,1.0
28047.0,1935.0
28013.0,46.0
28015.0,8.0
28019.0,4.0
28027.0,19.0
28049.0,1860.0
28091.0,61.0
28087.0,126.0
28029.0,11.0
28031.0,23.0
28061.0,2.0
28135.0,101.0
28035.0,152.0
28039.0,47.0
28151.0,101.0
28083.0,127.0
28093.0,87.0
28053.0,103.0
28057.0,59.0
28059.0,379.0
28065.0,8.0
28067.0,28.0
28007.0,7.0
28071.0,88.0
28073.0,77.0
28075.0,168.0
28077.0,4.0
28079.0,11.0
28113.0,73.0
28001.0,7.0
28099.0,10.0
28145.0,20.0
28101.0,189.0
28139.0,7.0
28103.0,35.0
28121.0,23.0
28109.0,139.0
28115.0,37.0
28111.0,7.0
28137.0,19.0
28125.0,63.0
28127.0,307.0
28131.0,14.0
28141.0,12.0
28143.0,27.0
28147.0,7.0
28149.0,243.0
28161.0,4.0
28155.0,8.0
28163.0,34.0
29081.0,15.0
29143.0,66.0
29095.0,4504.0
29510.0,5297.0
29019.0,63.0
29013.0,17.0
29207.0,33.0
29189.0,6350.0
29149.0,53.0
29093.0,31.0
29037.0,486.0
29077.0,2214.0
29109.0,270.0
29067.0,16.0
29153.0,45.0
29201.0,102.0
29121.0,5.0
29043.0,211.0
29187.0,528.0
29053.0,47.0
29209.0,194.0
29167.0,164.0
29033.0,41.0
29055.0,123.0
29213.0,287.0
29025.0,48.0
29217.0,133.0
29115.0,40.0
29041.0,11.0
29059.0,47.0
29179.0,30.0
29215.0,67.0
29135.0,60.0
29029.0,738.0
29049.0,96.0
29069.0,42.0
29031.0,340.0
29097.0,807.0
29155.0,12.0
29009.0,313.0
29101.0,423.0
29183.0,686.0
29133.0,31.0
29117.0,30.0
29083.0,100.0
29015.0,175.0
29051.0,187.0
29105.0,212.0
29099.0,841.0
29065.0,40.0
29145.0,754.0
29169.0,137.0
29181.0,113.0
29035.0,123.0
29021.0,504.0
29039.0,46.0
29131.0,53.0
29113.0,53.0
29057.0,4.0
29177.0,177.0
29047.0,965.0
29089.0,32.0
29225.0,260.0
29071.0,629.0
29123.0,13.0
29027.0,232.0
29211.0,61.0
29079.0,26.0
29159.0,924.0
29223.0,1.0
29127.0,146.0
29229.0,84.0
29073.0,120.0
29175.0,73.0
29107.0,99.0
29091.0,268.0
29147.0,2.0
29045.0,3.0
29075.0,1.0
29001.0,4.0
29011.0,50.0
29111.0,4.0
29151.0,13.0
29163.0,16.0
29017.0,39.0
29137.0,20.0
29195.0,301.0
29063.0,44.0
29119.0,193.0
29199.0,1.0
29129.0,6.0
29007.0,111.0
29139.0,71.0
29203.0,66.0
29023.0,116.0
29161.0,106.0
29003.0,1.0
29185.0,13.0
29165.0,263.0
29157.0,73.0
29221.0,202.0
29171.0,1.0
29173.0,31.0
29005.0,8.0
29197.0,1.0
29205.0,12.0
29186.0,21.0
29141.0,185.0
29061.0,2.0
29125.0,1.0
29219.0,340.0
29085.0,2.0
29227.0,6.0
30049.0,182.0
30087.0,160.0
30089.0,6.0
30073.0,91.0
30061.0,63.0
30023.0,31.0
30031.0,128.0
30047.0,251.0
30085.0,86.0
30025.0,1.0
30029.0,393.0
30013.0,291.0
30111.0,337.0
30009.0,2.0
30035.0,219.0
30093.0,107.0
30099.0,3.0
30043.0,6.0
30081.0,53.0
30063.0,318.0
30001.0,6.0
30057.0,2.0
30053.0,36.0
30083.0,54.0
30021.0,5.0
30003.0,69.0
30041.0,20.0
30005.0,89.0
30027.0,1.0
30067.0,26.0
30077.0,3.0
30095.0,1.0
30065.0,12.0
30101.0,14.0
30079.0,5.0
30059.0,3.0
31079.0,356.0
31111.0,82.0
31167.0,4.0
31053.0,699.0
31151.0,51.0
31157.0,82.0
31065.0,1.0
31141.0,23.0
31059.0,1.0
31035.0,30.0
31129.0,30.0
31125.0,34.0
31121.0,35.0
31055.0,1855.0
31147.0,1.0
31077.0,1.0
31015.0,6.0
31039.0,1.0
31067.0,18.0
31153.0,1929.0
31107.0,25.0
31047.0,169.0
31173.0,37.0
31093.0,28.0
31019.0,82.0
31069.0,5.0
31001.0,129.0
31109.0,363.0
31163.0,12.0
31119.0,4.0
31131.0,18.0
31089.0,9.0
31025.0,7.0
31037.0,6.0
31043.0,43.0
31179.0,1.0
31185.0,20.0
32001.0,209.0
32003.0,13913.0
32007.0,231.0
32031.0,2558.0
32033.0,102.0
32005.0,192.0
32011.0,5.0
32013.0,92.0
32015.0,34.0
32017.0,30.0
32019.0,458.0
32021.0,58.0
32023.0,463.0
32510.0,503.0
32027.0,59.0
32029.0,16.0
33015.0,467.0
33007.0,60.0
33005.0,239.0
33013.0,341.0
33017.0,583.0
33001.0,263.0
33011.0,1569.0
33009.0,214.0
33003.0,213.0
33019.0,241.0
34041.0,205.0
34013.0,1189.0
34023.0,1275.0
34007.0,1415.0
34039.0,917.0
34001.0,670.0
34021.0,446.0
34031.0,858.0
34017.0,515.0
34025.0,796.0
34033.0,299.0
34005.0,1011.0
34003.0,681.0
34029.0,857.0
34035.0,207.0
34019.0,6.0
34027.0,272.0
34011.0,713.0
34015.0,769.0
34009.0,320.0
34037.0,123.0
35043.0,4776.0
35035.0,347.0
35001.0,4811.0
35061.0,573.0
35015.0,273.0
35005.0,330.0
35017.0,7.0
35045.0,668.0
35057.0,247.0
35049.0,1570.0
35039.0,134.0
35055.0,97.0
35031.0,1.0
35053.0,285.0
35027.0,34.0
35007.0,17.0
35009.0,98.0
35029.0,353.0
35041.0,12.0
35025.0,223.0
35011.0,45.0
35013.0,656.0
35006.0,25.0
35047.0,42.0
35023.0,92.0
35028.0,1.0
35033.0,7.0
35019.0,1.0
35037.0,90.0
36089.0,567.0
36093.0,560.0
36035.0,129.0
36077.0,116.0
36103.0,5382.0
36019.0,280.0
36095.0,83.0
36101.0,261.0
36003.0,73.0
36065.0,647.0
36053.0,141.0
36099.0,127.0
36009.0,105.0
36083.0,645.0
36017.0,86.0
36105.0,399.0
36029.0,2034.0
36061.0,18817.0
36005.0,41185.0
36047.0,31147.0
36081.0,22415.0
36085.0,2762.0
36043.0,45.0
36057.0,249.0
36113.0,214.0
36045.0,218.0
36001.0,1048.0
36073.0,60.0
36037.0,151.0
36007.0,739.0
36075.0,822.0
36059.0,3632.0
36119.0,2882.0
36115.0,231.0
36027.0,950.0
36121.0,80.0
36011.0,175.0
36051.0,173.0
36067.0,2343.0
36091.0,565.0
36063.0,469.0
36049.0,60.0
36013.0,334.0
36069.0,357.0
36079.0,96.0
36055.0,3336.0
36033.0,135.0
36039.0,93.0
36107.0,149.0
36025.0,35.0
36021.0,206.0
36071.0,2039.0
36023.0,108.0
36117.0,300.0
36109.0,162.0
36123.0,53.0
36111.0,596.0
36015.0,120.0
36087.0,883.0
36031.0,48.0
36097.0,30.0
36041.0,1.0
37051.0,828.0
37147.0,340.0
37037.0,443.0
37039.0,20.0
37063.0,1027.0
37001.0,629.0
37125.0,320.0
37127.0,401.0
37137.0,182.0
37175.0,165.0
37191.0,297.0
37021.0,843.0
37119.0,4643.0
37003.0,79.0
37071.0,755.0
37183.0,3948.0
37005.0,61.0
37131.0,18.0
37025.0,543.0
37047.0,89.0
37007.0,78.0
37009.0,105.0
37151.0,325.0
37011.0,11.0
37081.0,2795.0
37013.0,98.0
37129.0,1454.0
37077.0,71.0
37133.0,1374.0
37045.0,319.0
37015.0,8.0
37017.0,66.0
37139.0,122.0
37179.0,262.0
37019.0,450.0
37023.0,72.0
37027.0,223.0
37029.0,6.0
37031.0,794.0
37033.0,12.0
37035.0,279.0
37135.0,248.0
37041.0,35.0
37043.0,9.0
37163.0,112.0
37053.0,77.0
37055.0,200.0
37057.0,377.0
37059.0,136.0
37061.0,297.0
37065.0,508.0
37171.0,145.0
37067.0,664.0
37069.0,161.0
37073.0,19.0
37075.0,45.0
37079.0,94.0
37083.0,110.0
37085.0,237.0
37087.0,244.0
37089.0,352.0
37091.0,27.0
37093.0,188.0
37095.0,6.0
37097.0,410.0
37099.0,110.0
37101.0,389.0
37103.0,47.0
37159.0,413.0
37105.0,326.0
37107.0,132.0
37109.0,102.0
37113.0,75.0
37115.0,24.0
37117.0,18.0
37111.0,459.0
37121.0,33.0
37123.0,64.0
37049.0,1204.0
37141.0,925.0
37143.0,32.0
37145.0,49.0
37149.0,11.0
37153.0,173.0
37155.0,300.0
37157.0,120.0
37161.0,269.0
37165.0,164.0
37167.0,165.0
37169.0,64.0
37173.0,49.0
37181.0,216.0
37185.0,78.0
37187.0,14.0
37189.0,40.0
37193.0,319.0
37195.0,164.0
37197.0,58.0
37199.0,17.0
38015.0,427.0
38093.0,9.0
38013.0,7.0
38017.0,377.0
38049.0,4.0
38057.0,3.0
38089.0,92.0
38105.0,401.0
38039.0,1.0
38031.0,4.0
38103.0,1.0
38075.0,1.0
38067.0,1.0
38073.0,7.0
38053.0,403.0
38079.0,92.0
38007.0,1.0
38097.0,5.0
38071.0,22.0
38035.0,148.0
38085.0,125.0
38059.0,72.0
38099.0,5.0
38091.0,1.0
38101.0,188.0
38045.0,1.0
38019.0,5.0
38077.0,42.0
38055.0,9.0
38005.0,57.0
38081.0,1.0
38021.0,1.0
38061.0,12.0
38003.0,4.0
39099.0,313.0
39035.0,3669.0
39153.0,1593.0
39113.0,1233.0
39061.0,5010.0
39049.0,3633.0
39017.0,1076.0
39095.0,3125.0
39127.0,61.0
39001.0,51.0
39089.0,832.0
39093.0,502.0
39043.0,224.0
39139.0,447.0
39005.0,128.0
39151.0,912.0
39169.0,188.0
39023.0,463.0
39007.0,175.0
39009.0,169.0
39013.0,276.0
39091.0,25.0
39077.0,44.0
39167.0,194.0
39173.0,209.0
39103.0,116.0
39171.0,85.0
39033.0,105.0
39059.0,218.0
39141.0,569.0
39129.0,121.0
39157.0,232.0
39031.0,80.0
39039.0,47.0
39041.0,339.0
39029.0,23.0
39135.0,63.0
39057.0,315.0
39147.0,187.0
39165.0,153.0
39143.0,161.0
39053.0,83.0
39155.0,209.0
39037.0,44.0
39071.0,463.0
39087.0,12.0
39079.0,67.0
39133.0,246.0
39045.0,230.0
39003.0,64.0
39073.0,138.0
39097.0,52.0
39101.0,335.0
39069.0,71.0
39145.0,123.0
39109.0,158.0
39123.0,3.0
39011.0,39.0
39081.0,4.0
39021.0,189.0
39085.0,224.0
39027.0,58.0
39119.0,155.0
39065.0,21.0
39067.0,1.0
39121.0,31.0
39175.0,7.0
39019.0,26.0
39055.0,87.0
39107.0,89.0
39159.0,80.0
39025.0,137.0
39117.0,15.0
39125.0,6.0
39051.0,47.0
39015.0,46.0
39063.0,148.0
39075.0,19.0
39083.0,53.0
39105.0,90.0
39111.0,196.0
39115.0,157.0
39131.0,15.0
39137.0,1.0
39149.0,22.0
39161.0,1.0
39047.0,105.0
40011.0,2.0
40021.0,557.0
40109.0,8533.0
40143.0,2569.0
40063.0,21.0
40107.0,68.0
40123.0,270.0
40097.0,519.0
40051.0,335.0
40065.0,133.0
40151.0,14.0
40015.0,77.0
40127.0,111.0
40039.0,119.0
40019.0,251.0
40079.0,280.0
40005.0,147.0
40113.0,1248.0
40017.0,140.0
40147.0,291.0
40125.0,496.0
40087.0,162.0
40133.0,79.0
40037.0,386.0
40145.0,386.0
40059.0,1.0
40031.0,800.0
40013.0,359.0
40081.0,14.0
40131.0,635.0
40137.0,723.0
40091.0,182.0
40003.0,41.0
40117.0,25.0
40029.0,15.0
40041.0,262.0
40069.0,95.0
40115.0,180.0
40099.0,24.0
40111.0,155.0
40009.0,151.0
40047.0,357.0
40101.0,654.0
40141.0,84.0
40121.0,337.0
40023.0,51.0
40135.0,99.0
40083.0,7.0
40139.0,193.0
40057.0,1.0
40089.0,68.0
40071.0,11.0
40073.0,64.0
40095.0,373.0
40053.0,1.0
40027.0,2464.0
40055.0,7.0
40085.0,143.0
40049.0,94.0
40153.0,150.0
40103.0,10.0
40105.0,59.0
40067.0,4.0
40045.0,1.0
40075.0,19.0
40119.0,569.0
40001.0,100.0
40043.0,9.0
40033.0,59.0
40035.0,74.0
41053.0,1452.0
41045.0,281.0
41047.0,1898.0
41071.0,674.0
41043.0,1337.0
41065.0,195.0
41067.0,4710.0
41007.0,362.0
41049.0,130.0
41011.0,699.0
41003.0,680.0
41021.0,30.0
41029.0,2768.0
41059.0,200.0
41001.0,217.0
41017.0,701.0
41039.0,2508.0
41031.0,113.0
41015.0,138.0
41025.0,48.0
41019.0,707.0
41005.0,1876.0
41051.0,3736.0
41009.0,218.0
41013.0,76.0
41023.0,11.0
41033.0,977.0
41027.0,45.0
41061.0,176.0
41063.0,13.0
41035.0,626.0
41037.0,43.0
41041.0,1016.0
41069.0,12.0
41057.0,250.0
41055.0,16.0
42085.0,289.0
42101.0,4181.0
42003.0,2854.0
42049.0,594.0
42129.0,494.0
42071.0,2035.0
42043.0,1049.0
42017.0,882.0
42045.0,972.0
42029.0,1193.0
42035.0,71.0
42133.0,1435.0
42077.0,1482.0
42095.0,795.0
42061.0,44.0
42079.0,407.0
42123.0,136.0
42027.0,199.0
42001.0,283.0
42007.0,352.0
42107.0,449.0
42009.0,143.0
42069.0,337.0
42091.0,1163.0
42051.0,259.0
42031.0,159.0
42013.0,417.0
42011.0,1586.0
42075.0,708.0
42005.0,168.0
42015.0,165.0
42105.0,53.0
42125.0,316.0
42037.0,136.0
42111.0,85.0
42041.0,563.0
42021.0,266.0
42063.0,175.0
42115.0,62.0
42083.0,208.0
42065.0,173.0
42019.0,351.0
42023.0,18.0
42059.0,28.0
42055.0,451.0
42033.0,184.0
42039.0,337.0
42121.0,225.0
42093.0,36.0
42103.0,251.0
42053.0,54.0
42081.0,251.0
42089.0,476.0
42073.0,181.0
42057.0,9.0
42099.0,113.0
42025.0,84.0
42047.0,33.0
42067.0,55.0
42131.0,25.0
42119.0,56.0
42097.0,215.0
42109.0,40.0
42087.0,125.0
42117.0,46.0
42113.0,1.0
42127.0,92.0
72129.0,4717.0
44007.0,926.0
44001.0,39.0
44009.0,155.0
44003.0,250.0
44005.0,119.0
45035.0,114.0
45001.0,202.0
45003.0,594.0
45081.0,449.0
45005.0,25.0
45007.0,1103.0
45009.0,5.0
45011.0,27.0
45013.0,552.0
45015.0,539.0
45017.0,50.0
45019.0,503.0
45021.0,74.0
45023.0,29.0
45025.0,51.0
45027.0,12.0
45029.0,117.0
45031.0,140.0
45033.0,11.0
45037.0,35.0
45039.0,304.0
45041.0,215.0
45043.0,87.0
45045.0,1561.0
45047.0,429.0
45059.0,197.0
45049.0,140.0
45051.0,649.0
45053.0,294.0
45055.0,12.0
45057.0,48.0
45061.0,226.0
45063.0,760.0
45079.0,1676.0
45069.0,30.0
45071.0,29.0
45073.0,67.0
45075.0,255.0
45077.0,1925.0
45083.0,1250.0
45087.0,16.0
45089.0,22.0
45091.0,465.0
45085.0,188.0
45067.0,164.0
46097.0,6.0
46119.0,1.0
46065.0,101.0
46083.0,20.0
46099.0,733.0
46109.0,9.0
46013.0,7.0
46009.0,1.0
46019.0,1.0
46007.0,3.0
46011.0,13.0
46033.0,17.0
46103.0,582.0
46137.0,52.0
46075.0,3.0
46041.0,51.0
46127.0,9.0
46101.0,3.0
46005.0,6.0
46015.0,1.0
46023.0,50.0
46079.0,7.0
46081.0,53.0
46085.0,1.0
46031.0,140.0
46035.0,38.0
46061.0,37.0
46093.0,612.0
46121.0,26.0
46029.0,48.0
46037.0,1.0
46039.0,1.0
46095.0,1.0
46123.0,1.0
46135.0,18.0
46071.0,1.0
46055.0,1.0
46129.0,5.0
47063.0,554.0
47033.0,16.0
47009.0,74.0
47001.0,192.0
47107.0,120.0
47157.0,2666.0
47037.0,3697.0
47003.0,128.0
47005.0,25.0
47007.0,16.0
47163.0,746.0
47013.0,430.0
47015.0,6.0
47019.0,220.0
47021.0,55.0
47025.0,19.0
47027.0,21.0
47011.0,16.0
47029.0,37.0
47031.0,111.0
47035.0,188.0
47039.0,22.0
47041.0,6.0
47043.0,147.0
47045.0,58.0
47047.0,37.0
47103.0,13.0
47049.0,16.0
47187.0,234.0
47051.0,59.0
47053.0,57.0
47055.0,19.0
47057.0,24.0
47059.0,89.0
47061.0,51.0
47065.0,1465.0
47069.0,22.0
47071.0,92.0
47073.0,343.0
47075.0,15.0
47077.0,89.0
47079.0,46.0
47081.0,37.0
47017.0,163.0
47083.0,46.0
47085.0,44.0
47087.0,127.0
47089.0,175.0
47179.0,550.0
47091.0,15.0
47093.0,533.0
47097.0,14.0
47099.0,97.0
47189.0,784.0
47105.0,46.0
47101.0,1.0
47111.0,7.0
47113.0,385.0
47115.0,44.0
47117.0,43.0
47119.0,115.0
47109.0,41.0
47121.0,10.0
47123.0,45.0
47125.0,1137.0
47127.0,1.0
47129.0,461.0
47149.0,1420.0
47131.0,34.0
47151.0,12.0
47133.0,69.0
47135.0,7.0
47139.0,141.0
47141.0,572.0
47143.0,145.0
47145.0,141.0
47147.0,349.0
47153.0,59.0
47155.0,321.0
47159.0,42.0
47161.0,13.0
47165.0,266.0
47167.0,33.0
47169.0,4.0
47171.0,80.0
47173.0,25.0
47175.0,41.0
47177.0,259.0
47181.0,8.0
47183.0,33.0
47185.0,158.0
48107.0,23.0
48125.0,36.0
48029.0,8291.0
48353.0,80.0
48433.0,13.0
48083.0,48.0
48209.0,912.0
48251.0,851.0
48277.0,192.0
48453.0,5407.0
48201.0,23214.0
48309.0,1422.0
48355.0,1622.0
48113.0,9636.0
48439.0,8082.0
48139.0,636.0
48187.0,1158.0
48061.0,2932.0
48215.0,3691.0
48027.0,2327.0
48491.0,2082.0
48265.0,454.0
48157.0,3201.0
48005.0,684.0
48099.0,1348.0
48465.0,197.0
48041.0,968.0
48167.0,3257.0
48245.0,1893.0
48361.0,929.0
48303.0,1086.0
48329.0,747.0
48409.0,424.0
48381.0,2097.0
48339.0,1769.0
48225.0,184.0
48121.0,3265.0
48471.0,504.0
48241.0,322.0
48085.0,1938.0
48423.0,678.0
48467.0,143.0
48025.0,165.0
48273.0,121.0
48141.0,3086.0
48093.0,246.0
48427.0,60.0
48365.0,18.0
48203.0,418.0
48425.0,51.0
48385.0,21.0
48333.0,33.0
48299.0,43.0
48479.0,790.0
48135.0,2106.0
48367.0,418.0
48441.0,1497.0
48451.0,331.0
48183.0,192.0
48001.0,101.0
48231.0,391.0
48217.0,296.0
48189.0,41.0
48499.0,160.0
48417.0,31.0
48249.0,104.0
48043.0,16.0
48073.0,101.0
48039.0,1989.0
48375.0,2076.0
48071.0,629.0
48185.0,272.0
48003.0,64.0
48253.0,311.0
48219.0,142.0
48455.0,32.0
48007.0,368.0
48009.0,27.0
48213.0,99.0
48067.0,160.0
48387.0,33.0
48059.0,74.0
48399.0,41.0
48019.0,197.0
48049.0,136.0
48021.0,864.0
48321.0,115.0
48181.0,599.0
48015.0,93.0
48459.0,206.0
48373.0,299.0
48227.0,24.0
48031.0,16.0
48349.0,197.0
48469.0,935.0
48259.0,68.0
48481.0,183.0
48147.0,176.0
48295.0,47.0
48369.0,39.0
48337.0,49.0
48497.0,373.0
48307.0,26.0
48429.0,74.0
48395.0,36.0
48477.0,19.0
48405.0,33.0
48081.0,12.0
48047.0,60.0
48445.0,140.0
48485.0,606.0
48351.0,45.0
48053.0,185.0
48051.0,14.0
48057.0,311.0
48097.0,30.0
48331.0,154.0
48401.0,150.0
48127.0,64.0
48419.0,147.0
48289.0,49.0
48199.0,483.0
48411.0,26.0
48075.0,20.0
48197.0,8.0
48145.0,26.0
48133.0,197.0
48129.0,9.0
48011.0,7.0
48291.0,859.0
48035.0,120.0
48407.0,161.0
48457.0,66.0
48335.0,17.0
48089.0,105.0
48091.0,663.0
48223.0,164.0
48293.0,143.0
48119.0,18.0
48283.0,17.0
48257.0,385.0
48103.0,4.0
48105.0,29.0
48507.0,316.0
48123.0,209.0
48109.0,10.0
48347.0,172.0
48343.0,99.0
48205.0,27.0
48111.0,25.0
48037.0,175.0
48501.0,45.0
48325.0,208.0
48163.0,138.0
48069.0,52.0
48341.0,181.0
48323.0,104.0
48095.0,7.0
48239.0,40.0
48161.0,113.0
48149.0,76.0
48493.0,79.0
48153.0,19.0
48171.0,26.0
48243.0,1.0
48371.0,4.0
48297.0,23.0
48287.0,61.0
48175.0,47.0
48177.0,111.0
48363.0,219.0
48503.0,48.0
48221.0,243.0
48065.0,25.0
48285.0,2.0
48193.0,60.0
48449.0,86.0
48207.0,51.0
48403.0,46.0
48473.0,1396.0
48077.0,52.0
48117.0,153.0
48415.0,38.0
48237.0,41.0
48315.0,18.0
48247.0,4.0
48013.0,147.0
48267.0,6.0
48255.0,48.0
48495.0,114.0
48275.0,10.0
48115.0,70.0
48281.0,93.0
48489.0,105.0
48179.0,161.0
48279.0,76.0
48055.0,455.0
48313.0,16.0
48319.0,36.0
48461.0,7.0
48191.0,15.0
48235.0,5.0
48393.0,3.0
48475.0,7.0
48079.0,19.0
48159.0,42.0
48017.0,1.0
48305.0,35.0
48357.0,38.0
48063.0,21.0
48169.0,9.0
48195.0,47.0
48379.0,29.0
48383.0,75.0
48391.0,104.0
48151.0,19.0
48397.0,81.0
48463.0,88.0
48131.0,1.0
48233.0,31.0
48413.0,22.0
48165.0,20.0
48483.0,32.0
48045.0,11.0
48435.0,64.0
48143.0,43.0
48431.0,8.0
48421.0,5.0
48447.0,41.0
48437.0,24.0
48359.0,7.0
48487.0,23.0
48087.0,1.0
48505.0,188.0
49011.0,1249.0
49049.0,1568.0
49053.0,970.0
49057.0,1002.0
49001.0,11.0
49035.0,5691.0
49003.0,148.0
49005.0,266.0
49021.0,334.0
49007.0,21.0
49047.0,40.0
49013.0,51.0
49015.0,40.0
49017.0,43.0
49023.0,7.0
49025.0,30.0
49027.0,138.0
49029.0,3.0
49039.0,63.0
49043.0,26.0
49031.0,5.0
49037.0,849.0
49041.0,64.0
49045.0,758.0
49051.0,298.0
51001.0,295.0
51003.0,254.0
51540.0,351.0
51510.0,211.0
51005.0,22.0
51007.0,1.0
51009.0,79.0
51011.0,15.0
51013.0,182.0
51015.0,145.0
51017.0,1.0
51019.0,71.0
51021.0,12.0
51023.0,24.0
51520.0,93.0
51025.0,1.0
51029.0,36.0
51530.0,8.0
51031.0,70.0
51033.0,106.0
51035.0,68.0
51036.0,16.0
51037.0,9.0
51550.0,168.0
51041.0,897.0
51043.0,15.0
51193.0,35.0
51570.0,36.0
51580.0,1.0
51045.0,5.0
51047.0,115.0
51049.0,1.0
51590.0,90.0
51051.0,1.0
51053.0,16.0
51057.0,25.0
51059.0,2467.0
51600.0,2467.0
51610.0,7.0
51061.0,304.0
51063.0,7.0
51065.0,52.0
51620.0,47.0
51067.0,12.0
51069.0,225.0
51840.0,465.0
51630.0,203.0
51640.0,14.0
51071.0,11.0
51073.0,14.0
51075.0,13.0
51077.0,13.0
51079.0,35.0
51081.0,20.0
51083.0,44.0
51650.0,389.0
51085.0,59.0
51660.0,160.0
51087.0,1126.0
51089.0,29.0
51670.0,59.0
51093.0,24.0
51097.0,13.0
51099.0,70.0
51101.0,22.0
51103.0,18.0
51105.0,8.0
51678.0,16.0
51107.0,2459.0
51109.0,34.0
51111.0,38.0
51680.0,252.0
51683.0,568.0
51113.0,20.0
51685.0,31.0
51690.0,64.0
51115.0,12.0
51117.0,13.0
51119.0,10.0
51121.0,234.0
51125.0,46.0
51127.0,29.0
51700.0,749.0
51710.0,661.0
51131.0,127.0
51133.0,4.0
51720.0,35.0
51135.0,29.0
51137.0,49.0
51139.0,83.0
51141.0,46.0
51730.0,418.0
51143.0,53.0
51735.0,18.0
51740.0,220.0
51145.0,24.0
51147.0,1.0
51149.0,52.0
51153.0,484.0
51155.0,85.0
51750.0,53.0
51157.0,16.0
51760.0,1189.0
51159.0,14.0
51770.0,801.0
51161.0,71.0
51163.0,15.0
51165.0,107.0
51167.0,5.0
51775.0,38.0
51169.0,12.0
51171.0,89.0
51173.0,9.0
51175.0,25.0
51177.0,552.0
51179.0,240.0
51790.0,74.0
51800.0,162.0
51181.0,9.0
51183.0,7.0
51185.0,49.0
51810.0,930.0
51187.0,85.0
51191.0,70.0
51820.0,73.0
51095.0,430.0
51830.0,430.0
51195.0,255.0
51197.0,14.0
51199.0,207.0
53033.0,8199.0
53015.0,1001.0
53073.0,1129.0
53063.0,3120.0
53027.0,837.0
53041.0,819.0
53057.0,875.0
53061.0,3992.0
53003.0,195.0
53053.0,5633.0
53035.0,904.0
53011.0,2852.0
53039.0,142.0
53047.0,398.0
53017.0,494.0
53031.0,75.0
53009.0,401.0
53007.0,747.0
53065.0,398.0
53037.0,128.0
53075.0,102.0
53071.0,374.0
53029.0,642.0
53043.0,40.0
53019.0,32.0
53051.0,196.0
53013.0,18.0
53025.0,1194.0
53005.0,931.0
53077.0,2166.0
53045.0,839.0
53067.0,1705.0
53021.0,583.0
53001.0,108.0
53055.0,81.0
53059.0,171.0
53049.0,387.0
53069.0,74.0
54001.0,21.0
54003.0,403.0
54005.0,24.0
54007.0,41.0
54009.0,67.0
54011.0,455.0
54013.0,131.0
54015.0,633.0
54017.0,28.0
54019.0,180.0
54021.0,15.0
54023.0,124.0
54025.0,177.0
54027.0,143.0
54029.0,64.0
54031.0,76.0
54033.0,417.0
54035.0,15.0
54037.0,1411.0
54039.0,652.0
54041.0,36.0
54043.0,396.0
54045.0,309.0
54049.0,71.0
54051.0,132.0
54053.0,78.0
54047.0,149.0
54055.0,588.0
54057.0,75.0
54059.0,345.0
54061.0,288.0
54063.0,168.0
54065.0,111.0
54067.0,279.0
54069.0,46.0
54071.0,17.0
54073.0,43.0
54075.0,51.0
54077.0,122.0
54079.0,30.0
54081.0,372.0
54083.0,34.0
54085.0,116.0
54087.0,212.0
54089.0,54.0
54091.0,85.0
54093.0,163.0
54095.0,14.0
54097.0,384.0
54099.0,80.0
54101.0,68.0
54103.0,34.0
54105.0,137.0
54107.0,299.0
54109.0,59.0
55121.0,38.0
55043.0,136.0
55019.0,89.0
55079.0,5574.0
55101.0,964.0
55059.0,533.0
55115.0,104.0
55001.0,36.0
55005.0,189.0
55045.0,89.0
55061.0,23.0
55053.0,82.0
55097.0,345.0
55035.0,375.0
55095.0,128.0
55067.0,27.0
55087.0,476.0
55015.0,355.0
55003.0,25.0
55009.0,1257.0
55141.0,338.0
55109.0,146.0
55063.0,249.0
55111.0,404.0
55049.0,65.0
55033.0,116.0
55027.0,295.0
55025.0,1728.0
55065.0,15.0
55105.0,1192.0
55047.0,107.0
55129.0,55.0
55017.0,68.0
55133.0,525.0
55127.0,325.0
55021.0,202.0
55039.0,208.0
55081.0,108.0
55117.0,269.0
55135.0,152.0
55075.0,149.0
55041.0,42.0
55123.0,103.0
55091.0,24.0
55125.0,84.0
55093.0,75.0
55057.0,135.0
55055.0,239.0
55089.0,42.0
55023.0,28.0
55131.0,132.0
55029.0,22.0
55083.0,78.0
55119.0,27.0
55011.0,12.0
55013.0,68.0
55113.0,41.0
55103.0,57.0
55071.0,343.0
55107.0,38.0
55007.0,27.0
55031.0,146.0
55139.0,426.0
55078.0,103.0
55069.0,61.0
55073.0,370.0
55137.0,39.0
55077.0,130.0
55099.0,1.0
55085.0,34.0
56001.0,64.0
56013.0,180.0
56007.0,39.0
56003.0,34.0
56005.0,413.0
56021.0,323.0
56029.0,84.0
56009.0,73.0
56011.0,7.0
56041.0,33.0
56015.0,22.0
56017.0,7.0
56019.0,1.0
56023.0,23.0
56027.0,9.0
56025.0,150.0
56045.0,44.0
56035.0,7.0
56031.0,20.0
56037.0,74.0
56033.0,48.0
56039.0,83.0
56043.0,45.0
