FIPS,proportion_voter
1001,0.6639100073881646
1003,0.6548879073256104
1005,0.5424286007807685
1007,0.5476881078314281
1009,0.6436548932011726
1011,0.5933657786885246
1013,0.631763925729443
1015,0.5803885522344023
21135,0.5692858525256435
21137,0.5894776643439745
21139,0.6966996240077984
21141,0.6029203496605948
21143,0.606425702811245
21145,0.6614507281266032
21147,0.4789371836856207
21151,0.6114623955431755
21155,0.619698757548414
21157,0.709288736651219
21161,0.6113543827302758
21163,0.6455597749004895
21167,0.7118160863763193
21169,0.6523493427046727
21173,0.6036112286641275
21175,0.5149316215461903
21179,0.6669248866701096
21181,0.6182413981430912
21185,0.7799983551278888
21187,0.6474427435623591
21191,0.6200196973766675
21195,0.5469245197593946
21197,0.5982395131493153
21201,0.7104773713577185
21203,0.5943036041539401
21207,0.6585383822012671
21209,0.7068733976315468
21213,0.6361649424449949
21215,0.7859844577401829
21219,0.6068269448854615
21223,0.6643593293339486
21225,0.5581869111280876
21229,0.6827207899067471
21231,0.5817174515235457
21235,0.5714977284575855
21237,0.5404571843251088
23001,0.7150807704817318
23003,0.6676377313961207
23007,0.7218621821164889
23009,0.7993367987094462
23013,0.8038785782663743
23015,0.8430631140009894
23019,0.7048527004909984
23021,0.7223065250379362
23025,0.6864425563354267
23029,0.7057642096806588
23031,0.7960852449455676
27003,0.8132566550981654
27005,0.7537003224427955
27007,0.698377410786465
27009,0.7574262479158869
27011,0.7686740759886276
27013,0.6933818013963419
27015,0.7555108151360281
27017,0.7434755630178487
27019,0.8998345717849976
27021,0.7883869299077507
27023,0.7633067775083708
27025,0.8090713349560007
47121,0.5674428146476562
47125,0.5258261632049104
47127,0.6914810472840953
47131,0.5772284836065574
47133,0.5785347858666205
47137,0.7175030599755202
47139,0.6175210518540405
47143,0.5491261979544173
47145,0.6016156363889599
47149,0.6194268887013725
47151,0.5399021829893833
47153,0.6191939890710383
47157,0.5706393078036387
47159,0.5972286374133949
47163,0.5895687474726652
47165,0.663125416108872
47169,0.45159832825031065
47171,0.5764746703678001
47175,0.6287128712871287
47177,0.5378283948128737
47181,0.48700160654301156
47183,0.5150174359743522
47187,0.8621200751632568
47189,0.7133260398072974
49003,0.7319933905788661
49005,0.6995097510398313
49011,0.7356796894630587
49015,0.7016186792723106
49017,0.7373819163292847
49019,0.7162591518165492
49021,0.6798461788441749
49023,0.7812708139070201
49025,0.7032301480484522
49027,0.7309872461029759
49029,0.8622895183396423
49031,0.5957592339261286
49033,0.8953564421190321
49035,0.7233667766444726
49037,0.6507380772142316
49039,0.5814489015796988
49041,0.692600761981151
49043,0.8887298991550832
49045,0.6906938507070043
49047,0.6492575307594399
49049,0.7284677592939947
49051,0.8267496979273167
49053,0.7439022397935011
49055,0.8631522896698616
49057,0.638083509937568
50003,0.7229422066549912
50005,0.6812077737926433
50009,0.654111615066062
50011,0.6869272095228063
50015,0.7663247689651671
50017,0.7402802700162352
50021,0.7190907565844656
50023,0.7607954303252483
50027,0.7845712219158266
51001,0.7054566627848944
27165,0.705029144638742
29037,0.7293053508816505
29043,0.730968507131933
29049,0.6982620406592702
29055,0.5949682806484845
29061,0.6380097879282218
29067,0.6779661016949152
29073,0.6817829790895792
29079,0.6082248115147362
29085,0.6449155769963184
29091,0.6164474119124744
29097,0.5997548373792804
29101,0.5570599147172902
29107,0.6792926275540686
29113,0.6784820781407094
29119,0.5815133607399794
29125,0.6914492753623188
29131,0.6451310373573699
29137,0.6653309587414663
29143,0.5492840366694447
29149,0.5811158798283261
29155,0.47601261620185925
29203,0.6080323785803238
29209,0.7002197302621609
29215,0.5657782889144457
29221,0.5258552527542038
29227,0.7001897533206831
29510,0.5671561483188721
12005,0.6835287581508231
12011,0.742240272008952
12017,0.7591997083957718
12023,0.6109621248300944
12031,0.7146697261326342
12037,0.7037641538304601
12043,0.47598213471880413
12049,0.4612979732643381
12055,0.6473149850112878
12061,0.7866057838660578
12067,0.5627672571777642
12073,0.716314469523498
12077,0.5341197551142303
12083,0.7237706216877652
12087,0.8462953553970951
12093,0.5322425409047161
31005,0.8792569659442725
31011,0.8084945966323197
31017,0.7614512471655329
31023,0.7433482069079491
27159,0.7673163418290855
31029,0.7359675036927622
31035,0.7751633986928105
31039,0.7006138832047851
31045,0.5841247342310418
31051,0.7738453815261044
31057,0.7223427331887202
31063,0.6860409718913768
31069,0.8184931506849316
31075,0.78515625
31081,0.7956571757262008
1019,0.5972618644477771
1021,0.5968318540433925
1023,0.7374312647289867
1025,0.7056462402997057
1027,0.6665389037945573
1029,0.6339566585110101
1031,0.5737658601736272
1033,0.6505788812944623
1035,0.6698717948717948
1037,0.6187633742538574
1041,0.6273268449399981
1043,0.659892173967715
1047,0.6244995996797438
1049,0.5904370489174018
1053,0.5608632992372315
1055,0.6051806528279943
1059,0.5768617626964245
1063,0.7453811519950319
1065,0.6997880233174351
1069,0.5800741613008293
1071,0.5867124913460587
1075,0.6720410065237652
1077,0.6067669992911282
1081,0.5789141873378434
1085,0.8971816283924844
1087,0.576849720486682
1091,0.7490929006640652
1093,0.5928540864356012
1097,0.5895410372366016
1099,0.6532641854789506
1103,0.6101854157705282
1107,0.6279777317452098
1109,0.5349168463196797
1113,0.4940877598152425
1115,0.6546707616346563
1119,0.6370504684194621
1123,0.6639457926252758
1125,0.5636446372692024
1129,0.6950354609929078
1131,0.7416895776055986
6001,0.7057003158795955
6003,0.8354002254791432
6007,0.6000795884807378
6011,0.6289303207457734
6013,0.7509683787827498
6017,0.7978593314189143
6019,0.6043746500246846
1017,0.587050580081939
6023,0.6436854705970373
6025,0.5484981529118232
6029,0.5761394395388257
6031,0.47047339118868065
6035,0.4896633436836084
6039,0.5754900910551687
6041,0.8401829192663816
6043,0.730892285815855
6045,0.6945650954433991
6047,0.5950381177707676
6049,0.6378473753859727
27027,0.683536520725114
27029,0.7083960276858261
27031,0.8719358533791524
27033,0.7583509251210729
27035,0.7942624409339845
27037,0.8590825411592057
27039,0.8116009589770911
27041,0.8156962025316455
27043,0.7537142857142857
27045,0.772967466734577
27049,0.8112181303116147
27051,0.8011401008550756
27055,0.7876618011567061
27057,0.7762078668502664
27061,0.7454254602604401
27065,0.7269723904664517
27067,0.7600260204911368
27071,0.7029552147862294
27073,0.7680608365019012
27077,0.8040066777963272
27079,0.7902081473476483
27083,0.7076289791437981
27085,0.7759860616844603
27089,0.7130107376934877
27091,0.7149165530229236
27095,0.7498596150901016
27097,0.7796691249750847
27101,0.7759112519809825
27103,0.7409918636187525
27107,0.7055566946893582
27109,0.8215637445722043
27113,0.679648827869618
27115,0.6835697197539303
27119,0.6678944663354462
27121,0.8007754590033072
27125,0.7283582089552239
27127,0.7307047719855341
27131,0.7305070520562527
27133,0.7483576121108255
27137,0.747344333222876
27139,0.8546348382834436
27143,0.7770524960926726
27145,0.719294229366977
27149,0.6935351882160393
27151,0.742812187097697
27155,0.7158218125960062
27157,0.7826683366135863
27161,0.7471413160733549
27163,0.8763497075961938
27167,0.7014314928425358
27169,0.6685611652396418
27171,0.8485628397298632
27173,0.7479366797456366
29001,0.5215197537716333
29003,0.7235494880546075
29005,0.6783992285438766
29007,0.5509824198552223
29009,0.5821887130486713
29011,0.683653954325571
51005,0.6790562913907284
51007,0.7810428415949342
51011,0.7548460661345496
51013,0.7715491295367365
51017,0.7058989556872707
51019,0.7796270784608977
51023,0.7895563114417075
51025,0.5889152341434499
51029,0.5888446215139442
51031,0.6911288831360947
51035,0.6482156164610416
51036,0.7631895514693247
51037,0.6666307742004953
51043,0.8174575380843986
51045,0.7544026653974298
51049,0.6708333333333333
51051,0.6241564875715384
51057,0.6956423826145705
51059,0.8062281092272456
51063,0.7522378516624041
51065,0.746994767359638
51069,0.7540085433046493
51071,0.6965166578128558
51075,0.8885161696105666
51077,0.6328611457036114
51081,0.4783518092449278
51083,0.6770052682347704
51087,0.7811225555162553
51089,0.641211436431519
51093,0.8162583518930958
51095,0.839787511208107
51097,0.724216825061598
51099,0.7188621090394623
51101,0.8232633031743598
51103,0.8122657580919932
51105,0.5194527129354013
51107,0.8861683899556868
51109,0.7652501833164566
51111,0.6192097389868978
51113,0.7851143932812048
51115,0.7837837837837838
51117,0.6624294939916618
51119,0.7636465953854812
51121,0.5761712253409411
51125,0.7796184738955824
51127,0.8321927655414343
51131,0.7293607800650054
51133,0.7571207130401085
51135,0.5871422646204895
51137,0.7395502975448099
51139,0.6608227279928183
51141,0.6589040149264045
51145,0.8342704942290619
51147,0.5109937026363539
51149,0.5907120113813428
51155,0.6230201390381996
51157,0.8451875742658292
51161,0.7817225599344307
31087,0.6968690702087287
31093,0.725445503522586
31099,0.7484942886812046
31105,0.655703289013296
31111,0.6481888451045772
31117,0.8162162162162162
31123,0.7316165951359085
31127,0.6271528032246244
31175,0.7342328208346407
31179,0.5758157389635317
31185,0.6876865312409743
32005,0.8704095955084854
32011,0.7644817073170732
32017,0.5932573368906137
32023,0.7118087703055298
32031,0.7584667116617654
33001,0.7783589805972873
33007,0.6332438650306749
33013,0.7531449178128145
33019,0.7002929855805136
22005,0.7002336921106442
22011,0.588000575167158
22017,0.5739042909345529
22023,0.765107027846183
22029,0.6038303693570451
22035,0.5802752293577982
22041,0.6496891918989373
22047,0.6505700610918713
22053,0.6368707891687766
22101,0.6286024129049749
22107,0.7529481132075472
22111,0.6566420447883691
22117,0.5582160430255177
22123,0.6002138529167161
36003,0.5674731035989296
36009,0.5911009081394957
36015,0.6117384271739967
36021,0.7430359937402191
36027,0.6758401893735455
36031,0.6374852729414845
36037,0.6507399296569115
36043,0.6093489148580968
36049,0.6460501536326693
36055,0.676615625104756
36061,0.5858498145676716
36067,0.6787860791406961
36073,0.5688460941139929
36079,0.746504157218443
36085,0.6408121881587022
37007,0.5834462629000313
37013,0.7191266089142733
37019,0.7888567154517063
37025,0.7880965666534451
37031,0.757850080763974
37037,0.8949762439689146
37045,0.6825776926351639
37051,0.6035883047844064
37057,0.7092638444834412
6053,0.6921377830710623
6055,0.7495998503336313
6057,0.8124341147532754
6059,0.7265358602125382
6061,0.8079656209712076
6063,0.7284965374409423
6065,0.6270283154439701
6067,0.6807822992242405
6069,0.726335685483871
6071,0.607575740060517
6073,0.697460706595457
6075,0.6794541788474385
6077,0.6167133480147955
6079,0.7248145760896209
6081,0.7400782858600863
6085,0.7252057254385015
6087,0.7452340758430436
6091,0.7929334428923582
6095,0.6573739025457426
6097,0.751330398055098
6101,0.686490750728511
6103,0.618307463779036
6107,0.5623764803211129
6109,0.6846301092219345
6113,0.6557359365730003
6115,0.5686603921269162
5003,0.5268895831948415
5005,0.6143475463531614
5009,0.5938031296623989
5013,0.5220095693779905
5015,0.5811902650507439
5019,0.47258500337761766
5021,0.4508916920400174
5025,0.5772931366260423
5027,0.46681475862816274
5031,0.4864588333375439
5035,0.4719707018859219
5037,0.5618777822743828
5041,0.5036284470246735
5043,0.4865131347277977
5047,0.5222328034576221
5049,0.5267002778063586
5053,0.5873925501432665
5057,0.4509416567891479
5059,0.4776704199634814
5063,0.5205164992826399
5065,0.520189811084251
6051,0.6614629356897398
5069,0.4774810681546433
5071,0.5139332287213896
5075,0.45729231730168646
5079,0.3573734206400443
5081,0.540453074433657
5085,0.5704664272823681
5087,0.5941642418364048
5091,0.5049798362458756
5095,0.5185048793960596
5097,0.5447257383966245
29013,0.6772350527078136
29015,0.6602382302892796
29017,0.6274777136864185
29019,0.6680393636743337
29021,0.5499323816679189
29023,0.5615887069312447
29025,0.6807211398662402
29027,0.6006818181818182
29029,0.6661476092034258
29031,0.6654456050030526
29033,0.6721044045676998
29035,0.6292354474370113
29039,0.6628399360120448
29041,0.7108979947689625
29045,0.6510646460771149
29047,0.6927733594600956
29051,0.6771331174949038
29053,0.638440070505288
29057,0.6877608949741192
29059,0.6378089091767669
29063,0.4954475703324808
29065,0.5975069020329624
29069,0.4873246024321796
29071,0.6787150117575665
29075,0.6665980230642504
29077,0.6254355554379372
29081,0.6077839555202542
29083,0.6416081836564768
29087,0.6738567730802416
29089,0.6490758444869343
29093,0.5716419768455122
29095,0.3811484635147827
29099,0.680789493643561
29103,0.621313672922252
29105,0.6278226409451174
29109,0.6446676748037733
29111,0.6059689718643176
29115,0.626271464508367
29117,0.5769165101587843
29121,0.6791471658866355
29123,0.6088169044299045
29127,0.6151435550025347
29129,0.6566998892580288
29133,0.45691228744355844
29135,0.6051919499408084
29139,0.6560581950443283
29141,0.6038060081466395
29145,0.6554899155397609
29147,0.5376922658840154
29151,0.7190957649752003
29153,0.6591679089307494
29157,0.6499036873968079
29159,0.633168661516528
29161,0.5790376989998225
29163,0.5494466262049268
29165,0.7494111489138969
29167,0.6138049058756417
29169,0.3631279286542047
29171,0.647203947368421
51163,0.6743121765186597
51167,0.6177203507152745
51169,0.6154935160541367
51173,0.5833367721701812
51175,0.6840486509156997
51179,0.7630441657004322
51181,0.8581573896353167
51185,0.6096321393998064
51187,0.6988433575677462
51193,0.705932443939824
51195,0.5455948510819952
51199,0.768884660363521
51510,0.7617276201377222
51530,0.5457047375663456
51540,0.6521141933746297
51570,0.7047780256982381
51580,0.5952435399039561
51590,0.6298070697915318
51600,0.8618442072975909
51610,0.8753349875930521
51630,0.596682266808767
51640,0.6068061623361692
51660,0.43067348635642116
51670,0.588472587250168
51680,0.5740264250422265
51683,0.6986831275720164
51690,0.6520891967958432
51700,0.6141278885244911
51720,0.4800599700149925
51730,0.5932751238351104
51740,0.6226407192316283
51750,0.4013972689742775
51770,0.5917149256993007
51775,0.6541198877305533
51790,0.6659831863850728
51800,0.7291608525139173
51810,0.6768367895899157
51820,0.6473181928001933
51830,0.541581512340827
51840,0.6230005657563134
53001,0.6371739130434783
53003,0.6796519563239308
53005,0.7619769557307459
53007,0.8197236418701496
53009,0.7935822674699572
53011,0.7934765071279575
53013,0.783851712221175
53015,0.7373429721233472
53017,0.787901198047626
53019,0.6869592575114047
53021,0.6451381699450506
53023,0.8641903656413232
53025,0.6630650922976754
53027,0.6747704892134319
53029,0.8059694800245116
53033,0.7938037109535098
53035,0.7651526476445825
53037,0.6934974747474747
53041,0.7549486803519062
37063,0.7981810518843859
37069,0.735357234264564
37075,0.7059624697336562
37081,0.7349824964799194
37087,0.7316887589603941
37095,0.6568265682656826
37101,0.7875039779357166
37107,0.672450114801051
37113,0.7437166110931842
37119,0.764011290681146
37167,0.7144150212604724
37173,0.6540810660744031
37179,0.8086998925939186
37185,0.6468296361465469
37191,0.6278417762302587
37197,0.7066898410896708
34003,0.7729560699426498
34009,0.7744039073087606
34015,0.7751125716620202
34021,0.7042862384150329
34027,0.843581165820705
34033,0.7004191530218249
34039,0.7141704243395619
25001,0.8714397460083744
25007,0.9497565294378043
25013,0.6247273097676156
25019,0.8728440585226597
39037,0.6975859320770239
39043,0.687571382302303
39049,0.6737653595469602
39055,0.7830505157809399
39061,0.7102425276273826
39067,0.6432773109243698
39071,0.6026893742150887
39077,0.6213720919603273
5099,0.5262498041059395
5101,0.643904010307618
5103,0.530056148849499
5105,0.5765732087227414
5107,0.4626102423478841
5109,0.524521309450278
5111,0.4198861098704779
5113,0.5712171163291395
5115,0.5172764227642277
5117,0.5420285359801489
5119,0.5866094171734674
5121,0.5061297273200089
5123,0.36941946884257576
5125,0.6279379988534639
5127,0.4576620698543627
5129,0.6358171175446923
5131,0.5150674154848015
5133,0.5156110615521855
5135,0.5565281353438765
5137,0.5885617999801764
5139,0.568908225137885
5143,0.5798879176176035
5145,0.5246038081973061
5149,0.4555653172940461
9003,0.6877069039139372
9005,0.7528614531631745
9009,0.6569740027034674
9011,0.6773999456542836
9015,0.6291417737704196
11001,0.6521585152218171
8003,0.6791336870487953
8007,0.832407828857533
8009,0.8177140757074605
8013,0.8361908084774918
8014,0.913851218938622
8017,0.8383763837638376
8021,0.7292157522719623
8023,0.6938369781312127
29173,0.7037037037037037
29175,0.5567127830457537
29177,0.659850458819531
29179,0.6471742543171115
29181,0.5492362378710731
29183,0.7428597240253222
29185,0.6587206992451331
29186,0.6769933614105218
29187,0.5376019967361044
29189,0.7180310183146457
29195,0.560204802259887
29197,0.5938333827453306
29199,0.5689704617149413
29201,0.6084194622806717
29205,0.7385361552028219
29207,0.5885240871432955
29211,0.5414110429447853
29213,0.6087580760947595
29217,0.59223676574892
29219,0.688021866926274
29223,0.5650293184658272
29225,0.6627258610954263
29229,0.6454686461333924
12001,0.6947753866097817
12003,0.6493017273061374
12007,0.6221727677354891
12009,0.7734385816188952
12013,0.5853919557656292
12015,0.7438610323384667
12019,0.778859388526622
12021,0.7822003026396906
12027,0.4821435334217004
12029,0.6114754098360655
12033,0.7035204715275871
12035,0.8015804310670129
12039,0.6941985663290478
12041,0.7049891540130152
12045,0.6580360721442886
12047,0.5197910209864518
12051,0.537029392338177
12053,0.723809649301964
12057,0.706366040953951
12059,0.591475282210977
12063,0.5949994725181981
12065,0.732662192393736
12069,0.773786549175254
12071,0.6992020966596849
12075,0.7234326505276226
12079,0.6416094610208659
12081,0.7342779881744371
12085,0.7789368906166724
12086,0.722142892527184
12089,0.8741533820354322
12091,0.7551320404373839
12095,0.6951352686107427
12097,0.7155009062448509
12099,0.7440014837944218
12101,0.7406323898681099
12103,0.7304183941730557
53043,0.8403632453100729
53047,0.7236806311207835
53049,0.7851281192430078
53053,0.716373375320305
53055,0.9380864373045209
53059,0.7716336006753904
53061,0.7699647827391554
53065,0.8084283561293258
53067,0.7815751062187968
53071,0.6947969684173093
53073,0.8136934356271168
53077,0.6532232325358722
54001,0.5041147602869007
54005,0.5241363266255671
54007,0.5040939836240655
54011,0.5036737445230873
54013,0.5096054888507718
54015,0.5041198501872659
54019,0.49490769275923807
54021,0.4037003336366394
54025,0.5664760543245175
54027,0.5344992050874404
54031,0.5924574209245742
54033,0.576202905129369
54037,0.6406502936959437
54039,0.572917319735568
54043,0.49167974882260596
54045,0.5035759848455561
54049,0.5762734584450402
54051,0.5670788191228
54055,0.5349139123587375
54057,0.5953195819073166
54061,0.49391296181073246
54063,0.6122641509433963
54067,0.5428177500893632
54069,0.5928375640567275
54071,0.633154525004326
54073,0.5830967095373308
54075,0.5806171229900043
54077,0.540544550782699
54079,0.650767193350991
54081,0.5661177516715402
54083,0.5280013849216654
54085,0.5549365120497538
54087,0.5318874019381633
54089,0.5270856927142318
54091,0.5516700291414481
54093,0.6559726962457337
54095,0.5604458416690483
54097,0.5262046952224053
54099,0.5373176918199112
54101,0.5130447896244911
54103,0.5473278055988835
54105,0.5819258609344155
54107,0.5845309366187625
54109,0.5192168237853517
55003,0.7276882167192953
8027,0.8721209213051824
8029,0.8047027543517096
8033,0.9061913696060038
8035,0.947158993317684
8037,0.7693323124851493
8039,0.9337432365961633
8041,0.7287488097871563
8043,0.6472256692075873
8045,0.7981198832674776
8047,0.8414070351758794
8049,0.7896631730538443
8051,0.8071845920796364
8053,0.9518072289156626
8055,0.7805137289636846
8057,0.7856502242152467
8059,0.8402257773621455
8061,0.86
8063,0.7573860301310898
8065,0.6611584042730763
8067,0.7909828794464651
8069,0.8235821037985558
8071,0.7005455825413587
8073,0.6136574074074074
8075,0.59779770689068
8077,0.7758884921959949
8081,0.7603073260469646
8083,0.7729131345367508
8087,0.7291246684350132
8091,0.9740731766416283
8093,0.7968233387358185
8097,0.8506687535571997
8099,0.6699192868329117
8103,0.7781994518237403
8105,0.7708766352854872
8109,0.6730883813306852
8113,0.823124900047977
8115,0.8854868340477648
8119,0.828677657648843
8121,0.8096904441453566
8125,0.7659541749961556
10003,0.7009865326593977
10005,0.7216934287021436
30003,0.5452473216320948
30005,0.666595380667237
30009,0.8064036592338479
30011,0.8212927756653993
30015,0.6753986332574032
30019,0.757847533632287
30021,0.695044655718813
30025,0.7335817419655333
30027,0.7430626927029804
30031,0.8098650205949135
30033,0.9987714987714987
30037,0.7485119047619048
30041,0.6102991162474507
30043,0.8625396825396825
30047,0.7262164759325588
30049,0.7888793489622219
30053,0.7328591927132073
12107,0.6512395220260389
12109,0.9163370038940609
12111,0.7318007339604337
12113,0.7836416804614633
12115,0.7832969055561947
12117,0.7595429886093986
12119,0.7865099114654749
12121,0.6317220363288719
12123,0.5919019402811665
12125,0.5133213468453743
12127,0.7096094208749266
12129,0.7232488182208853
12131,0.799002657154297
12133,0.6262452591656131
31001,0.6352562429304794
31003,0.7563858982478362
31007,0.8836206896551724
31009,0.8364116094986808
31013,0.6672247263361236
31015,0.7570584372948129
31019,0.641179668388149
31021,0.742931103146157
31025,0.7790010193679918
31027,0.7932677040330264
31031,0.735029266096353
31033,0.6641114982578398
31037,0.7242790335151987
31041,0.7393288921786331
31043,0.5683453237410072
31047,0.6234630799538075
31049,0.7262491203377903
31053,0.6468626624247767
31055,0.706364579907925
31059,0.7093707559981892
31061,0.7171381031613977
31065,0.7214979195561719
31067,0.6689230025383779
31071,0.6595092024539877
31073,0.6983135540287321
31077,0.695411829740188
31079,0.6175792434185522
31083,0.7543035993740219
31085,0.7852941176470588
31089,0.7360095706500066
31091,0.7441077441077442
31095,0.671242774566474
31097,0.5494207542519103
31101,0.6851939079918354
31103,0.7919161676646707
12105,0.6719894840004356
31107,0.7426086956521739
31109,0.6728466372970783
31113,0.7188498402555911
31115,0.8107142857142857
31119,0.6411403473097727
31121,0.7169080498484338
31125,0.6708256880733945
31129,0.6964015724221349
31131,0.71991341991342
55005,0.7248341340654313
55009,0.7498385954681773
55011,0.7571442410152087
55015,0.8165680473372781
55017,0.7237830543975188
55021,0.7640543223244901
55023,0.6772334293948127
55027,0.6996793112414411
55029,0.8833318696759462
55033,0.6588248473645886
55035,0.7125999657609626
55039,0.7281526232114467
55041,0.7037604456824512
55045,0.7586206896551724
55047,0.7378647489973724
55051,0.8316051430941518
55053,0.6436607255719884
55057,0.6515374744546362
55059,0.7138731346285346
55063,0.723524897680764
55065,0.6936673964161194
55069,0.7349639133921412
55071,0.7272830513149142
55075,0.7076776200301808
55077,0.7357357357357357
55079,0.6782388319959806
55081,0.6653620928111115
55083,0.7700600391415398
55087,0.7717235220575103
55089,0.8936139290178182
55093,0.7038456894469934
55095,0.7700236517067188
55099,0.7813128542695191
55101,0.7301115904554838
55105,0.7052447205790013
55107,0.7078994614003591
55111,0.7506479504032844
55113,0.7898692319254471
55115,0.7096237723179265
55117,0.758939042056612
55119,0.6938059992208804
55121,0.7179870220811353
55123,0.7063076650106459
55125,0.8447290315488623
55127,0.7297697931051959
55129,0.8185833727717305
55131,0.8423156747037501
55133,0.8711181032745429
55135,0.7279406252342754
55137,0.6933415095303797
55139,0.7048294368530331
55141,0.7334955508587464
56001,0.6081370449678801
56003,0.6734194900454069
56005,0.5893859753912316
56007,0.6019748653500898
56009,0.689349985249287
56011,0.7495929075447801
56013,0.6162633500067595
30055,0.7860627177700349
30059,0.7762237762237763
30061,0.7322857142857143
30065,0.7750874361043852
30069,0.9182058047493403
30071,0.7861386138613862
30075,0.8340675477239354
30077,0.5392705682782019
30079,0.8661233993015134
30081,0.8155342583321413
30083,0.7158908507223114
30085,0.5498973305954825
30087,0.5830628959975275
30089,0.7898445595854923
30091,0.7718631178707225
30093,0.6792384142123848
30095,0.7659574468085106
30097,0.8437392204208348
30099,0.7973558734286953
30101,0.5479700025859839
30103,0.8471454880294659
30105,0.7435002617344268
30107,0.6323268206039077
30109,0.7776332899869961
30111,0.6897428512651718
13001,0.6282765893341368
13003,0.6048696319018405
13005,0.5794438927507448
13007,0.6252513067953357
13011,0.6277908552678507
13013,0.6650823438623569
13017,0.5334200683037892
13021,0.6219758595850098
13023,0.5577712609970674
13027,0.6010327605180733
13029,0.8100823748244316
13033,0.646731234866828
13035,0.6157346864047706
13039,0.5944887818099683
13045,0.6254046979403458
13047,0.6372416759536239
13051,0.6101319772812497
13053,0.1942295887047268
13057,0.8068838339099574
13059,0.5261631184592204
13063,0.5926598051266361
13067,0.7527495951838831
13069,0.4916464695427371
13073,0.7272079129289027
13075,0.5611837906828334
13079,0.6265530341924223
13081,0.4752305509576732
13085,0.8024851539497979
13089,0.7098873917854586
13091,0.48852836128094923
13095,0.5319604091655493
13097,0.6768508904257194
13101,0.5012173913043478
13105,0.6199972958355868
31133,0.6960545543107647
31135,0.7201492537313433
31137,0.7450542912390302
31139,0.7476670399402762
31141,0.6894079352511656
31143,0.7329429735234216
31145,0.6720907297830375
31147,0.667529525966672
31149,0.7508928571428571
31151,0.6110346288255851
31153,0.7404400554132388
31155,0.7899634017740835
31157,0.5888241787522364
31159,0.6982356984648286
31161,0.6650074664011946
31163,0.709866220735786
31165,0.7507723995880535
31167,0.7254991966949736
31169,0.7728215767634855
31171,0.9282608695652174
31173,0.5090869279614627
31177,0.8089279895731508
31181,0.6889460154241646
31183,0.8465430016863407
32001,0.7105960264900663
32003,0.6537114332563467
32007,0.6036407633503822
32009,0.5759803921568627
32013,0.6767395279979099
32015,0.7295514511873351
32019,0.7230794995095576
32021,0.6200267022696929
32027,0.45454545454545453
32029,0.8718730933496034
32033,0.5866989768443727
32510,0.736952966248699
33003,0.8173453069258211
33005,0.7176474406829173
33009,0.7376838536825414
33011,0.7365152969616563
33015,0.8156551565679774
33017,0.713582066397766
22001,0.6209857124131604
22003,0.5251324875541995
22007,0.6504370983616048
22009,0.5613192235278842
22013,0.6849980567431014
22015,0.5848456961862775
22019,0.5536148411077253
22021,0.6216710182767624
22025,0.6492048643592142
22027,0.5080688749903483
22031,0.7099291805174158
22033,0.6323011738978572
22037,0.6674075955798298
22039,0.6390512916200191
22043,0.5465867427108189
22045,0.6376305941057228
22049,0.6176756231790224
56015,0.5997322623828648
56019,0.7321111768184506
56021,0.6034577058015288
56023,0.75157097972008
56027,0.7077087794432548
56029,0.7327755262125768
56033,0.6994420020290836
56035,0.6753106428957321
56039,0.8620649449075963
56041,0.670280612244898
56045,0.6475081847944707
13107,0.5749122594699262
13111,0.695387497073285
13113,0.8713960638117602
13117,0.859089519911769
13121,0.6966731820282249
13123,0.6902673350041771
13127,0.6532339624402919
13129,0.5947290274684484
13133,0.8034719245606515
13135,0.7359287729986077
13139,0.7028892667738204
13143,0.6355323609438422
13145,0.7399689073141842
13147,0.6234141562576537
13149,0.6010033444816053
13151,0.7420918984280532
13153,0.6666993379607766
13155,0.5682344921608725
13157,0.7369800837343976
13159,0.7236580516898609
13161,0.5246840621874715
13163,0.6570937231298366
13165,0.5185351943568963
13167,0.5218940936863544
13169,0.6847860901395562
13171,0.6110735532720389
13173,0.44488678775814877
13175,0.6430248677398365
13177,0.7695920434662492
13179,0.49677164622816794
13181,0.7442381562099872
13183,0.42005198663200893
13187,0.5858543945680875
13191,0.5642538130951378
13193,0.444932238976904
13197,0.5664270084401375
13199,0.6586931508508448
13205,0.5358082257293161
13209,0.5659246575342466
13211,0.8158756707784515
13215,0.5625925512000224
13217,0.6929110722178928
13221,0.6987196012718054
13223,0.7266808510638297
13227,0.6789638621127375
13231,0.7579185520361991
13233,0.5892373340558115
13237,0.6922627737226278
13239,0.5793609219486642
13243,0.609920634920635
13247,0.6895242797845912
13249,0.5693193193193193
13253,0.5969873962496157
13255,0.6062484902166035
13259,0.5057179161372299
13261,0.5498483957098249
13265,0.692020879940343
13269,0.6042814418385015
13271,0.3710395615687618
13275,0.656128024980484
22051,0.625179099275858
22055,0.6354757980833791
22057,0.61574777512481
22059,0.6313676509947364
22061,0.5263948439249528
22063,0.637298004963167
22065,0.5555555555555556
22067,0.6069218668065024
22069,0.5633486472690148
22071,0.5868981883352421
22073,0.601631815176925
22075,0.6494103773584906
22077,0.7300678666273237
22079,0.6098293741647415
22081,0.6399256620721697
22083,0.6399278954484002
22085,0.5812078328122429
22087,0.5327015362327588
22089,0.7254572744155282
22091,0.7777216468805254
22093,0.7762979405598718
22095,0.6736868575739478
22097,0.6842350280982942
22099,0.6735253088880032
22103,0.7308930238866544
22105,0.5819112111334255
22109,0.5701813877208775
22113,0.6224145785876993
22115,0.4731477422183253
22119,0.6100877486770715
22121,0.7048147592620368
22125,0.4961608485712024
22127,0.5585965541995693
36001,0.6561427911099049
36005,0.4969248242381513
36007,0.6273712464351618
36011,0.6024780673039152
36013,0.596578432546812
36017,0.5983096324121278
36019,0.5537117767465116
36023,0.5736708330057909
36025,0.6333388148879022
36029,0.6736106401736064
36033,0.48613197156303195
36035,0.566746715637802
36039,0.6496982825313322
36041,0.9095411887382691
36045,0.532894577949523
36047,0.5494471511649595
36051,0.6234809839875525
36053,0.605988786501353
36057,0.5673921751902791
36059,0.7604431435715963
36063,0.6305593236761785
36065,0.589530652770285
36069,0.6956314516879011
36071,0.6451816757470263
36075,0.5967366474491461
48001,0.42903045855182415
48005,0.5733607032297582
48007,0.6575357123749398
48011,0.7569775357385977
48013,0.532886616117087
48017,0.421195652173913
48019,0.6963307776560789
48023,0.6306039273805113
48025,0.37546838874272503
48029,0.5742741327933615
48031,0.8010954784663301
48035,0.6648239743962758
48039,0.6211186098331223
48041,0.5272299014442448
48045,0.7100881488736532
48047,0.5121649484536083
48051,0.6404076471025812
48053,0.694707552207763
48057,0.5235560287463402
48059,0.6351803644477501
48063,0.5888242142025611
48065,0.6852870024191775
48069,0.4595190822854622
48071,0.7509976057462091
48075,0.4228560844600852
48077,0.7088982006408676
48081,0.6890007745933385
48083,0.6693143135029989
48087,0.5961820851688693
48089,0.6585027726432532
48091,0.7968731790840065
48093,0.6181190331098924
48095,0.673036093418259
48097,0.6636389044158748
48099,0.41697810998398294
48101,0.5716753022452504
48103,0.5666917859834213
48105,0.6464065708418891
48107,0.4732251029803732
48109,0.5841784989858012
48111,0.3975784531751915
48113,0.5987072748203951
48115,0.41396371632765255
48117,0.44685802948021724
48119,0.6417430056944788
39083,0.6636932442715819
39089,0.7064496051950778
39095,0.6175884795705081
39099,0.6578522450785225
39105,0.6156051492495362
39111,0.6519518423932871
39117,0.6812712239775579
39123,0.7290312784694807
39129,0.6222158640725416
13281,0.7772257938827196
13283,0.6100317208564632
13287,0.6465473145780051
13291,0.781673867175726
13293,0.6452822641132057
13297,0.7452487565817302
13299,0.5281333730276868
13303,0.6017558368852981
13307,0.6936127744510978
13309,0.3504601226993865
13313,0.5673831140757211
13315,0.48136737089201875
13319,0.708450913411555
15001,0.6020760771192716
15003,0.5421079437681151
15007,0.6475853535939373
15009,0.6039205018786447
16001,0.7455785089522079
16003,0.742676622630672
16005,0.6339536151047427
16007,0.7508493771234428
16009,0.6992407199100112
16011,0.6513355048859935
16013,0.8371023622047244
16015,0.7676381589425068
16017,0.7718480869687986
16019,0.6927409422149235
16021,0.6919872848843582
16023,0.6936274509803921
16025,0.8331273176761433
16027,0.5991226210040821
16029,0.7124087591240876
16031,0.6488107270399569
16033,0.6760869565217391
16037,0.8020497803806735
16041,0.72854487810211
16043,0.7346380931554778
16047,0.6277887309328629
16049,0.7244058845718597
16053,0.5770423991726991
16057,0.6530366043366456
16059,0.7384663341645885
16063,0.6180312201338005
16065,0.6125429553264605
16069,0.6618162305482781
16073,0.6021587301587301
13277,0.5609411602590603
16075,0.6836784114299552
16079,0.6015912481352561
16081,0.7701735226307487
16085,0.7684691546077684
16087,0.7279662171366299
17003,0.563010752688172
17007,0.674363163956821
17009,0.47445935868754663
17013,0.7310126582278481
17015,0.6976904515684247
17019,0.6239418255414935
17023,0.6989855313487444
36077,0.5728017521090201
36081,0.5628379503057225
36083,0.6449068473263972
36087,0.7227910376700635
36089,0.5336705100091957
36091,0.7474591448399374
36093,0.6459715152449997
36095,0.6188937913646392
36097,0.6815548886872775
36099,0.5767414403778041
36101,0.6318735057596174
36103,0.7171293808254798
36105,0.615192031108507
36107,0.661393735547614
36109,0.574859867920053
36111,0.693435813388341
36113,0.7040411661153347
36115,0.5721547815124342
36117,0.6417323395704778
36119,0.7099609256678985
36121,0.6106374976493449
36123,0.5624413634942146
37001,0.7134652677639103
37003,0.6968319559228651
37005,0.6840801621256474
37009,0.7288229329892156
37011,0.6470990695128627
37015,0.6236101404155283
37017,0.6728351406569228
37021,0.7947006512286777
37023,0.6276844268062709
37027,0.6702294137898658
37029,0.7306087383406971
37033,0.6623612179839508
37035,0.7103385443275093
37039,0.7018076150591855
37041,0.7066085693536674
37043,0.7613209631102276
37047,0.6164712464160004
37049,0.6796843979352657
37053,0.7729535662996649
37055,0.8406883152928115
37059,0.7848858843959315
37061,0.5745832595553082
37065,0.6457066098945661
37067,0.7367669668350538
37071,0.6956369856413221
37073,0.6546431312356101
37077,0.685437861992668
37079,0.5660975294269823
37083,0.6546290884139369
37085,0.6135007419724892
37089,0.7593993313562805
37091,0.5674190278000106
37093,0.5752452348672142
37097,0.7820370808919581
37099,0.611093683159846
48121,0.7156268352358434
48123,0.5365144405525081
48125,0.6171143035602749
48127,0.5330812854442344
48129,0.6367851622874807
48131,0.6284044273100361
48135,0.4474896384236354
48137,0.713520749665328
48141,0.5175601026393531
48143,0.5436652385400895
48147,0.5631989792088868
48149,0.6759153019714196
48153,0.5217391304347826
48155,0.5657084188911704
48159,0.6505194805194805
48161,0.5985035694673256
48165,0.5471801423617448
48169,0.4755466052934407
48171,0.793939393939394
48175,0.690644993947778
48177,0.5641460715603098
48181,0.6142932266479693
48183,0.5645007588324569
48187,0.6638493323771472
48189,0.4322106497136931
48193,0.6714901477832512
48195,0.6632090761750405
48199,0.6488307663410969
48201,0.5944895825973852
48205,0.508565834557024
48207,0.5263908701854494
48211,0.7325383304940375
48213,0.5893945287177492
48217,0.5673734610123119
48219,0.5165115389519317
48223,0.6101351092739312
48225,0.5242481411608034
48229,0.5169794459338696
48231,0.5564734717416379
48235,0.7678417884780739
48237,0.5639725618848792
48241,0.5916628805088596
48243,0.6814621409921671
48247,0.6147342995169082
48249,0.47822439706396364
48253,0.4242862533014715
48255,0.477632296781233
48257,0.6446892693908179
48259,0.7959894332372719
48261,0.8185654008438819
48263,0.9254032258064516
48265,0.6927936476228526
48267,0.6593785960874569
48269,0.7644230769230769
48271,0.5311258278145695
48273,0.5009479956663055
48275,0.5752666930067167
48277,0.5804047437710804
48279,0.5139599813866915
48281,0.6416759224978403
48283,0.43961264388817833
39133,0.6417917383021235
39139,0.6378690547094359
39145,0.5450726264584822
39151,0.6574734852026136
39157,0.6275932870403377
39163,0.5966752424302395
40033,0.5765523425240977
40039,0.5163237708876655
40045,0.6262119692410565
40051,0.5557533620420044
40057,0.481175863847344
40063,0.4887793096508
40069,0.5117986997351313
40075,0.516425557564798
40081,0.5639180334078254
40087,0.6615538054132132
40093,0.635563703024748
40099,0.5636415798030028
40105,0.5590070019096117
40109,0.5436422592675936
40115,0.4968938702810722
40121,0.5351406222009912
40127,0.5523953840773983
40133,0.45853041469585304
40139,0.5201130475741875
40145,0.5965629009386184
40151,0.5326574945691528
41003,0.743744498931221
41049,0.7598708351680611
41053,0.7793946170433671
41059,0.6303549803209204
41065,0.7597010942087002
41071,0.7664060588106493
44005,0.6911694224778336
42001,0.7114948718269821
42007,0.7130022422883462
42013,0.6556658727949439
42019,0.7659489874995788
42025,0.6585156082018804
42031,0.6245155504307998
42037,0.5843612912901653
42043,0.7202351096415406
42049,0.6573767278186573
42055,0.6891170116858596
42061,0.6255100084887318
42067,0.6413771118903411
42073,0.6717303514935926
42079,0.6264648198087767
42087,0.6041158493845852
42129,0.7240065381303057
45003,0.6576062622550912
45009,0.5808243727598567
45015,0.6374715463527459
45021,0.58719646799117
45027,0.6212593747679512
45035,0.6568019174216798
45041,0.6223469939029096
45047,0.6036362264720305
17025,0.6758268721169889
17029,0.5506454576222019
17031,0.6615110887823517
17035,0.708433734939759
17037,0.611769973773428
17041,0.6116666666666667
17045,0.5972061378112333
17047,0.6802748585286985
17051,0.6032508750074154
17053,0.6937623762376237
17057,0.6082630874425672
17059,0.6802340371406767
17063,0.7229181226815763
17067,0.6677816525514199
17069,0.6566536497446681
17073,0.6788750297926432
17075,0.6727012863268222
17079,0.7700629964393317
17081,0.5964767975872233
17083,0.6975705919870122
17085,0.7361630079402148
17087,0.6494103537877274
17089,0.6702751942522467
17091,0.6131147540983607
17093,0.7473858843597023
17095,0.5958221196975523
17097,0.7150086314863081
17099,0.6404388302639913
17101,0.5053204067155356
17103,0.6120810830805652
17105,0.6257535829031443
17107,0.5825668170774037
17109,0.505126953125
17111,0.7412889645288427
17113,0.6816402161525162
17115,0.6197093732115753
17117,0.6824743430698094
17119,0.6706031932321084
17123,0.6953562410802503
17125,0.6389773365798839
17129,0.7313417080122453
17131,0.7366633532140491
17135,0.6039421004003696
17137,0.5674671766393292
17141,0.6850765339383035
17145,0.6004260859273287
17147,0.7866022646290284
17151,0.6188998589562764
17153,0.6248819641170916
17157,0.5888557760175672
17159,0.6809846772167797
17163,0.6576822153720735
17167,0.6996086236375294
17169,0.6992201347040057
17173,0.7197207265842258
17175,0.6892182644035382
17179,0.687316274389883
17181,0.6867552703941339
17185,0.6386890487609912
37103,0.7292766631467793
37105,0.6785973284674948
37109,0.776139472342004
37111,0.6556549994299395
37115,0.7468585789353438
37117,0.7136759433156906
37121,0.7665112335735481
37123,0.6553606038967663
37125,0.7700908178890121
37127,0.7358796035589593
37129,0.7167829316166355
37131,0.6305744402170523
37133,0.48799848672165813
37135,0.7778123484356269
37137,0.7227010133535373
37139,0.6521468371025894
37141,0.7305751550138978
37143,0.6889441222498389
37145,0.7169663031731998
37147,0.6420731573197646
37149,0.7317188702705903
37151,0.6987933433729198
37153,0.6130927774168783
37155,0.49681515250418506
37157,0.6763095726471545
37159,0.7005716576162164
37161,0.659445689440518
37163,0.6590213010938399
37165,0.5582423395171345
37169,0.7051415715539947
37171,0.6770271269125582
37175,0.724599595156078
37177,0.5459735576923077
37181,0.6434897189961082
37183,0.8311988665290609
37187,0.6709558823529411
37189,0.6813423840639472
37193,0.6706503035001796
37195,0.6805045105245573
37199,0.7950693374422187
34001,0.7323299148070477
34005,0.7711569255994597
34007,0.7143501183762611
34011,0.5918984796608401
34013,0.6653160391354442
34017,0.625189233283038
34019,0.875541744182421
34023,0.6865412159101537
34025,0.8188950630384034
34029,0.7722116326027626
34031,0.7025863287322749
34035,0.8135225989442445
34037,0.7975465128930476
34041,0.7442273317172311
48287,0.658750813272609
48289,0.6840737240075614
48291,0.5063784978162924
48293,0.552954766536965
48295,0.6655189375307428
48297,0.5553969474030965
48299,0.7141245487364621
48303,0.5410015179942773
48307,0.5840557538670746
48309,0.5515562393277993
48313,0.5324623115577889
48315,0.6080760095011877
48319,0.8249416472157386
48321,0.5433423052564914
48325,0.5989003727102112
48327,0.6330049261083743
48331,0.5864611631646061
48333,0.6593840484337984
48337,0.6679347826086957
48339,0.6953993111131029
48343,0.6029108287172803
48345,0.6065116279069768
48349,0.5897514858497829
48351,0.5544032023289666
48355,0.5002019615763199
48357,0.5980689132904203
48361,0.5853920340885065
48363,0.5928720577069096
48367,0.7576433121019108
48369,0.4855258336386955
48373,0.6344534508538601
48375,0.448102048497231
48379,0.6426372226350993
48381,0.6480490590993807
48385,0.7679194110809764
48387,0.6033426762171702
48391,0.6281022578839336
48393,0.9166666666666666
48397,0.7701595085028438
48399,0.5796739416250328
48403,0.6448620082207869
48405,0.6274694261523989
48409,0.5496794191329455
48411,0.5815824765310684
48415,0.47769819306527755
48417,0.6619260463226331
48421,0.49924433249370276
48423,0.616346817106819
48285,0.6936514410005438
48425,0.7300441826215022
48427,0.5604022546758903
48429,0.5399460763445437
48431,0.8452380952380952
48433,0.7215686274509804
48435,0.6373671300081766
48437,0.47605576884219036
48439,0.6162599597181452
48441,0.5593101911860013
48443,0.5849297573435505
48445,0.4481389578163772
48447,0.7481171548117155
45053,0.6667593107281823
45061,0.6136098981077147
45067,0.6252764075523048
45073,0.6612682926829269
45079,0.6167450503713415
45085,0.611974280067052
46003,0.7359874279727606
46009,0.5398452959165317
46015,0.6412567602369302
46067,0.6936107530841465
46073,0.6498708010335917
46081,0.6655436299754536
46087,0.7326932794340576
46093,0.6349869936826459
46099,0.6808250189884152
46103,0.6742550348158395
46111,0.6638655462184874
46119,0.9002904162633107
46125,0.7315425446356764
46135,0.6181591334429762
47003,0.5501498731842287
47009,0.6465826028713707
47015,0.5873342887853816
47021,0.6537592771861891
47027,0.5841386204598468
47033,0.5835639973274792
47039,0.5699836867862969
47087,0.5579079761031338
47093,0.6197221090490173
47099,0.5743303365959928
47105,0.71902486830822
47111,0.536352329262777
47117,0.587854123039235
47123,0.5760941828254847
47129,0.47486581635597624
47135,0.5601307189542484
47141,0.5566824094788301
47147,0.6450175042564995
47155,0.5841742257527777
47161,0.5973434535104364
47167,0.5910822510822511
47173,0.529289111878543
47179,0.5945857859597835
47185,0.5657550535077289
49001,0.7410949079607937
49007,0.634584123543755
49013,0.6652937519428038
50001,0.7456193353474321
50007,0.7757183584373616
50013,0.8464587282440117
50019,0.671310507674144
50025,0.7644953888226224
51003,0.7935126776465968
51009,0.6698837896395509
51015,0.6998626032544819
51021,0.6564150943396226
51027,0.564936170212766
17187,0.6237415125263405
17191,0.6802899936265137
17195,0.6516702840426536
17197,0.7119045114069343
17201,0.6282749309065739
17203,0.7389070849853474
19003,0.7507820646506778
19005,0.7226170772076721
19009,0.7833256985799358
19013,0.6752484283106874
19015,0.747308423052565
19019,0.6981144301172811
19023,0.7251723829139428
19025,0.6975325019899178
19029,0.7273090763694522
19031,0.7511404309074321
19035,0.7382489523162306
19037,0.7337612039393604
19041,0.7257646868425311
19045,0.6896387965471967
19047,0.6523205981581107
19051,0.6479229189701469
19053,0.6272052761747733
19057,0.6677150600595577
19059,0.8173293595987497
19061,0.7314975583288117
19063,0.6833286398197691
19065,0.6682850019682456
19067,0.663253509496284
19069,0.694369247428262
19071,0.7177149237067362
19073,0.7378173329442661
19075,0.7747843680119263
19077,0.7794225593344751
19079,0.7069241723033108
19081,0.7468538238141336
19083,0.6869173162158031
19085,0.7527923936121111
19087,0.6545573770491804
19089,0.7278332354668232
19091,0.7490157480314961
19093,0.7491241728298949
19095,0.7870415252867992
19097,0.7421848963540625
19101,0.690322083525967
19103,0.7613336117744264
19107,0.6826725025746653
19111,0.6331920690177085
19113,0.7588140739417754
19117,0.7198383084577115
19119,0.826369656833233
19123,0.674792899408284
19127,0.6775254034668261
19129,0.7247545582047685
19133,0.6887108521485797
19135,0.6875210225361588
19139,0.6753021888271806
19143,0.7502254283137962
19145,0.6234368530020704
19149,0.7740738720061106
19151,0.7446435527853525
48449,0.5647771110158594
48451,0.5195571275504913
48453,0.7108512875938865
48455,0.6129516741761639
48457,0.5707121364092277
48459,0.614873881204231
48461,0.5722105263157895
48463,0.5738059577300716
48467,0.6185660233681556
48469,0.5246570092741626
48473,0.618489228251977
48475,0.5073372632635144
48479,0.49458392569766685
48481,0.5919339472848524
48485,0.46974798489950004
48487,0.477013918177984
48491,0.741499370705841
48493,0.6767051444946068
48497,0.6803371731270496
48499,0.648660193068884
48503,0.6391280738499728
48505,0.5371935171076326
1039,0.605497282514626
1045,0.5313631365818338
1051,0.6593276287536455
1057,0.6833863090162028
1061,0.6169378553224858
1067,0.6905783168170389
1073,0.662479184139834
1079,0.6285033960496526
1083,0.6715394971238968
1089,0.7011498377881772
1095,0.5921495605541487
1101,0.5945455305477759
1105,0.7396258264172176
1111,0.6123908758096311
1117,0.7194529748083789
1121,0.5745969037065587
1127,0.6363099841263381
1133,0.6081277213352685
6005,0.6935779816513762
6009,0.7268348807962968
6015,0.558334552191507
6021,0.646624291358873
6027,0.6981076503939327
6033,0.5989767480554054
6037,0.6695471109288007
6083,0.7054207595614366
6089,0.6829827747186096
51033,0.7093149849758307
51041,0.8089696450457525
51047,0.7305153694873245
51053,0.680095534225587
51061,0.8498122166222344
51067,0.659956897509387
51073,0.747935826005236
51079,0.7695918367346939
51085,0.871542399724988
51091,0.8098256735340729
51143,0.7013154659454143
51153,0.7812600538028188
51159,0.5692478490147099
51165,0.7166031626629163
51171,0.7162427798106874
51177,0.7697976287816843
51183,0.541968470387729
51191,0.6536139775393517
51197,0.6616188218769203
51520,0.580319346453769
51550,0.7121685303961405
51595,0.6497683292450259
51620,0.6867184859749915
51650,0.630974247120499
51678,0.42793002012695464
51685,0.5992125984251968
51710,0.4771443872383972
51735,0.8402309913378249
51760,0.6197587433247489
53031,0.9053461875547765
53039,0.8191868543466441
53045,0.7422448614123406
53051,0.7880044223327806
53057,0.7880710115060965
53063,0.7592610677919929
53069,0.86131175960705
53075,0.5460890244532906
54003,0.5838006230529595
54009,0.5886967570852439
54017,0.4379324954102528
54023,0.5841374191496129
54029,0.5872090549338326
54035,0.6008362245351837
54041,0.5929076886379899
54047,0.4585499508219755
54053,0.5319310574046816
54059,0.542081350064907
54065,0.5972250841403942
55001,0.6944411799271359
55007,0.8763592428513894
55013,0.8046496865825598
55019,0.625283303953664
55025,0.8468235918243041
55031,0.7163134978229317
55037,0.8063631376851343
55043,0.6336574864523792
55049,0.7720150077245641
55055,0.7332538627298152
19155,0.6567601326614119
19159,0.7355013550135502
19161,0.7422555987662599
19165,0.7667569397427217
19167,0.7879803118666501
19171,0.7257559958289885
19175,0.6549825267393836
19177,0.6970031255745541
19181,0.814757454850903
19183,0.7297029088879241
19187,0.6368184092046023
19191,0.7482478446939155
19193,0.6332644628099173
19197,0.67254543499301
24001,0.5276835379819863
24005,0.6802899985900114
24011,0.65189037477299
24013,0.7777527985363887
24017,0.7502619688319963
24019,0.6507412838058
24023,0.6603917255383054
24025,0.7638059893819906
24029,0.6834673589564997
24033,0.7067441411708343
24035,0.7869780976382863
24039,0.4855720916878021
24041,0.7770619444635843
24043,0.5919253139573473
24045,0.6071067323481116
24047,0.7615099961553249
24510,0.5235873498159977
26001,0.7841047841047841
26003,0.6709407300798116
26005,0.7743197396662743
26007,0.7407779281442354
26009,0.8438177874186551
26011,0.7213690573435713
26013,0.591475025633514
26015,0.7638061606535058
26017,0.73418137953723
26019,0.8511731223101485
26021,0.7080576133101871
26023,0.6368146861820888
26025,0.6586277140159984
26027,0.6473406094128105
26029,0.8069492571320074
26033,0.5882039142466575
26035,0.6629346626894945
26039,0.6967118674111495
26041,0.7381002233389168
26045,0.7339864355689525
26049,0.710982064854309
26051,0.7145373587121397
26055,0.8241008030864788
26057,0.589193851461664
26061,0.672714711657334
26063,0.7380113681850933
26067,0.6494011855316747
26071,0.7355362946912243
25003,0.7020541915289054
25005,0.6632189326796153
25009,0.7473873943648336
25011,0.754279800743703
25015,0.6742797819880613
25017,0.7672193618647374
25021,0.8058367200503449
25023,0.7794096523987359
25025,0.6076681069743808
25027,0.711699519883751
39001,0.5790778620130644
39003,0.6134560092006901
39005,0.6429267104942781
39007,0.5853487138690002
39009,0.47739347085333234
39011,0.7472027363905154
39013,0.606751875011461
39015,0.6298253470667263
39017,0.6655843114331643
39019,0.6581457812355284
39021,0.6641173145346324
39023,0.6229638612660684
39025,0.7058207210257655
39027,0.643560321043391
39029,0.6134803258114526
39031,0.5999641577060932
39033,0.6422229121390872
39035,0.6569320840140611
39039,0.6699505686335511
39041,0.8762954673413639
39045,0.7147845633783483
39047,0.5861684327941996
39051,0.7116959429893105
39053,0.6009493946520338
39057,0.680367189358877
39059,0.6023061420028414
39063,0.676891651244806
39065,0.5547552242556221
39069,0.7171516005246029
39073,0.6259735555153052
39075,0.42849578024160184
39079,0.598704977741805
39081,0.6284401077476595
39085,0.7289132401729165
39087,0.6046606616935744
39091,0.6760400393450211
39093,0.6620674864169288
39097,0.5710218285352736
39101,0.5445220897684342
39103,0.7686357396552851
39107,0.79074178841226
39109,0.7186047376445651
39113,0.6666857026512988
39115,0.5946157186278767
39119,0.6108569962109204
6093,0.6922304876608809
6099,0.6250392693001338
6105,0.6099415204678362
6111,0.741684739505471
5001,0.4630215615571418
5007,0.6606284983912909
5011,0.4762773722627737
5017,0.5176633863234923
5023,0.6312226204699323
5029,0.5465013843443242
5033,0.5191242700454672
5039,0.47422126745435017
5045,0.5859277440468501
5051,0.5770255098044336
5055,0.4741569724635547
5061,0.5295793163891324
5067,0.3775305895439377
5073,0.5
5077,0.39418685121107266
5083,0.48949592334702136
5089,0.556066108352479
5093,0.41074281150159747
5141,0.5920673441528894
5147,0.48720975993703264
9001,0.7409889242864157
9007,0.7671629094002552
9013,0.6727359286388427
8001,0.7158732510636496
8005,0.7783972063475127
8011,0.4857936338389233
8015,0.8265847192094481
8019,0.8301217038539553
8025,0.3663387063010258
8031,0.7511563102592614
8085,0.7813029030033231
8089,0.7083888149134487
8095,0.9210526315789473
8101,0.6948129613017956
8107,0.8305526846793642
8117,0.7748333263449201
8123,0.7704631342891025
10001,0.6513896062096273
30001,0.7272610483042138
30007,0.8440461475072105
30013,0.6358303177158889
30017,0.6456588805641251
55061,0.7662823112012164
55067,0.730980751604033
55073,0.7483302945506665
55078,0.5177466623249756
55085,0.8277031656845278
55091,0.7275280898876404
55097,0.7263896094602572
55103,0.6718843172331544
55109,0.8506517858482217
56017,0.7059465357337698
56025,0.5898991582631886
56031,0.7189627698102274
56037,0.5443875721318423
56043,0.6749246735855373
48003,0.5265713514971675
48009,0.7220716651610961
48015,0.690253734882618
48021,0.629971724787936
48027,0.5227048512610167
48033,0.9454545454545454
48037,0.5496251313119684
48043,0.6950129720380513
48049,0.5570905285190999
48055,0.515421686746988
48061,0.4842147171185823
48067,0.6116381203337725
48073,0.5570213008965793
48079,0.5458515283842795
48085,0.7629671884906272
48133,0.5932470133772086
48139,0.6906423793020069
48145,0.4728969080114118
48151,0.6148148148148148
48157,0.7375803022100732
48163,0.4082469441435866
48167,0.6490796264181693
48173,0.734533183352081
48179,0.5132568262762168
48185,0.5894586894586895
48191,0.5480543834974215
48197,0.5343253297260737
26073,0.5167303847637754
26077,0.7183850166097975
26079,0.7599542497676746
26083,0.8776775648252536
26085,0.64323499491353
26089,0.9433435668434274
26093,0.8564128114837433
26095,0.5785617890881048
26099,0.750875060768109
26101,0.7287781590332687
26105,0.7540095267228947
26107,0.59868028100913
26111,0.762887559250913
26115,0.7470319478137135
26117,0.6553695385871784
26121,0.6995542842440615
26123,0.7300362854455046
26127,0.7257806451612904
26129,0.7031000885739592
26133,0.684602143372758
26135,0.730406114191518
26139,0.7876056206526306
26143,0.7442021803766105
26145,0.6969478312473025
26149,0.629231704844922
26151,0.7000655083133169
26155,0.7333370725596874
26157,0.7054722315396041
26161,0.7789751785302925
26163,0.6834130350491723
26165,0.7151807040213007
28001,0.6100199512303258
28003,0.5579382463082032
28005,0.7367666632538139
28007,0.647559633027523
28009,0.6902156420984873
28011,0.5934369602763385
28013,0.6164639850327409
28015,0.7049585754915296
28017,0.6461111111111111
28019,0.6577881619937694
28021,0.6338509759224961
28023,0.6876701030927835
28025,0.6799919914575547
28027,0.5151808981273862
28029,0.5960764354786471
28031,0.6621860629642731
28033,0.5768980099125453
28035,0.5598316295850871
28037,0.7557174318143317
28041,0.5371534195933456
28043,0.6908319615043688
28047,0.4937023112159459
28049,0.566800816233987
28053,0.7014400535833891
28055,0.6395458845789972
28059,0.5051681022506251
28061,0.6859835100117786
39121,0.5436235858758999
39125,0.665378127635648
39127,0.6053950043566657
39131,0.5828050899187679
39135,0.688959090191123
39137,0.7950590676883781
39141,0.5541059988351776
39143,0.6675397318653999
39147,0.6064237212471512
39149,0.6975421154377244
39153,0.6752901860416962
39155,0.6402639636384383
39159,0.7844309972792944
39161,0.6957876139111029
39165,0.8082235709110775
39167,0.6693204613841525
39169,0.6273750635661781
39171,0.6637366548042705
39173,0.66219631661442
39175,0.6742437696087137
40001,0.44477817408172204
40003,0.4976897689768977
40005,0.5063421967490369
40007,0.6233543216943331
40009,0.49762083646381167
40011,0.5801606186793575
40013,0.4513249336120685
40015,0.481138060611976
40017,0.5941600798096845
40019,0.5522041105598866
40021,0.47842056932966026
40023,0.528739800543971
40025,0.7088096839273705
40027,0.5623380281690141
40029,0.6032504780114722
40031,0.39746335586640785
40035,0.5474180960159725
40037,0.567946975479883
40041,0.5129539843540855
40043,0.674578209894195
40047,0.5244452757838621
40049,0.5390651991510784
40053,0.6749545178896301
40055,0.44148579100469904
40059,0.6052096052096052
40061,0.5264041994750657
40065,0.4601735236495942
40067,0.5277716308917902
40071,0.5314415996549281
40073,0.6078412937194434
40077,0.5346671700012583
40079,0.512747102931152
40083,0.6026256983240224
40085,0.5581267972066274
40089,0.47924938354160573
40091,0.532179798237773
40095,0.5058391725058392
40097,0.5324750192159877
40101,0.49398302247257403
40103,0.5765997197571229
30023,0.6278562259306804
30029,0.7592601976184444
30035,0.6040434455317776
30039,0.76996336996337
30045,0.872160934458144
30051,0.5688025210084033
30057,0.8674647285164601
30063,0.7506194355786998
30067,0.8573758339510749
30073,0.6757671480144405
13009,0.505988355974494
13015,0.6479265631018103
13019,0.540787819527867
13025,0.5448790095666854
13031,0.4980794701986755
13037,0.43985565356856454
13043,0.5839483394833949
13049,0.4673011974209395
13055,0.5402064072242528
13061,0.6141327623126338
13065,0.5862845445240532
13071,0.526413982717989
13077,0.7280216134230733
13083,0.5743645213628988
13087,0.5942451190841255
13093,0.3794601589942688
13099,0.6807086614173228
13103,0.705364523985075
13109,0.5702201933404941
13115,0.5896727972928967
13119,0.6119954519613416
13125,0.6741282823934568
13131,0.6161238347335711
13137,0.6212789248031136
13141,0.5604898398600457
13185,0.5361748886704065
13189,0.6609976607447683
13195,0.6692504144450916
13201,0.646374829001368
13207,0.7282918398804241
13213,0.5496464033145224
13219,0.9054865983090484
13225,0.5988924428319091
13229,0.6368243243243243
13235,0.44404332129963897
13241,0.7142963792459873
13245,0.5690965454997319
13251,0.6021075581395349
13257,0.5955900776747682
13263,0.6780901039661148
13267,0.43095639351169157
13273,0.6884939195509823
13279,0.5793608663340057
13285,0.5840427599611273
13289,0.6815950920245398
13295,0.5442779796781132
13301,0.6406476558724021
13305,0.5763384601506473
13311,0.6107927608525374
13317,0.669373086649807
48203,0.6200129439027955
48209,0.6818946817263819
48215,0.5122197254822843
48221,0.7047206062297404
48227,0.4108654656341532
48233,0.5774666403733649
48239,0.6169613367009908
48245,0.5451308189704765
48251,0.5841809834363492
48301,0.7252747252747253
48305,0.5498322951605175
48317,0.5908096280087527
48323,0.5008649107346845
48329,0.5419770707675308
48335,0.3988251661771526
48341,0.526829268292683
48347,0.5747237420877588
48353,0.5130975143403441
48359,0.7670713201820941
48365,0.6647328421419041
48371,0.43884351825776774
48377,0.7335537190082645
48383,0.4980062029242357
48389,0.36427441676551997
48395,0.64528962444303
48401,0.5452599388379205
48407,0.5903783278841663
48413,0.5853535353535354
48419,0.5896416671537967
48465,0.5201648613665781
48471,0.41200954354678604
48477,0.6647744590064005
48483,0.6548052675819557
48489,0.37599246400215314
48495,0.4369091656391286
48501,0.5662728249194414
48507,0.5417903066271019
28065,0.6944227115234157
28067,0.6042612153098518
28071,0.5470107426436245
28075,0.5475301827612189
28077,0.6984579636670891
28081,0.5897354058280936
28083,0.5281454545454546
28087,0.6142138846925661
28089,0.7297795549554695
28093,0.5727269435492631
28095,0.6283082747824821
28099,0.5601397597281386
28103,0.6771943176052765
28105,0.5020328302078569
28109,0.5620571107836947
28111,0.6414398785644584
28115,0.6339277831729496
28117,0.5571316409316933
28121,0.6056540858399266
28123,0.54788157223073
28127,0.5783162016642193
28131,0.5521446593776282
28133,0.48313204910669727
28137,0.6048692599094521
28139,0.6135438809596113
28143,0.514888696154958
28145,0.6081223628691983
28149,0.6067846437629698
28151,0.5402616104644186
28155,0.7271869524194635
28157,0.6002909090909091
28161,0.6863774813570003
28163,0.5009841102203447
35003,0.7513315579227696
35005,0.49985179780660755
35006,0.4352693137894684
35007,0.6026155905673978
35009,0.44371555236041216
35011,0.7714535901926445
35013,0.5587364332543662
35015,0.5678041763801399
35017,0.6579106420568134
35019,0.6073550212164074
35023,0.6057449494949495
35025,0.49736064700469756
35027,0.6592193284406053
35028,0.8629737609329446
35029,0.5166699161629947
35031,0.5124890968202364
35033,0.6697530864197531
35035,0.4847029713351087
35037,0.5979037636969986
35039,0.5601308314684111
35043,0.6948540918714904
35045,0.5715265866209263
35049,0.7176194997293676
35053,0.56656346749226
40107,0.4412632499180417
40111,0.48973516731677275
40113,0.5598168288494562
40117,0.5426195426195426
40119,0.4757800462249615
40123,0.5318890393361803
40125,0.5143435891820869
40129,0.6817843866171004
40131,0.6430953102671805
40135,0.4902029502660337
40137,0.5826403326403327
40141,0.5142423091530574
40143,0.5890052124746002
40147,0.6131548737215613
40149,0.5840567306516689
40153,0.5316170445233542
41001,0.7880166261469689
41005,0.8343998001575681
41007,0.7722822957322926
41009,0.7969827057524838
41011,0.7274514766289641
41013,0.8244396163425362
41015,0.7771688553407093
41017,0.8466808504944269
41019,0.7409373647155324
41021,0.7693298969072165
41023,0.7902896081771721
41025,0.7838306731436503
41027,0.8864552539639882
41029,0.7624343252232794
41031,0.680667499148598
41033,0.7583431745615186
41035,0.7242365477659596
41037,0.7031400192246074
41039,0.752080995921987
41041,0.779500604107934
41043,0.7665954684424341
41045,0.5699803949696362
41047,0.7166088139258484
41051,0.7606091973444403
41055,0.8973977695167287
41057,0.813266523502744
41061,0.7471798931327924
41063,0.9127693116132423
41067,0.7901172611324635
41069,0.8619469026548673
44001,0.7396080064551394
44003,0.7171481395886296
44007,0.5968962890317158
44009,0.7368941162792951
42003,0.7547714075338454
42005,0.6904996962332929
42009,0.7153961755713323
42011,0.6607194945651651
42015,0.6448530352800649
42017,0.8247719525511835
42021,0.6684270692603475
42023,0.6458443620963473
42027,0.6020904361002234
13321,0.5917027784858526
16035,0.6256548208976356
16039,0.5385224274406333
16045,0.7569169960474308
16051,0.7565389132059357
16055,0.7256159872828432
16061,0.6313301823092505
16067,0.6193243452657679
16071,0.808377308707124
16077,0.6610752688172044
16083,0.6277905816793368
17001,0.6628247202562176
17005,0.6213482297878765
17011,0.6975518935192521
17017,0.6418303785337806
17021,0.6293983890237792
17027,0.659733606557377
17033,0.6294823357857758
17039,0.6621610551323012
17043,0.7563452714847451
17049,0.7404283437633614
17055,0.626876626409555
17061,0.6149565556965733
17065,0.6883955282632657
17071,0.6650255288110868
17077,0.5105021405636818
17121,0.6127067014795474
17127,0.63193804167435
17133,0.7987487356235717
17139,0.6283284023668639
17143,0.6381749516687398
17149,0.6645348837209303
17155,0.7484676007005254
17161,0.6399091505193435
17165,0.6019621583742116
17171,0.7099099099099099
17177,0.6402693447670571
17183,0.5480355755116139
17189,0.7266508573513316
17193,0.6949483672899804
17199,0.6501294385842896
19001,0.7634801681593859
19007,0.6757934038581207
19011,0.7509488152631039
19017,0.7561470083692884
19021,0.6713522400328812
19027,0.7444991789819376
19033,0.7106897581367573
19039,0.6979524734718279
19043,0.7053893096095876
19049,0.9022418346969013
19055,0.768870099923136
19099,0.7117819233346264
19105,0.6835230453442807
19109,0.7919498170412964
19115,0.6684217124232168
19121,0.8083600757014728
19125,0.7624484617824294
19131,0.7237692690203879
19137,0.6925377015080604
35055,0.641861527915302
35059,0.5458816160350767
35061,0.5710946910450713
38003,0.6640019090800621
38005,0.4350044365572316
38009,0.7002219084123462
38011,0.716076058772688
38015,0.7048342522254781
38017,0.6521735835329069
38021,0.6679526040231468
38025,0.7222737102255175
38027,0.7177006260671599
38031,0.7078025477707006
38033,0.7154811715481172
38037,0.7736694677871149
38039,0.6775067750677507
38043,0.7696362677912494
38045,0.6848765432098766
38049,0.6800271739130435
38051,0.7042594385285575
38055,0.751357220412595
38057,0.7283065898114971
38061,0.568445475638051
38065,0.7271487039563438
38067,0.6273069679849341
38071,0.6181818181818182
38073,0.6156547917711992
38077,0.617744741420212
38079,0.40033677120606187
38083,0.7504621072088724
38085,0.419971671388102
38089,0.6729866297008451
38091,0.7727272727272727
38095,0.711084191399152
38097,0.6757065838915209
38101,0.5546479205121156
38105,0.5899736582153441
4001,0.6753715580475441
4003,0.640119462419114
4005,0.6651536883385682
4007,0.6534999645633017
4009,0.5447576836445542
4011,0.5485263471271211
4012,0.45836150205887777
4013,0.685607748286763
4015,0.6208103250908962
4017,0.6491811090767726
4019,0.6829365917803042
4021,0.5675633382324514
4023,0.6909514892414231
4025,0.7584893869423378
4027,0.535343011452867
20001,0.6198190616452767
20003,0.6519944979367263
20005,0.6025267249757046
20007,0.7024595080983803
20009,0.5836086204184364
20011,0.6207345420734542
42029,0.8289981443212011
42033,0.6253423898415111
42035,0.5768791036487767
42039,0.6283514614386106
42041,0.7337774933685633
42045,0.7875379968264286
42047,0.6989770664906781
42051,0.5973744314146978
42053,0.39324344347310713
42057,0.6898012100259291
42059,0.604405737704918
42063,0.6057785335248761
42065,0.6683424429310496
42069,0.7125833539145467
42071,0.6946501752826741
42075,0.6749955381045868
42077,0.6941655176548168
42081,0.6619746564579224
42083,0.5988948580199539
42085,0.6554524231111913
42089,0.6321551717547038
42091,0.8300040348559491
42093,0.6954519693964296
42095,0.728547439842478
42097,0.585664095737381
42099,0.6851491749541642
42101,0.648137090629469
42103,0.7259226223659271
42105,0.6880678376741369
42107,0.6262129033402516
42109,0.601983491824373
42111,0.674626369976752
42113,0.6769520225776106
42115,0.6668501697403432
42117,0.6509120039438009
42119,0.5575898158120012
42121,0.6441465421284421
42123,0.6533510453237182
42125,0.7203576432908521
42127,0.6671169890026545
42131,0.6891448129133713
42133,0.7008516449701367
45001,0.639393160195423
45005,0.514756446991404
45007,0.6340219449594553
45011,0.6477344044182252
45013,0.6670007294841116
45017,0.7106368389474587
45019,0.6933797578238362
45023,0.6328112449799197
45025,0.5407356479889996
45029,0.6720454466246123
45031,0.6302885363198009
45033,0.577976794458905
45037,0.6223511250409318
45039,0.6715360779105799
45043,0.7341969845624011
19141,0.7279475561554034
19147,0.7317001180637545
19153,0.7535068331192979
19157,0.7022160664819944
19163,0.720581140180225
19169,0.6850002684275514
19173,0.7120315581854043
19179,0.6077440422967773
19185,0.6535631700651672
19189,0.7355840315426319
19195,0.7507221750212404
24003,0.7235766467709595
24009,0.7020656136087485
24015,0.6090806426774806
24021,0.7847665344485643
24027,0.8280276096651921
24031,0.7922667810613471
24037,0.6688253952996588
26031,0.7513257575757576
26037,0.7744723918237324
26043,0.7207291769587986
26047,0.8344433156488693
26053,0.6699084204554664
26059,0.6554342934293429
26065,0.6610629141647192
26069,0.7369405669880559
26075,0.6602892302164736
26081,0.7737781930716411
26087,0.7671372583300552
26091,0.6984610955534036
26097,0.7941809124872636
26103,0.6943322089187085
26109,0.6765589782118707
26113,0.7605107713690062
26119,0.7412702429149798
26125,0.8326012662742615
26131,0.7460286330653069
26137,0.7639384997670445
26141,0.7848744238547644
26147,0.7394328303068756
26153,0.7131048993086865
26159,0.7022852724886276
28039,0.6338343276732447
28045,0.5599134361056934
28051,0.62562639734793
28057,0.591396086148464
28063,0.7084844089920233
28069,0.592560120240481
28073,0.6137421356545721
28079,0.5536498766323644
28085,0.6459190342547384
28091,0.643979057591623
28097,0.6654864935746132
28101,0.6397160447292374
28107,0.6176435714003399
28113,0.5986605909969621
28119,0.598404748655166
28125,0.6483516483516484
28129,0.6849551698609855
20015,0.6632268064364816
20019,0.6367521367521367
20021,0.6017139090309822
20025,0.7047556142668429
20027,0.6825526358740003
20031,0.7063283304966733
20033,0.6519572953736655
20037,0.5562424809517444
20041,0.6625797306874557
20043,0.6088312541037426
20047,0.7077151335311572
20049,0.6990241397021058
20053,0.5762472227832761
20055,0.5559481743227326
20059,0.646443189472048
20061,0.4333679317658739
20065,0.6866974833076528
20069,0.59958071278826
20071,0.8083228247162674
20075,0.6087880935506733
20077,0.6628712871287129
20081,0.5911949685534591
20083,0.7343640196767393
20087,0.6712413367185892
20091,0.8106491468915473
20093,0.5862207896857373
20097,0.620671283963772
20099,0.5663359788359789
20103,0.5963392711227324
20105,0.6877177700348432
20109,0.7067377605428987
20113,0.6583975557480961
20115,0.6569554934422704
20119,0.6541218637992832
20121,0.7077414772727273
20125,0.5531932426864442
20127,0.6719981455725544
20131,0.7676931388438681
20133,0.5818597174041797
20137,0.560715114929185
20141,0.7065019978205593
20143,0.7167565139263252
20145,0.5034001102738467
20147,0.6814506248468513
20149,0.7770386648452813
20151,0.6030612244897959
20153,0.7837415320479416
20155,0.5880953884363621
20157,0.7382606279522089
20159,0.6050714485850378
20161,0.42978861455451967
20163,0.6999481327800829
20165,0.7237807509710833
20167,0.6507132132132132
20169,0.6049866824504291
20171,0.7321928460342146
20173,0.6232818048013837
20175,0.48044287140393865
20177,0.6505430242272348
20179,0.7772996234534696
45049,0.6302492549444595
45051,0.6635729659286824
45055,0.6729972583001461
45057,0.691679265434068
45059,0.5952594790893826
45063,0.6614991809504636
45065,0.6842421330771079
45069,0.549232245681382
45071,0.6509101072564022
45075,0.6115497640179287
45077,0.5800364878894477
45081,0.6278093690766314
45083,0.6438291495591012
45087,0.6196597176778535
45089,0.664767528902936
45091,0.7223665339444573
46005,0.5899358493709906
46007,0.5399361022364217
46011,0.552261439890814
46013,0.6120121377001151
46017,0.4441747572815534
46019,0.620573791677436
46021,0.7571552471812663
46023,0.5793261868300154
46025,0.7031546940326872
46027,0.5054555131730684
46029,0.6301350186727952
46031,0.49365140438630245
46033,0.7351799812658906
46035,0.5614291406561296
46037,0.6964285714285714
46039,0.7253086419753086
46041,0.5415977961432507
46043,0.7752043596730245
46045,0.6921199442119944
46047,0.7334422064960987
46049,0.6476712328767124
46051,0.7082072617246596
46053,0.7078369905956113
46055,0.8251088534107403
46057,0.7692115768463074
46059,0.7691663175534144
46063,0.883695652173913
46065,0.6577935298997059
46069,0.6163194444444444
46071,0.500224315836698
46075,0.9229583975346687
46077,0.7295878183250197
45045,0.6902410917442722
46079,0.5909045175570983
46083,0.7891839220462851
46085,0.5864854939405068
46089,0.7343316694398225
46091,0.6053362979433018
46095,0.5206499661475965
46097,0.6802151823072325
46101,0.6672216441207076
28135,0.5140609458359707
28141,0.6121382636655949
28147,0.6454800979236558
28153,0.6651673501785951
28159,0.6601386605675077
35001,0.6272212744606122
35041,0.5104273235224679
35047,0.5138945927446954
35051,0.6523381095190492
35057,0.6003706511667087
38001,0.7356521739130435
38007,0.9407407407407408
38013,0.7310126582278481
38019,0.6785354383607659
38023,0.673389355742297
38029,0.772098385857033
38035,0.5815416392826964
38041,0.6495049504950495
38047,0.7663817663817664
38053,0.5789529914529915
38059,0.6965213746856664
38063,0.7887261429205504
38069,0.6779229053838802
38075,0.7335928809788654
38081,0.6679574056147144
38087,0.6988543371522095
38093,0.6063687286897224
38099,0.6006530202185106
38103,0.7672915319974144
20013,0.6294523440799662
20017,0.7440119760479041
20023,0.7081268582755204
20029,0.6438604440416855
20035,0.541555673947789
20039,0.6681534344335415
20045,0.6321588711562574
20051,0.6235597126203064
20057,0.4974610791808493
20063,0.7271379139891251
20067,0.5925136223643687
20073,0.6542632362321922
20079,0.6793704372399717
20085,0.6678162085404199
20089,0.7178130511463845
20095,0.7168270103467054
20101,0.7775847089487402
20107,0.6715464466329518
20111,0.587607645452636
20117,0.6944595328625747
20123,0.6606305922454196
20129,0.6423592493297587
20135,0.7080018717828732
20139,0.6638301387970919
20185,0.6814070351758794
20191,0.6348321133960729
20197,0.7453677172874881
20203,0.6558265582655827
20207,0.6149562450278441
21003,0.5883498806082694
20181,0.6112979152656355
20183,0.7412952646239555
20187,0.5722713864306784
20189,0.5738909296411415
20193,0.6655021834061136
20195,0.7161687170474517
20199,0.7136678200692042
20201,0.6985703901138842
20205,0.6032036613272311
20209,0.5671032234985492
21001,0.571810766721044
21005,0.7738164815897136
21007,0.6784968684759917
21011,0.6108336951801997
21013,0.48218915026404224
21017,0.6488796177915349
21019,0.5886286719913362
21023,0.6718378977362672
21027,0.6546610169491526
21029,0.6699126770006865
21033,0.6594173163725893
21035,0.5593214904123646
21039,0.7231359649122807
21041,0.5264162953532782
21045,0.5885587655942219
21047,0.46559225801416504
21051,0.4815378759040731
21053,0.6278004073319755
21057,0.640534262485482
21059,0.6599474615343376
21063,0.48993947325372156
21067,0.648174959346832
21069,0.6443552799562283
21073,0.6716237113402062
21075,0.5092553639040808
21079,0.6450011116875417
21081,0.6070511068597978
21085,0.6041341063776153
21087,0.6769159096203121
21091,0.6982797990561729
21093,0.601935896489804
21097,0.6144076618779929
21101,0.5935106291419228
21103,0.671665285832643
21105,0.6156215005599104
21107,0.6235757979879976
21109,0.5894320701957381
21111,0.6782211698078076
21113,0.6678454219350243
21115,0.5898148148148148
21117,0.6646752636989905
21119,0.5222222222222223
21121,0.5596643616124135
21123,0.6784055008362758
21125,0.6037302047744902
21127,0.5892569685673134
21129,0.47490623325593856
21131,0.6050811218714627
21133,0.5324978140483824
46105,0.7203280103582218
46107,0.7774647887323943
46109,0.5761102193686464
46115,0.6527032604209657
46117,0.6770491803278689
46121,0.4263643996641478
46123,0.6632226322263223
46127,0.7625075346594334
46129,0.6190019193857965
46137,0.46130346232179226
47001,0.6028404853908209
47005,0.562921609676669
47007,0.4660461351679482
47011,0.5712275195536293
47013,0.47350730887528936
47017,0.5475829078699231
47019,0.5389727564807887
47023,0.5712133765157792
47025,0.5065346689622789
47029,0.5261685552407932
47031,0.5829312207418077
47035,0.657761747564902
47037,0.6209466057867962
47041,0.5736909495249006
47043,0.5993987037630302
47045,0.5361231600654199
47047,0.7065478020288964
47049,0.6001375042970093
47051,0.5792660772677728
47053,0.6048747461069736
47055,0.5715831854192822
47057,0.5579474756372846
47059,0.509413087637841
47061,0.5634683861033587
47063,0.5271820555626899
47065,0.6128820819931661
47067,0.5329190134006603
47069,0.4958608455701192
47071,0.5670336150973069
47073,0.5501163434903047
47075,0.5668241389820177
47077,0.5643722415250259
47079,0.5900552919493354
47081,0.5001526096245803
47083,0.5763878029710712
47085,0.572381680450344
47089,0.5512733723943136
47091,0.5346080043859649
47095,0.3294994330147416
47097,0.45690841445390146
47101,0.6001497967044725
47103,0.6014875332382751
47107,0.5531636680630554
47109,0.5605827077014865
47113,0.5766803619860899
47115,0.5891817414107293
47119,0.6598732780810681
21015,0.7129637517570389
21021,0.6115056217769888
21025,0.5582289715018243
21031,0.6364486952905708
21037,0.6678747760438749
21043,0.5621603260869565
21049,0.6527437707043064
21055,0.6145154280747501
21061,0.620483756704787
21065,0.5885848037450486
21071,0.5834017197702216
21077,0.5954517326732673
21083,0.6163708801159
21089,0.6571459561083192
21095,0.5430112848940803
21099,0.5932936339146463
21149,0.6853948688548086
21153,0.5738067643030239
21159,0.43002516686727216
21165,0.6082352941176471
21171,0.6595718351689147
21177,0.5875139353400223
21183,0.6229425596237823
21189,0.530663679641557
21193,0.5310700515747835
21199,0.6348538529672276
21205,0.5167223221166196
21211,0.6678202655168501
21217,0.6388846330626627
21221,0.654160014191946
21227,0.5843767816043413
21233,0.6198013656114215
21239,0.7778175496011455
23005,0.8409769917582418
23011,0.7452966714905933
23017,0.722868382793124
23023,0.8531571734776345
23027,0.7700699037647722
27001,0.7606798694893391
27047,0.7392202540547669
27053,0.8321269199694434
27059,0.8033879201750315
27063,0.7650539048119905
27069,0.7944009632751354
27075,0.8293413173652695
27081,0.7271241830065359
27087,0.6100079428117554
27093,0.7797245115555299
27099,0.7107690046662013
21009,0.6069547848193209
27105,0.6641011963727806
27111,0.8082918813288328
27117,0.7588325652841782
27123,0.7622536647677521
27129,0.741876597298284
27135,0.7418729627345608
27141,0.8010255523867139
27147,0.7901566999513818
27153,0.727926641774654
