fips_keys,final_2019_crimes,crime_rate
1001,64.7442207963435,116.90902996811755
1003,334.0,156.9327632382653
1005,79.0,311.50191238515833
1007,24.489408088843245,108.87568616388764
1009,157.0,272.18668192299026
1011,24.0,234.192037470726
1013,36.61535596797219,184.66489796233708
1015,331.01914109981294,288.80205648311164
1017,84.0,249.55436720142603
1019,64.59873679446164,249.38708564437184
1021,32.044810029244196,72.73819096412257
1023,3.0,23.21083172147002
1025,36.0,149.20424403183023
1027,35.0,262.4278323461048
1029,12.0,80.45052292839902
1031,58.291542416707124,112.83253148679324
1033,71.0,129.6306439539172
1035,32.38464403202781,261.2929161854753
1037,34.0,316.0732546248954
1039,78.0,209.6774193548387
1041,27.0,195.03033805258596
1043,70.53266739870921,85.12988956188576
1045,239.14122676371272,485.29988993589853
1047,116.0,296.30386472195966
1049,103.40126320553836,145.00247259225685
1051,121.59607587128193,149.85220826097054
1053,80.0,215.8836387187306
1055,228.9799223465365,222.8558437600114
1057,11.913589301121657,72.22983691719206
1059,45.0,143.01150448102715
1061,56.0,211.9847068175796
1063,33.0,396.4440172993753
1065,5.0,33.763252076440004
1067,70.04841273551826,408.85083018454594
1069,303.5188180840619,289.88827155552127
1071,98.0,188.99946000154284
1073,1202.4384520771482,182.27602050648014
1075,9.0,64.81814908174289
1077,160.0,172.86831755909935
1079,30.868399104228644,93.37648709609971
1081,420.6481670804732,261.02571924671935
1083,266.38203369802176,281.21025019057055
1085,16.0,158.7459073320766
1087,82.0,438.3151592901433
1089,1027.2086178865347,283.5431046733801
1091,52.0,269.13720821903627
1093,32.08641069887834,107.43457677251168
1095,92.26897682910354,96.47227379850438
1097,328.0,79.2052430007196
1099,7.0,32.91020216267043
1101,242.0,106.63564538800833
1103,134.54094931121494,112.85761562179876
1105,14.0,150.65102765522434
1107,16.0,79.03966803339426
1109,133.0,399.00399003990043
1111,14.0,61.818342385304895
1113,70.3518329195268,121.3967299135954
1115,240.4792215598024,273.30600593233515
1117,306.6197978382412,143.66158675280238
1119,39.0,304.75892787372044
1121,292.1992923258378,363.490729005732
1123,248.6597033323746,613.3536502118216
1125,568.6625841601576,274.31204464926446
1127,152.26572624656325,237.50698213471105
1129,20.0,120.91167402212683
1131,24.0,224.69806197921542
1133,52.0,218.6343760511268
2013,0,0.0
2016,7.0,122.85012285012284
2020,3581.0,1219.9733588615852
2050,130.0,716.8854086246829
2060,2.0,228.57142857142858
2070,56.0,1128.804676476517
2090,263.0,265.4635012919897
2100,9.0,357.4265289912629
2105,0,0.0
2110,289.0,896.7635833307475
2122,109.0,186.43951833607005
2130,40.0,289.8550724637681
2150,49.0,364.28518325775036
2170,69.0,65.4841556814623
2180,107.0,1071.2855426511815
2185,123.0,1256.1274509803923
2188,77.0,998.0557355800388
2195,10.0,
2198,7.0,109.25550179491181
2220,16.0,185.1851851851852
2230,1.0,90.33423667570008
2261,5.0,54.094990803851566
2275,3.0,119.9040767386091
4001,34.0,47.54513291661423
4003,196.0,155.71992658917748
4005,664.5900346833955,470.42628840649763
4007,404.0,754.4914652821873
4009,85.0,223.70775871144332
4011,1.0,10.501995379122032
4012,43.0,206.8003655076228
4013,18181.27452498665,420.0062956098015
4015,451.0,217.14533330123498
4017,341.0,312.0710167475062
4019,4485.0,436.62085636098664
4021,782.7254750133516,180.85446738125424
4023,42.0,90.36144578313254
4025,638.4099653166045,279.92211293900675
4027,592.0,282.6207344319896
5001,150.0,837.3339287707938
5003,71.0,350.27133695115936
5005,118.0,284.83839042170564
5007,1116.562823262015,420.14111404016984
5009,262.0,701.829578634379
5011,32.0,294.2799337870149
5013,11.0,211.864406779661
5015,110.0,393.34882889325945
5017,37.0,348.5633537447009
5019,72.0,321.6295899222728
5021,33.0,221.64013701390292
5023,174.1546047331616,693.8430467456637
5025,20.0,246.06299212598424
5027,37.0,155.61911170928667
5029,72.0,345.19129350848596
5031,615.0,572.9190926452093
5033,240.0,382.53717783197055
5035,740.0,1520.3813280736358
5037,80.0,475.5111745126011
5039,44.0,604.4786371754361
5041,46.0,392.8601930139209
5043,58.0,314.92642667101046
5045,479.66246201016645,388.00108555795515
5047,57.0,321.34400721614617
5049,39.07957099080694,319.51247641899226
5051,526.0,533.7121404292019
5053,43.0,237.22829085291843
5055,326.0,725.4600885684403
5057,99.0,453.2551964105851
5059,1.0,2.97645623121112
5061,48.0,360.60401171963036
5063,186.0,496.9674299302643
5065,34.0,250.55268975681648
5067,149.0,875.080754096435
5069,734.0,1059.438237926157
5071,71.0,269.22493553769147
5073,2.0,29.41176470588235
5075,18.0,108.7679013837694
5077,41.0,445.94300630846203
5079,31.0,230.39762170196954
5081,23.0,186.2800680327205
5083,77.0,355.3627469078826
5085,304.0,419.1484667990294
5087,44.0,271.4206403059651
5089,43.0,260.98567613498426
5091,241.0,553.1075002295051
5093,327.0,776.2427004700186
5095,32.0,453.90070921985813
5097,2.2708819648837917,25.372982847863597
5099,6.0,71.84768291222608
5101,23.0,294.4188428059396
5103,115.0,482.5849769198489
5105,33.0,318.686624818928
5107,195.0,1048.0490164463076
5109,18.72911803511621,174.12716655928048
5111,121.0,506.3608972212923
5113,7.0,34.836269533193985
5115,268.0,420.319631122473
5117,17.0,207.59555501282208
5119,4539.504121924658,1155.1871078041306
5121,90.0,508.6182537439954
5123,172.0,664.0926640926641
5125,467.49587807534226,391.4884043674097
5127,38.15041277986765,367.67938299795344
5129,18.0,227.6176024279211
5131,976.8495872201323,765.6101035497271
5133,60.0,351.2674901937826
5135,13.920429009193054,81.22077722850257
5137,11.0,88.17635270541082
5139,299.0,757.9406322086745
5141,57.18293325667194,343.60613662223255
5143,846.437176737985,364.38969419042013
5145,485.0,615.779182854676
5147,30.0,459.20710240318385
5149,67.0,312.150577711517
6001,9734.0,587.5344197146951
6003,13.0,1251.2030798845042
6005,110.0,286.2421608680944
6007,1021.0,452.136021645846
6009,145.0,318.58329305268705
6011,58.0,270.34585625058264
6013,4138.0,362.26713743301605
6015,109.0,396.4357155846518
6017,323.0,171.29553517922392
6019,4737.0,481.14768501636837
6021,91.0,325.2788104089219
6023,626.0,460.4972782109754
6025,589.0,325.95281708457617
6027,94.0,522.8903599043222
6029,5567.0,627.1679654274644
6031,757.0,502.35249616765435
6033,347.0,540.5405405405405
6035,274.0,889.0907910961126
6037,56416.0,559.5953804814131
6039,830.0,533.9921380916536
6041,515.0,198.12035715522248
6043,79.0,453.5017221584386
6045,336.0,385.21507841878383
6047,1520.0,560.0961006993831
6049,43.0,482.7663635342989
6051,67.0,468.2040531097135
6053,1433.0,330.6338109411412
6055,753.0,539.3094260974194
6057,238.0,239.81298617548669
6059,6797.0,214.5487878324922
6061,597.0,154.85899271618004
6063,128.0,685.9592711682743
6065,7511.0,311.47377147006415
6067,6765.0,443.7366231282218
6069,147.0,243.4742281701338
6071,12219.0,568.5818399083122
6073,11409.0,344.0515332442923
6075,6092.0,696.2596047138102
6077,5952.0,801.5049764140463
6079,630.0,223.27361650098348
6081,1837.0,239.37254942841173
6083,1529.0,343.72758970300947
6085,6361.0,330.01810663719795
6087,1106.0,403.7056234076259
6089,623.0,347.6329710064058
6091,1.0,32.89473684210526
6093,181.0,416.39826999171805
6095,2114.0,478.4656507381815
6097,2016.0,403.38394307804356
6099,2908.0,535.35201051558
6101,318.0,330.8743197827467
6103,256.0,400.5507572912755
6105,61.0,480.31496062992125
6107,1692.0,366.31464089474304
6109,195.0,360.81043574798775
6111,1830.0,215.98960417249427
6113,637.0,293.07298759615736
6115,326.0,426.9250916710319
8001,2704.057501459971,536.4044017274018
8003,64.0,397.3427702241261
8005,1773.9942558202213,275.225619929909
8007,51.0,384.81853165321064
8009,5.0,140.40999719180004
8011,18.0,311.04199066874025
8013,689.7958923636827,213.88356713394398
8014,81.0,119.31767963939545
8015,9.0,46.01932811780948
8017,3.0,148.07502467917078
8019,32.0,337.01948393891524
8021,2.0,24.606299212598426
8023,0,0.0
8025,5.0,86.89607229753216
8027,8.0,167.50418760469012
8029,42.0,137.41207263209554
8031,5506.0,780.3553408846105
8033,1.0,53.85029617662897
8035,1107.384922614005,329.5386344565113
8037,74.75310920434669,136.70764836844
8039,9.0,34.996305945483535
8041,3504.0,501.30620023062374
8043,145.0,306.41786944485534
8045,180.0,304.8006096012192
8047,33.0,548.3549351944167
8049,22.0,143.76266091616023
8051,35.0,208.30853469825018
8053,0.0,0.0
8055,24.0,359.33522982482407
8057,0.0,0.0
8059,1583.0794402511356,275.41491798007917
8061,2.0,134.3183344526528
8063,17.0,228.2798442325769
8065,12.0,154.81873306670107
8067,136.0,244.529550317349
8069,855.4403266418615,248.10761650469027
8071,53.0,371.5126875087621
8073,2.0,35.810205908683976
8075,140.0,625.5585344057195
8077,426.0,281.7124945443003
8079,0,0.0
8081,29.0,220.91871714786316
8083,60.0,230.4944105105451
8085,60.0,143.93321498824545
8087,75.0,263.0010169372655
8089,59.0,322.7218028662072
8091,3.0,62.55212677231026
8093,41.0,229.47333072144178
8095,3.0,69.93006993006993
8097,14.24689079565331,79.47612850414656
8099,2.0,16.636167027116954
8101,1101.0,663.3249388487908
8103,8.0,125.31328320802004
8105,29.790020673855953,263.5119033512247
8107,38.0,151.56349712827057
8109,2.2099793261440466,33.52517181650556
8111,1.0,169.7792869269949
8113,7.0,86.96732513355695
8115,1.0,43.066322136089575
8117,73.0,238.18069105027897
8119,27.0,110.09623226227369
8121,3.0,61.62695152013147
8123,939.2476608491231,307.60210936780464
8125,9.0,89.97300809757073
9001,1620.0,171.62362303824665
9003,1936.0,216.66120164152196
9005,80.0,43.95556092790189
9007,65.0,39.864338589293055
9009,2202.0,256.789109902707
9011,318.0,118.92740940199708
9013,31.0,20.521239482864765
9015,58.0,49.757219086182936
10001,745.162589042743,421.71296331204076
10003,2633.2845603004107,473.4718222650491
10005,748.5528506568467,333.60348806369734
12001,1765.0,664.926180008514
12003,121.0,428.9107085888483
12005,826.0,453.44502939707183
12007,112.0,410.00109821722737
12009,2224.0,379.84174399281306
12011,7259.0,376.8550076445654
12013,36.0,250.66146776215012
12015,367.0,202.6874030055173
12017,373.0,256.94190908527304
12019,554.0,262.05624275679384
12021,896.0,241.21490471203626
12023,355.0,507.3747999085296
12027,159.0,430.859279733355
12029,89.0,536.5000904213636
12031,6087.0,650.1913081374855
12033,1777.0,566.8424292882411
12035,205.5096845369247,187.16558550188498
12037,59.0,499.53433240199814
12039,169.0,367.83110240504953
12041,40.0,222.80398819138864
12043,24.0,177.56732761171943
12045,36.0,231.12480739599386
12047,55.0,383.9173530643585
12049,72.0,265.3790866536434
12051,152.0,373.17097122655406
12053,518.0,278.0267614176144
12055,280.0,270.69617254947457
12057,3656.0,257.0524187254531
12059,75.0,385.96130094689175
12061,352.0,228.5877562683049
12063,100.0,208.5723224528105
12065,75.0,529.6236141515429
12067,13.0,150.51522519393308
12069,1007.0,291.1523793828264
12071,1979.0,268.3506267390585
12073,1699.0,586.3270870000346
12075,477.0,1180.6054005890653
12077,19.0,227.68124625524266
12079,111.0,601.3001083423618
12081,1820.0,473.6955803161268
12083,1556.0,440.1373590626998
12085,349.0,219.40716059472544
12086,13333.0,493.91945256550645
12087,282.0,372.0414786669833
12089,199.0,239.47628101759366
12091,739.0,362.62107814754114
12093,192.0,466.653704063776
12095,7778.0,576.2565697546056
12097,1152.0,327.31457146510206
12099,5643.0,385.1806144187104
12101,1693.0,322.720843610966
12103,3379.0,350.2766760723401
12105,1990.0,289.99530761361547
12107,188.0,256.64828264074697
12109,392.0,160.2131816212593
12111,812.0,259.468855748737
12113,260.0,148.7797201796801
12115,925.0,220.50269847626674
12117,1305.0,282.8336244749698
12119,249.0,199.12990627299192
12121,212.0,481.3149888752668
12123,153.0,699.5884773662551
12125,47.0,307.1293210481605
12127,1914.4903154630751,356.85679531154994
12129,76.0,235.14123944184894
12131,143.0,209.48697664879435
12133,61.0,246.32531093522857
13001,83.0,450.1084598698481
13003,6.0,72.82437188979246
13005,37.0,330.3276493170253
13007,0.0,0.0
13009,224.0,496.55294717474675
13011,44.59077272870812,238.3513616031009
13013,27.295944311765226,34.55576497545952
13015,69.0,65.7650187287336
13017,71.0,416.8379028943815
13019,88.0,459.4820384294068
13021,559.0,364.88250652741516
13023,32.0,249.86335597719997
13025,15.0,79.97440818937939
13027,90.0,577.2931366260424
13029,68.0,183.47138655802283
13031,95.0,124.80294272201786
13033,54.0,239.78685612788632
13035,72.0,298.87920298879203
13037,5.381663368711399,84.55087774880438
13039,40.0,75.14418290094119
13043,24.0,221.97558268590456
13045,222.29210249805226,189.6965451456715
13047,95.70706281908663,143.48884980372807
13049,42.0,322.0858895705521
13051,1216.0,421.4963119072708
13053,0.0,0.0
13055,24.0,96.72738997259391
13057,147.0,59.390339979395186
13059,640.0,507.227998985544
13061,8.0,271.09454422229754
13063,1699.4571043646542,599.3754291716293
13065,4.0,59.82650314089142
13067,1733.1108398339247,230.70677750452262
13069,67.0,155.7378954464099
13071,52.172445860020694,114.70000848617309
13073,44.0,29.196111608772107
13075,53.0,308.552133667113
13077,842.5790107337256,588.1467337245049
13079,13.0,105.4766734279919
13081,59.0,259.76313124642274
13083,0.0,0.0
13085,32.0,130.42060645582
13087,110.0,412.2629488044374
13089,3991.623468865985,532.6973106211854
13091,80.0,384.0798886168323
13093,10.0,72.8013977868375
13095,855.0,953.1453797531856
13097,297.1996872698262,207.37369677483755
13099,49.6183366312886,481.17083622273657
13101,3.0,75.35795026375283
13103,73.0,120.7070456537196
13105,40.0,208.70291140561412
13107,41.0,181.95535436914747
13109,19.0,177.7860952559184
13111,31.0,122.07127387280961
13113,83.0,73.90719749249797
13115,63.0,64.70231798621738
13117,125.0,54.73262020378049
13119,31.878351788263437,140.0261433201416
13121,3390.3404160356354,327.1897718621536
13123,77.0,253.17288091010718
13125,1.0,33.37783711615487
13127,250.0,295.9630638096366
13129,196.0,342.645362050278
13131,53.0,213.4686644111487
13133,21.0,121.04444060176378
13135,1369.0130747593598,149.61139382712562
13137,57.40922727129188,128.64524553240685
13139,421.26078840922776,212.04366523339445
13141,22.0,258.3675866118614
13143,164.39737039819684,562.48458753275
13145,39.1330595175821,114.74288086081835
13147,76.99436706663066,298.7404146456783
13149,21.0,178.9366053169734
13151,189.0,83.86730328901827
13153,470.04052543010874,306.2013624330544
13155,20.0,214.59227467811158
13157,43.43081448434026,63.977041296811166
13159,69.0,495.8321356711699
13161,25.0,166.26762436818302
13163,45.0,288.12908182865925
13165,31.0,352.55316729216423
13167,0.0,0.0
13169,27.0,94.47496413450435
13171,32.0,171.3796058269066
13173,21.0,202.31213872832367
13175,179.0,377.59729986288363
13177,41.0,138.97362890651482
13179,100.0,163.0018419208137
13181,7.0,89.10386965376783
13183,18.0,96.29788144660817
13185,266.0,230.57452931590444
13187,24.0,74.06950188259984
13189,28.0,130.50570962479608
13191,11.0,77.60688584732608
13193,14.0,105.22360015031943
13195,102.12728114510591,349.5354957392905
13197,10.0,118.59582542694497
13199,61.75304878248707,292.5852780369898
13201,11.0,190.08121651978573
13205,62.0,278.7268476892645
13207,16.0,58.88631261271208
13209,15.832694976408549,174.79239320389212
13211,9.0,48.63024801426487
13213,50.0,125.86849259893263
13215,632.0,322.8789357256347
13217,166.16676941274352,153.74565772513026
13219,16.0,41.95950907374384
13221,41.0,274.5964771281227
13223,369.0,230.8775222900047
13225,142.95947456989128,526.6512233188112
13227,48.0,152.92955682288846
13229,67.67614827781121,351.5644066379803
13231,20.0,109.12860806460414
13233,97.0,231.45938722916867
13235,50.0,445.7917261055635
13237,29.0,133.69600295053246
13239,0.0,0.0
13241,14.0,84.10934214478823
13243,13.0,186.43338591710886
13245,540.0,267.5227394328518
13247,148.0,164.9631619425527
13249,12.0,229.84102662325225
13251,44.0,314.5328472371149
13253,22.0,264.3912991227016
13255,356.0,545.1260221112915
13257,41.0,159.2233009708738
13259,3.0,47.67201652629906
13261,144.0,478.97817988291644
13263,10.687461260801399,169.07864674579022
13265,0.0,0.0
13267,26.0,102.43479631234732
13269,10.0,123.21340561853128
13271,0.0,0.0
13273,8.0,91.5646102781275
13275,121.0,271.11808200761817
13277,204.82755413997933,505.2355742087746
13279,60.16730502359145,223.0732056339591
13281,23.0,197.98571059653955
13283,5.0,73.58351729212656
13285,98.42643043912943,140.77207974817924
13287,11.0,138.48671786478658
13289,13.0,157.9778830963665
13291,13.0,55.8227413260048
13293,56.0,213.44717182497334
13295,133.29293718091338,193.06904384610638
13297,113.83260862256341,124.4861317803235
13299,131.3238517221888,368.9597722085489
13301,6.0,113.27166320558807
13303,30.0,146.7997651203758
13305,118.0,396.13267087417756
13307,0.0,0.0
13309,0.0,0.0
13311,35.0,118.68832445996813
13313,296.0,283.9682646277234
13315,12.0,135.9927470534905
13317,22.0,223.48638764729785
13319,26.0,288.5682574916759
13321,95.0,463.550307407046
15001,365.0,182.9950014790007
15003,2701.0,274.263038663879
15007,235.0,327.43942370661426
15009,449.0,270.51614963338733
16001,1175.0,257.1965791760516
16003,11.0,268.4891383939468
16005,258.78883941949573,301.7417821016682
16007,6.0,100.0
16009,31.0,339.2427226964325
16011,78.0,170.1607801217304
16013,40.0,178.78693067536764
16015,22.0,298.1837896448902
16017,53.0,121.52897204833641
16019,292.0,255.26260577662777
16021,10.0,84.42380751371887
16023,7.0,271.21270825261524
16025,3.0,286.25954198473283
16027,634.0,291.316114743628
16029,9.0,129.44052926794188
16031,28.0,118.19333051920641
16033,1.0,109.52902519167579
16035,16.0,184.48057188977285
16037,7.0,167.90597265531304
16039,91.0,340.2759600643159
16041,13.0,96.55377302436126
16043,16.0,122.88786482334869
16045,55.0,317.3504125555363
16047,36.0,237.65513599155003
16049,33.0,201.08463835232467
16051,23.0,80.60559332725872
16053,76.0,320.26970080067423
16055,370.0,235.18643292101552
16057,20.0,50.62650297430705
16059,23.0,293.1056454696062
16061,7.0,182.38665971860343
16063,17.0,317.75700934579436
16065,31.0,79.2838874680307
16067,18.0,86.93552282057475
16069,50.0,124.32553397816844
16071,5.0,114.02508551881414
16073,35.0,302.9778393351801
16075,40.0,171.96904557179707
16077,33.2111605805043,432.94434337771213
16079,24.0,190.34023316678565
16081,20.0,175.0393838613688
16083,270.0,318.1373646443342
16085,36.0,336.16584181529555
16087,16.0,159.09316893705875
17001,292.0,441.855186502232
17003,6.0,95.84664536741214
17005,10.0,60.28090903610826
17007,105.0821885824398,196.27956101843546
17009,1.0,15.087507543753771
17011,53.40201968709415,161.22824614182161
17013,0,0.0
17015,36.0,248.8593944421402
17017,50.0,400.2241255102857
17019,1069.0,509.23676413143926
17021,33.83096143996488,102.7328700615374
17023,15.73516119313046,100.12192156484132
17025,11.0,82.7876872130654
17027,100.41521484581773,266.8204677839659
17029,145.0,282.3593558312075
17031,31943.73849537866,614.5065140912833
17033,17.0,89.60573476702508
17035,10.26483880686954,94.72904029964508
17037,328.4352573561323,314.6956454747066
17039,17.0,106.70348983178508
17041,28.11742039667539,143.28808233539922
17043,1010.9186476923414,108.81091077996484
17045,72.0,413.62670190153386
17047,2.2233430103823255,34.44373370073316
17049,88.0,257.78480827254884
17051,39.0,180.84859726408533
17053,28.0,211.00226073850794
17055,24.0,61.66020090948796
17057,80.0,227.97218739313806
17059,6.0,118.48341232227489
17061,41.0,312.2144380140116
17063,43.807365912148896,86.46304407718962
17065,11.0,134.54011741682973
17067,12.450709906421427,69.23600014692447
17069,0,0.0
17071,0.5492900935785737,8.067118425298483
17073,78.87340228660369,160.09377937890207
17075,37.0,133.0360995253847
17077,307.0,529.5203270262346
17079,63.0,656.6604127579737
17081,273.0,718.7047518757405
17083,61.32547477744807,279.5526953432469
17085,22.0,101.90846766722254
17087,34.16231971455852,273.4298040223989
17089,426.75047102168844,80.31045267789446
17091,425.0,384.13912163200376
17093,297.26999088113365,235.82749526483383
17095,189.0,374.1981468282253
17097,870.3158548523726,124.06975818775243
17099,142.20462910180106,129.58676572332126
17101,5.0,31.18567953595709
17103,65.0,189.01392887260462
17105,73.5627994740166,204.11431596563983
17107,55.0,189.63555494259214
17109,73.0,239.50917024836772
17111,248.96365509617186,80.90748392863888
17113,602.0,348.8277764257321
17115,434.0,411.2652566143583
17117,65.55064975004404,144.18461111243
17119,849.1480059342002,320.7042956817084
17121,147.38489405713648,390.4959702650464
17123,13.0,111.31089990581386
17125,57.0,418.4714778650613
17127,33.0,232.08383149307264
17129,13.0,105.63952543474727
17131,14.476218115167253,92.86174940770577
17133,24.959002515969324,73.04788842182546
17135,72.0,249.75718051893992
17137,88.0,256.9568137355097
17139,65.42729978986692,446.87726104683367
17141,317.16880158645085,621.5949075677626
17143,1292.0,706.8993817366089
17145,32.0,150.58114912239424
17147,28.455279813457693,173.49722464153217
17149,23.0,146.7585502807555
17151,0,0.0
17153,0,0.0
17155,1.0,17.479461632581717
17157,23.0,71.2184548691748
17159,38.0,241.02499048585562
17161,598.7245780263022,416.147976358526
17163,927.6420747976003,353.6056822868209
17165,88.0,366.75835625573063
17167,1196.123875472508,607.5981913494842
17169,8.0,115.05824823817058
17171,0.0,0.0
17173,7.169038560035121,32.98080949549212
17175,9.0,165.22856618322012
17177,86.0,190.7169627214867
17179,313.54972512289476,235.40652811509048
17181,52.0,306.45921735030646
17183,690.0,889.5994224050127
17185,8.0,69.28806513078122
17187,33.523781884832744,195.5195490775268
17189,61.45080784927601,437.12340197237165
17191,23.0,140.2268016095598
17193,31.776656989617674,229.13655169900255
17195,124.0,221.36532419308767
17197,1415.0328332335307,205.28101567984604
17199,97.83768028544148,145.80441758135595
17201,1756.7490098311093,616.7948801979886
17203,79.45027487710522,205.29786789949665
18001,21.0,59.362279511533245
18003,1206.0,323.6932161309803
18005,126.52334527054715,153.39695841532856
18007,0,0.0
18009,23.0,191.4592524764838
18011,90.0,137.31233980227023
18013,0,0.0
18015,0,0.0
18017,12.0,31.678986272439285
18019,346.0,296.9778639910048
18021,0.0,0.0
18023,43.0,133.23831066216343
18025,0.0,0.0
18027,45.0,135.8695652173913
18029,0,0.0
18031,0,0.0
18033,2.0,4.6590723786894035
18035,180.0,156.49452269170578
18037,82.0,192.7461627059681
18039,260.16392506162,127.18345166731196
18041,0,0.0
18043,18.0,23.279875840662182
18045,0,0.0
18047,8.335326883611843,36.60018830074578
18049,0,0.0
18051,32.0,95.07962918944615
18053,148.0,222.71714922048997
18055,19.0,59.08143909947449
18057,129.0,39.92361899869088
18059,83.80504131804918,111.49624995749186
18061,0,0.0
18063,109.0,66.54497280203175
18065,0.0,0.0
18067,448.0,544.1449757685441
18069,0.0,0.0
18071,53.0,120.38614423622943
18073,12.0,35.87765718898556
18075,19.0,91.17082533589252
18077,0,0.0
18079,24.0,86.61133164922411
18081,254.88456179735243,165.81524486543523
18083,14.0,37.771482530689326
18085,119.83607493838,151.62405888325424
18087,21.0,53.58099660653688
18089,1152.0,237.18002828865963
18091,431.0,391.27040325362674
18093,55.0,120.7517344340037
18095,300.48378129818764,232.11446548853857
18097,9400.19495868195,987.5513288784433
18099,13.0,27.9804567271475
18101,7.0,68.54680767724247
18103,56.0,156.35906742984784
18105,553.0,377.574917554844
18107,70.0,182.82968109279912
18109,1.0,1.4301650410457367
18111,0,0.0
18113,34.0,71.56990695912096
18115,0,0.0
18117,0,0.0
18119,0,0.0
18121,0,0.0
18123,11.0,57.58559313160925
18125,0,0.0
18127,158.0,93.69292440522783
18129,0,0.0
18131,41.0,326.45911298670273
18133,0,0.0
18135,0.0,0.0
18137,1.664673116388156,5.8633831720902965
18139,0.0,0.0
18141,1458.0,539.568345323741
18143,6.0,25.253588113977862
18145,208.5920929321004,469.4002721366857
18147,6.0,29.344158067198123
18149,55.0,239.6305332868595
18151,19.0,55.147592372217225
18153,2.0,9.64785335262904
18155,0,0.0
18157,438.0,228.6573428763841
18159,11.516218701812374,75.95448292977426
18161,0,0.0
18163,772.0,425.83470773507787
18165,42.0,270.2876632987966
18167,735.0,683.9817977088936
18169,1.0,3.1858294306922805
18171,0,0.0
18173,101.0,162.1708413615928
18175,0,0.0
18177,17.0,25.624792740646953
18179,11.0,39.27028667309271
18181,12.0,49.691498612779
18183,13.0,38.54135784168396
19001,0.0,0.0
19003,4.0,108.99182561307903
19005,20.196863668172277,146.21634451728283
19007,24.0,192.74012206874397
19009,6.0,107.70059235325795
19011,10.0,39.00764549851771
19013,475.0,358.7802980520118
19015,52.0,197.19378081152826
19017,51.0,205.1158301158301
19019,58.0,274.6472203807179
19021,60.0,299.1325157044571
19023,7.0,47.8534317746787
19025,16.0,164.20361247947454
19027,10.0,49.307233371135545
19029,33.0,252.08158276678634
19031,15.110498461391094,81.86865937796551
19033,164.0,382.87341831255543
19035,14.0,123.42413823503483
19037,13.0,108.09911857641777
19039,30.0,320.5128205128205
19041,22.0,135.71032015298255
19043,14.803136331827725,83.98942599618567
19045,114.61129543055347,244.3268784893165
19047,24.0,140.89468122578373
19049,124.70150710860555,143.17214561430734
19051,8.0,89.68609865470852
19053,5.0,62.66449429753102
19055,20.505102264266633,119.33365689499291
19057,209.0,530.6454069974102
19059,35.0,204.35569568517548
19061,180.49489773573336,186.1117503616479
19063,9.0,95.35918626827717
19065,23.0,116.14401858304298
19067,13.0,82.35145065247687
19069,4.373287293832421,43.035694684436336
19071,12.0,172.76130146847106
19073,3.0,33.5195530726257
19075,7.0,56.91519635742743
19077,2.0,18.745899334520573
19079,42.0,280.0560112022404
19081,11.543963254593177,106.86875814287333
19083,22.62671270616758,132.62242955376345
19085,21.0,149.05245226772658
19087,35.0,175.5177774434582
19089,1.0,10.838933448948623
19091,0.0,0.0
19093,15.0,217.35980292711199
19095,17.0,105.00957440237198
19097,8.388704569446539,43.23851641382681
19099,81.0,219.09063860863918
19101,11.0,60.61273969583425
19103,407.8895015386089,274.53071574914617
19105,12.0,58.36859769444039
19107,7.0,68.70828425598744
19109,35.0,233.67605821872078
19111,189.0,552.1956350249803
19113,527.0,235.41393990020592
19115,23.0,205.761316872428
19117,16.0,186.41500640801584
19119,12.0,101.90217391304347
19121,22.732772965823273,141.97335102312812
19123,70.0,315.8274679660711
19125,36.0,108.52526226938382
19127,147.0,367.8310479431488
19129,49.0,325.9278967673274
19131,4.0,37.70739064856712
19133,27.0,309.2783505154639
19135,19.0,243.37133341872678
19137,33.0,328.2602208296031
19139,87.99586690505491,205.17117886883563
19141,26.40185360240023,190.8337810075911
19143,14.0,231.3284864507601
19145,30.0,196.48938957296306
19147,25.0,277.68521603909807
19149,113.97883340905886,454.678607822957
19151,0,0.0
19153,1928.98636141917,402.19726808736436
19155,592.0,633.8804835480175
19157,45.0,244.7248205351316
19159,4.0,80.58017727639
19161,8.0,81.61599673536013
19163,712.0041330949451,412.88527022658985
19165,10.0,86.16232982939859
19167,35.59814639759977,102.21421999483094
19169,198.0,204.24794462611277
19171,45.0,264.20854861437294
19173,8.0,129.72271769093564
19175,31.0,250.84965204725685
19177,4.0,55.94405594405595
19179,175.0,497.99379642013605
19181,339.5793585064012,678.1279625097876
19183,83.0,375.5656108597285
19185,9.0,139.99066728884742
19187,156.0,426.8709809823505
19189,3.456036745406824,32.808398950131235
19191,18.0,88.83624518803671
19193,346.02116659094116,337.2986241699074
19195,7.0,94.02283411685696
19197,6.0,47.0994583562289
20001,42.0,334.50143357757247
20003,16.0,204.21186981493298
20005,46.0,282.76370789279565
20007,8.0,173.01038062283737
20009,111.0,419.6121422900994
20011,54.0,369.6604600219058
20013,16.487466450600092,171.28055735092553
20015,117.0,175.41755374973764
20017,0.0,0.0
20019,4.0,120.37315678603672
20021,50.0,247.7823479855295
20023,1.0,37.5234521575985
20025,4.0,197.43336623889437
20027,29.0,358.82207374412275
20029,55.0,615.3501901991497
20031,9.0,109.0380421613763
20033,1.0,57.47126436781609
20035,132.0,373.39820655709883
20037,135.0,346.4381030589201
20039,1.0,34.96503496503497
20041,42.0,223.07202039515616
20043,7.0,91.09838625715773
20045,15.0,12.469864494139163
20047,0.0,0.0
20049,3.0,118.90606420927466
20051,81.0,281.4943527367506
20053,20.0,320.9757663296421
20055,168.0,457.14285714285717
20057,144.0,421.311331519354
20059,91.0,356.0528992878942
20061,257.0,755.3269654665687
20063,4.0,151.285930408472
20065,5.0,198.4914648670107
20067,18.0,241.06066693451183
20069,4.0,66.2361318099023
20071,3.0,253.16455696202533
20073,25.0,411.11659266568
20075,9.0,347.35623311462757
20077,14.0,250.26814444047193
20079,114.25190279587791,331.13614119316554
20081,0.0,0.0
20083,4.0,213.21961620469082
20085,20.0,150.76134479119554
20087,35.0,185.283218634198
20089,2.0,69.32409012131716
20091,1104.5722096962345,186.73896962942632
20093,13.0,332.73611466598413
20095,13.0,177.1117166212534
20097,3.0,119.76047904191617
20099,83.0,412.54535513693526
20101,2.0,127.87723785166241
20103,417.5751651018297,517.1529693502133
20105,1.0,32.8515111695138
20107,24.0,248.16461586185503
20109,1.2642487046632125,45.07125506820722
20111,57.0,171.4234158371177
20113,45.0,157.52441628452408
20115,16.0,133.73453694416582
20117,8.0,82.05969843060826
20119,6.0,143.54066985645932
20121,63.42779030376542,189.80695545310894
20123,10.0,162.73393002441009
20125,178.0,547.3386427231635
20127,14.0,251.52712899748474
20129,6.0,217.86492374727672
20131,12.512533549399908,123.62941951783328
20133,12.0,74.49714427613608
20135,8.0,278.1641168289291
20137,8.0,146.89680499449136
20139,41.0,258.1701404193691
20141,1.0,28.328611898016995
20143,4.0,68.7049124012367
20145,26.0,392.2160205159149
20147,7.0,131.08614232209737
20149,44.0,184.50958191806097
20151,24.0,253.91451544646637
20153,8.0,319.744204636291
20155,188.0,299.5299928303991
20157,4.0,85.87376556462002
20159,9.0,93.18699523710913
20161,276.0,367.72543167768066
20163,6.0,118.74134177716209
20165,11.0,363.9973527465255
20167,23.0,331.03051237766266
20169,257.0,469.82687702235785
20171,14.0,284.7264592231035
20173,4735.058755950155,922.3391781738796
20175,43.0,192.40234462392053
20177,1012.0,569.0124373074241
20179,2.0,79.80845969672785
20181,16.0,269.4509936005389
20183,0.0,0.0
20185,2.0,47.83544606553456
20187,3.0,146.19883040935673
20189,4.0,71.39032661074424
20191,49.689341253967925,214.97508546321677
20193,18.735751295336787,239.8943827828014
20195,5.0,176.05633802816902
20197,14.0,203.22252866889244
20199,0.0,0.0
20201,4.0,72.81995266703076
20203,4.0,187.79342723004694
20205,17.0,195.67219152854514
20207,1.0,31.675641431738992
20209,77.42483489817025,46.963705726745715
21001,8.0,41.61897825408386
21003,16.0,76.39419404125286
21005,6.0,26.7749564906957
21007,9.0,112.05179282868527
21009,59.0,134.44535593838302
21011,5.0,40.46944556859571
21013,44.0,164.23425777313275
21015,122.0,93.25791163430668
21017,19.0,94.72529663974474
21019,81.0,169.87542468856174
21021,32.0,106.76631522754572
21023,3.0,36.12281757977122
21025,2.0,15.411882561454881
21027,11.0,54.52022204599524
21029,60.0,74.84002943707824
21031,4.0,31.338138514572233
21033,11.0,86.60053534876397
21035,35.0,90.12024615701522
21037,93.0,100.14968608996242
21039,2.0,41.80602006688963
21041,8.0,74.96954362290319
21043,12.0,44.18424831547553
21045,5.0,31.47623544224111
21047,135.0,189.03856386702887
21049,52.0,144.56089627755694
21051,7.0,34.36763550667714
21053,0.0,0.0
21055,3.0,33.333333333333336
21057,0.0,0.0
21059,160.0,159.24517785695804
21061,11.0,90.62448508815291
21063,0,0.0
21065,4.0,28.121484814398205
21067,1008.0,314.40949965845397
21069,4.0,27.561496589264795
21071,12.0,32.91639236339697
21073,109.0,215.71770666350014
21075,6.0,97.87928221859706
21077,2.0,22.891152569531876
21079,11.0,63.055316709658925
21081,6.0,24.04713237946375
21083,69.0,185.24484536082474
21085,17.0,64.76930696841544
21087,4.0,36.433190636670005
21089,13.0,36.56307129798903
21091,2.0,22.93577981651376
21093,129.0,118.86443004966506
21095,7.0,26.218210419865912
21097,14.0,74.77833564790086
21099,6.0,32.035880185808104
21101,85.0,185.4720809967488
21103,2.0,12.56992018100685
21105,2.0,44.34589800443459
21107,37.0,81.62184818336237
21109,4.0,29.91996409604308
21111,4852.920844602621,632.3691288074209
21113,62.0,116.91054457685925
21115,9.0,39.763188124061145
21117,287.0,173.23804234975975
21119,2.0,13.10615989515072
21121,29.646942041009837,94.52237220152985
21123,7.0,49.28189242466911
21125,32.0,53.01787696538927
21127,8.0,51.04970965477634
21129,4.0,58.13108559802354
21131,1.0,9.724788485850432
21133,2.0,8.970621215519174
21135,6.0,44.71938585376761
21137,9.0,36.77071416898186
21139,2.0,21.65674066053059
21141,45.0,167.27380863876292
21143,3.0,36.27130939426913
21145,111.0,170.06802721088434
21147,1.0,5.72573718866304
21149,3.0,32.31713885597328
21151,117.0,128.85178740556375
21153,6.0,48.03458490112881
21155,17.0,88.33922261484099
21157,24.0,76.94280584765325
21159,4.0,34.34065934065934
21161,23.0,134.40860215053763
21163,19.0,67.41891987793628
21165,0.0,0.0
21167,12.0,55.57613931085587
21169,2.0,19.928258270227182
21171,5.0,47.049967065023054
21173,25.0,89.6571510543681
21175,4.0,30.102347983142685
21177,28.0,90.4655746179445
21179,39.0,85.43263964950712
21181,2.0,27.96029637914162
21183,22.0,91.39628598728761
21185,35.079155397378884,53.176823862505316
21187,2.0,18.52537977028529
21189,0.0,0.0
21191,8.0,54.89980785067252
21193,22.0,82.63221153846153
21195,20.0,33.615140259172726
21197,2.0,16.25487646293888
21199,66.0,102.56410256410257
21201,0.0,0.0
21203,6.0,35.6718192627824
21205,16.0,65.2874688864406
21207,11.0,61.87422657216785
21209,51.0,93.29211407247517
21211,45.0,95.08716323296355
21213,24.0,131.99142055766376
21215,0.0,0.0
21217,41.0,160.33788275781157
21219,2.0,16.239038648911983
21221,11.0,76.12983597480795
21223,0.0,0.0
21225,7.0,47.820740538324905
21227,250.0,194.3226689052638
21229,12.0,99.8086999916826
21231,17.0,82.74116616373017
21233,1.0,7.6522803795531065
21235,24.353057958990163,67.40211441418772
21237,0.0,0.0
21239,23.0,87.39265901664261
22001,349.82359846247834,560.1031084785986
22003,29.0,113.20165508626746
22005,403.0,327.33888915964064
22007,70.0,311.4156063706736
22009,234.0,575.3768226413238
22011,21.845782048472124,58.97411669808635
22013,83.0,611.9138897080508
22015,1227.714038621653,970.532603911219
22017,982.2859613783471,399.5777429934984
22019,1104.0,547.5674415605672
22021,38.0,380.30424339471574
22023,0,0.0
22025,28.0,286.7089903747696
22027,20.0,125.11729746637474
22029,102.0,515.7245424208717
22031,93.0,340.79665799406354
22033,2836.0,639.0798692094654
22035,46.0,648.2525366403607
22037,73.0,376.8519952506324
22039,28.04915353059992,83.50696219178874
22041,58.0,286.5895839509833
22043,0.0,0.0
22045,0,0.0
22047,269.0,819.5722381329596
22049,6.0,37.78575477045154
22051,1540.0,354.1451075083362
22053,46.0,146.3057790782736
22055,961.1853401193757,397.22834370751104
22057,313.0,319.03616422717823
22059,33.0,
22061,177.0,374.6348897261144
22063,644.0,463.54946447080505
22065,49.0,433.3981956483283
22067,132.0,515.4236626317844
22069,256.0,660.3213908019294
22071,4524.0,1157.492100449027
22073,1391.0,894.568279161897
22075,37.0,158.5397206273031
22077,154.0,699.4912790697674
22079,1175.0,897.152019546461
22081,33.0,385.2889667250438
22083,12.0,58.96805896805897
22085,27.0,112.54220332624733
22087,19.0,41.0668741624519
22089,133.0,252.02281469690942
22091,61.0,592.4055550160241
22093,91.0,427.06964520367933
22095,93.0,215.06868322464268
22097,590.1272480069217,709.5263406037149
22099,203.81465988062428,379.31709201337054
22101,269.0,527.7821378119604
22103,371.0,145.4018145832925
22105,1023.0,774.6654853585951
22107,6.0,131.550098662574
22109,428.0,381.9586984846592
22111,72.0,322.10441551469603
22113,209.0,349.11885074751524
22115,118.15421795152787,237.993429383088
22117,465.0,1001.3998061806826
22119,147.0,374.5986443096682
22121,142.0,544.0404582199916
22123,40.0,362.2860248165927
22125,34.0,220.37853253824218
22127,56.0,391.2527073290016
23001,190.0,176.5766435568112
23003,64.0,94.38275155215385
23005,330.0,112.89500422501
23007,28.0,93.38936695350543
23009,16.0,29.303492610025454
23011,149.0,122.37891468793377
23013,10.0,25.15153801654971
23015,34.0,99.41229788602672
23017,62.0,107.73240660295396
23019,67.0,44.14458339373015
23021,7.0,41.5775718698028
23023,20.0,56.41430666817105
23025,70.0,138.55898653998418
23027,14.0,35.408078100103694
23029,41.0,130.19592899558603
23031,277.0,135.57430646645392
24001,228.0,319.1266008817972
24003,2320.0,406.1091418318673
24005,4738.0,572.2097828791161
24009,133.0,145.33771896274766
24011,45.0,136.16145723017337
24013,245.00060364429365,146.09544698793292
24015,307.0,299.36032451829317
24017,589.0,369.4457686228266
24019,136.0,423.1750575642542
24021,573.9993963557064,228.30118142235222
24023,79.0,270.2240465195827
24025,473.0,187.53320487507037
24027,517.0,162.14266672939112
24029,21.0,107.49385749385749
24031,1602.0,153.51738809617356
24033,2804.0,308.5828738706021
24035,72.0,145.06769825918764
24037,231.0,205.71733903286133
24039,69.0,268.17987484939175
24041,75.0,201.79191218015984
24043,495.0,329.76037412813355
24045,426.0,415.4516817991203
24047,130.0,251.134936733314
24510,11101.0,1822.7285265798841
25001,695.0,325.53303106381384
25003,447.0,353.5693098675104
25005,2238.0,398.9041720956015
25007,88.0,508.31792975970427
25009,2102.0,268.2230921962648
25011,178.0,252.20680958385876
25013,2624.0,560.838350741978
25015,421.0,261.4387202543594
25017,2967.0,185.33996484350112
25019,28.0,250.7163323782235
25021,1173.0,167.46688138976097
25023,1762.0,341.934745188753
25025,5114.0,641.9743787699048
25027,2632.0,319.1184957782272
26001,14.0,135.2265043948614
26003,21.0,229.4831165992788
26005,267.1837761174999,230.04724875153897
26007,94.0,329.59326788218794
26009,45.0,193.9153667155046
26011,43.0,285.33510285335103
26013,17.0,201.87626172663576
26015,142.0,234.5556656755864
26017,427.6545377922639,410.7954908478675
26019,30.0,170.30939540164633
26021,860.0,557.959684168867
26023,122.0,280.3759795923057
26025,809.0,602.7776949900158
26027,79.0,153.32958096384138
26029,64.0,244.38674201924545
26031,53.0,208.5136517428594
26033,92.0,244.49227989050996
26035,45.4196804783943,148.18335610059802
26037,102.27071137418152,130.4656410646666
26039,36.0,259.1419522027066
26041,89.0,247.04380169877314
26043,26.0,102.20527536459767
26045,606.1659746577243,553.7987635741524
26047,63.0,190.3093281778637
26049,2392.156571707223,586.4925704461473
26051,77.0,304.60065667154555
26053,27.0,179.27096474337694
26055,250.44624142384018,271.6896555947974
26057,88.0,215.07478736924432
26059,167.0,364.97147977358657
26061,26.0,72.08206265594677
26063,48.0,153.11493189575427
26065,1466.5633139680942,504.68992555348115
26067,189.0,293.93468118195955
26069,59.0,234.1548597055205
26071,38.0,340.7460545193687
26073,159.5803195216057,225.753055004535
26075,793.0,499.88653269119243
26077,1546.0,588.4032046280614
26079,32.0,181.97327267557577
26081,2339.0,360.8894018246593
26083,2.0,94.74182851729039
26085,9.0,75.93655079311509
26087,141.36141587993785,160.5686361343259
26089,24.553758576159815,113.40180388028733
26091,308.0,313.06858031530476
26093,200.0,105.39962266935083
26095,48.0,757.3366992742191
26097,29.0,269.01669758812614
26099,2255.1550500224475,259.1164277738141
26101,87.0,355.72637690640715
26103,173.0,259.42476681762287
26105,101.0,348.82917731574224
26107,162.0,374.55781369216896
26109,60.0,260.03293750541735
26111,87.34546220773609,104.78730994869666
26113,40.0,266.1698163428267
26115,112.76688464121287,75.31499638756729
26117,198.0,312.238815384858
26119,14.0,151.10631408526714
26121,783.0,451.82547880228736
26123,136.94027974646303,283.1333576199459
26125,2187.173617059766,174.52918899123162
26127,125.05972025353694,473.4241378465208
26129,62.0,296.6791080486171
26131,18.0,306.2787136294028
26133,78.0,334.90768570201806
26135,23.0,278.85548011639185
26137,46.0,187.83176806859944
26139,722.3719285524496,252.08576572716504
26141,15.0,117.98017932987258
26143,28.0,117.3954970441491
26145,1183.5674211472463,617.0166046195392
26147,461.17617126339877,289.59802775775916
26149,246.0,404.36583601814715
26151,91.63858412006216,221.9120574405186
26153,31.0,385.1888667992048
26155,188.0,275.09511267193443
26157,138.43257885275372,261.49451038507283
26159,256.4442953300505,340.3013553040825
26161,1345.233115358787,366.5485327953098
26163,17163.338589947165,976.6885766137217
26165,122.0,366.85109453933126
27001,14.0,88.41732979664013
27003,537.4380733098989,153.4428179943923
27005,49.0,144.07103584134546
27007,135.0,290.9294657672995
27009,66.85216422532446,166.59314766210088
27011,1.0,20.016012810248196
27013,146.0,218.5792349726776
27015,19.0,75.50768986209911
27017,26.0,72.96607077708865
27019,56.0,54.92942549706226
27021,40.0,136.66803334700012
27023,14.647402030596774,122.54163833846546
27025,41.0,74.12094368616107
27027,78.0,122.93919238407466
27029,13.0,147.37558099988664
27031,10.0,186.01190476190476
27033,37.0,327.46260731038143
27035,91.0,141.707024619649
27037,546.5002330725201,129.67050491336403
27039,21.0,101.6014320963762
27041,48.209960165787734,128.51534179028
27043,19.0,137.67118324759076
27045,11.0,52.50847295813643
27047,49.0,160.85086826642154
27049,55.729061859168226,120.50569099850415
27051,2.0,33.69839932603201
27053,5674.1656092953,455.45007968902024
27055,7.0,37.53753753753754
27057,38.0,180.78881012417335
27059,30.0,76.0841998478316
27061,75.0,166.14607562969363
27063,7.0,70.32348804500704
27065,6.0,37.292560134253215
27067,109.0,254.42916832006725
27069,0.0,0.0
27071,19.0,151.81781861765882
27073,0.0,0.0
27075,0.0,0.0
27077,6.0,159.10898965791569
27079,7.302097200850637,25.85545358278676
27081,2.0,35.22987493394398
27083,28.0,108.70409193260346
27085,48.0,133.95847287340925
27087,10.0,181.78512997636793
27089,0.0,0.0
27091,28.0,141.04372355430183
27093,16.0,69.24908028565245
27095,50.074770626953,193.60050503364778
27097,18.0,54.43987418340189
27099,63.0,158.26362197603436
27101,2.0,24.108003857280618
27103,37.0,108.97096071155093
27105,38.0,174.84126253795895
27107,0.0,0.0
27109,301.0,194.43314019210771
27111,93.09962560369664,159.97873632390522
27113,8.0,56.4055559472608
27115,138.0,472.23077712760494
27117,5.0,54.401044500054404
27119,69.0,218.9016845912249
27121,11.0,99.56553222302679
27123,2249.7871760409416,413.22807131722783
27125,3.0,74.71980074719801
27127,17.0,111.39505930148745
27129,22.0,150.15015015015015
27131,80.76443386282448,122.02830530002942
27133,7.0,74.45224420336099
27135,12.0,78.11991406809453
27137,476.0,238.28713599887865
27139,177.69790279914935,122.3182948195831
27141,160.91990594038845,170.3523135411626
27143,11.0,73.8651625033575
27145,249.1531592073341,157.2420412537135
27147,40.0,109.04233568683041
27149,5.0,51.07774032076821
27151,8.0,85.47921786515654
27153,28.00043094252725,114.31546885983201
27155,7.0,211.41649048625794
27157,14.270938140831772,66.26242346116808
27159,14.689983287988374,107.58739774416563
27161,26.0,138.74066168623264
27163,261.2470749872422,102.07435980090575
27165,17.0,154.93984688297485
27167,6.0,95.37434430138292
27169,43.0,84.77082306554954
27171,119.09739943127275,88.58908897132712
27173,4.3525979694032255,44.35090655597336
28001,19.0,60.76888633019894
28003,0,0.0
28005,0,0.0
28007,23.0,124.74914573954547
28009,0,0.0
28011,51.0,160.13564431047476
28013,0,0.0
28015,0,0.0
28017,0,0.0
28019,8.0,96.65337682735291
28021,21.0,231.04852018923975
28023,0,0.0
28025,39.0,198.5743380855397
28027,0.0,0.0
28029,0,0.0
28031,0,0.0
28033,252.0,140.80178795921216
28035,64.41048012653707,85.62490711280584
28037,0,0.0
28039,21.0,87.80365430446962
28041,2.0,14.657383657017224
28043,0,0.0
28045,44.0,93.69476799897787
28047,531.0,259.65516229670123
28049,813.1274141392963,340.5098950737641
28051,0,0.0
28053,0,0.0
28055,0,0.0
28057,17.0,72.45759099820987
28059,267.0,187.53160645052537
28061,0,0.0
28063,0,0.0
28065,0,0.0
28067,125.0,182.87687265917603
28069,2.0,20.11465352509303
28071,52.0,97.03302855010263
28073,137.58951987346293,222.02959523868861
28075,208.0,272.6831762346124
28077,0,0.0
28079,0,0.0
28081,0.0,0.0
28083,93.0,318.2533707480665
28085,77.0,224.35897435897434
28087,0,0.0
28089,401.04395648702916,383.5465623142529
28091,34.0,136.05442176870747
28093,31.0,87.0810977836456
28095,3.0,8.409721638213776
28097,0,0.0
28099,2.0,6.818491749624983
28101,0,0.0
28103,0,0.0
28105,91.0,183.79382775892714
28107,115.0,336.3556595495759
28109,2.0,3.6219417229576774
28111,0,0.0
28113,0.0,0.0
28115,42.0,132.83572648491366
28117,33.0,130.66719461492772
28119,0,0.0
28121,500.8286293736745,328.0314843582691
28123,0.0,0.0
28125,0,0.0
28127,0,0.0
28129,0,0.0
28131,52.0,284.52615451958854
28133,0,0.0
28135,0,0.0
28137,0,0.0
28139,0,0.0
28141,28.0,144.02551309089037
28143,40.0,400.4805766920304
28145,0,0.0
28147,0,0.0
28149,156.0,335.34684752466734
28151,17.0,36.910784462730966
28153,0,0.0
28155,0,0.0
28157,0,0.0
28159,0,0.0
28161,0,0.0
28163,0,0.0
29001,93.0,366.5891442311483
29003,3.0,17.13991887105068
29005,4.0,76.49646203863071
29007,30.0,116.9864295741694
29009,63.046681313912174,177.4463307456014
29011,6.0,50.860388234296856
29013,53.0,325.2331860579283
29015,49.0,256.45051551787304
29017,62.0,507.1574642126789
29019,509.0,286.51682230890907
29021,480.62371512481644,543.3232140230799
29023,269.0,630.6264066016505
29025,27.0,298.70560902754727
29027,208.92486761174882,465.42553323029875
29029,131.56143259122902,289.36223241813445
29031,300.0,382.20942528442754
29033,17.0,193.5998177884068
29035,27.0,439.2386530014641
29037,883.5548748954258,852.8768930523332
29039,55.0,391.65420494196394
29041,29.0,387.54510223172525
29043,752.6968679910713,878.7233743387322
29045,7.0,103.26006785661602
29047,1811.1851416990953,746.8311953434393
29049,39.23942300877527,191.4118195550013
29051,111.07513238825116,144.77422987663564
29053,20.0,113.25028312570782
29055,40.77662256076014,168.81933659335985
29057,50.0,659.8046978094484
29059,8.0,48.14346753324908
29061,17.0,204.94273658830622
29063,18.136861866408285,144.7937239853767
29065,18.71193038699336,120.37266250880256
29067,25.0,187.88516458740418
29069,100.0,333.0336030905518
29071,191.5985799189919,185.67373115774814
29073,58.0,394.26279654680167
29075,1.0,15.114873035066505
29077,2110.7146163989155,728.4455253381865
29079,16.0,160.12810248198556
29081,4.0,47.10870333294076
29083,149.0,685.5302507476421
29085,1.0,10.633772862611655
29087,8.0,180.50541516245488
29089,23.0,228.6736925830185
29091,136.0,339.1182924396569
29093,6.0,59.031877213695395
29095,5879.81552906729,844.5389834573307
29097,377.38551375631664,314.6977266146737
29099,580.0,258.98522444641907
29101,87.0,162.06549681457471
29103,1.0,25.33569799847986
29105,112.39674866213969,316.33432400478364
29107,44.76034456026443,137.3143067161531
29109,89.95331868608783,235.45523684977442
29111,7.0,70.31642390758414
29113,251.0,444.42870549073075
29115,17.0,140.3450837942706
29117,33.0,218.16739389131297
29119,66.0,289.7023966289176
29121,15.0,98.69070333574578
29123,34.0,279.1690614993021
29125,25.0,283.9940929228672
29127,77.22881445463015,269.9553077972251
29129,0.0,0.0
29131,43.2720223017816,171.70756042133883
29133,53.0,390.4523353469869
29135,18.0,112.17748971706345
29137,5.363548271576331,62.15724037056821
29139,3.0,26.116479498563596
29141,102.23346060818109,504.33358299137234
29143,121.12449949281938,689.7750540593358
29145,186.61448624368333,320.75367178357396
29147,20.0,89.44943870477212
29149,38.0,356.9080492157415
29151,4.0,29.379360998898274
29153,20.0,217.2260236776366
29155,127.0,762.1676768889156
29157,59.0,307.43577718722315
29159,216.0,509.97520953842525
29161,157.0,351.7813130181492
29163,48.0,260.092115957735
29165,720.6154638931733,715.7341569428233
29167,67.0,211.0369157112259
29169,221.53633583666863,422.5776553870646
29171,2.0,41.83225266680611
29173,58.40763727379352,570.7214898748634
29175,94.0,377.8438781252512
29177,123.06864588475118,538.0050093322455
29179,0.2880696130066407,4.579803068468055
29181,5.0,36.85413134812413
29183,613.7589255101541,155.66180362427505
29185,17.0,181.43009605122734
29186,63.0,352.9807261317795
29187,136.0,204.07244571822997
29189,3588.6247975202477,359.97155210405737
29195,68.0,295.9610027855153
29197,4.0,87.81558726673984
29199,8.0,163.19869441044472
29201,88.87550050718062,230.0507351414092
29203,21.4577333609296,261.13829087172445
29205,5.0,83.15316813570597
29207,73.0,248.4937195765395
29209,60.0,189.78333069745375
29211,25.0,400.192092204258
29213,169.0,306.63715208476975
29215,74.23172266208041,289.92236627902054
29217,110.0,534.1102209274096
29219,112.2410744898459,325.7802643887206
29221,82.0,329.84714400643605
29223,26.0,197.04433497536945
29225,26.58851561001306,68.78415627994583
29227,6.0,296.00394671928956
29229,29.31054397698998,161.02040310382893
29510,5792.0,1879.4577089566285
30001,11.0,116.83483802442909
30003,65.0,485.54567864346006
30005,0,0.0
30007,28.0,470.9840201850294
30009,29.0,273.6623572709257
30011,0,0.0
30013,385.0,471.66921898928024
30015,1.0,17.445917655268666
30017,29.0,247.2504049791116
30019,0,0.0
30021,15.0,166.3524453809471
30023,13.0,142.76301339775972
30025,5.0,171.17425539198905
30027,29.0,258.4439889492915
30029,352.0,352.3558794382326
30031,305.0,282.2427657940276
30033,0.0,0.0
30035,44.0,320.4194581998252
30037,2.0,274.72527472527474
30039,1.0,30.202355783751134
30041,74.0,450.23119980530544
30043,26.0,218.1757153646052
30045,0,0.0
30047,128.0,426.4818578615933
30049,276.0,407.0496276085835
30051,0.0,0.0
30053,28.0,143.31780723754926
30055,0.0,0.0
30057,14.0,168.63406408094434
30059,6.0,317.79661016949154
30061,1.0,23.52387673488591
30063,432.0,368.25818990870266
30065,11.0,230.80151070079734
30067,39.0,238.50293542074363
30069,0,0.0
30071,15.0,367.91758646063283
30073,5.0,83.41675008341674
30075,0,0.0
30077,19.0,277.21038809454336
30079,11.0,878.5942492012779
30081,93.0,218.7617613850207
30083,47.0,419.6803286007679
30085,86.0,769.5749440715884
30087,20.0,218.53146853146853
30089,8.0,68.48728704734184
30091,9.0,258.3979328165375
30093,120.0,345.1251078515962
30095,21.0,221.84660891612086
30097,20.0,544.959128065395
30099,13.0,213.60499507065396
30101,31.0,633.6876533115291
30103,0,0.0
30105,40.0,535.403560433677
30107,9.0,420.16806722689074
30109,0.0,0.0
30111,861.0,541.4821895753673
31001,51.0,161.4588279988603
31003,1.0,15.770383220312253
31005,0.0,0.0
31007,0.0,0.0
31009,0.0,0.0
31011,2.0,37.885963250615646
31013,16.0,145.85232452142208
31015,0.0,0.0
31017,2.0,66.33499170812604
31019,77.0,156.47544148428133
31021,5.0,76.80491551459293
31023,6.0,74.7291069871715
31025,46.0,177.6885043263288
31027,3.0,35.30242409978819
31029,2.0,52.868094105207504
31031,11.0,190.34435023360444
31033,30.0,312.3698458975427
31035,0.0,0.0
31037,12.0,112.00298674631324
31039,7.0,78.19481680071493
31041,13.0,120.0812857934602
31043,37.0,183.41347345461756
31045,11.0,124.85811577752554
31047,46.0,193.82294695150213
31049,4.0,218.45985800109227
31051,2.0,34.971148802238154
31053,52.0,141.82462839219966
31055,2975.0,530.6653205307724
31057,0.0,0.0
31059,5.0,90.13881377321074
31061,1.0,33.47840642785403
31063,3.0,113.63636363636363
31065,12.0,252.79123657046557
31067,34.0,157.45114383625082
31069,1.0,53.648068669527895
31071,0.0,0.0
31073,2.0,99.35419771485346
31075,0.0,0.0
31077,0.0,0.0
31079,275.0,448.8696645719416
31081,6.0,65.11123168746609
31083,0.0,0.0
31085,1.0,111.98208286674132
31087,1.0,35.52397868561279
31089,9.0,88.43470570895155
31091,0.0,0.0
31093,2.0,31.16721209287829
31095,17.0,237.96192609182532
31097,6.0,116.25653943034295
31099,10.0,153.1628120692296
31101,15.0,185.91968269707488
31103,2.0,263.1578947368421
31105,3.0,82.57638315441783
31107,0.0,0.0
31109,1144.0,365.31080157620113
31111,107.0,303.43419448146784
31113,0.0,0.0
31115,1.0,165.2892561983471
31117,0.0,0.0
31119,45.0,128.2782212086659
31121,9.0,115.41420877147986
31123,3.0,62.74837900020916
31125,1.0,28.21670428893905
31127,10.0,143.41029685931449
31129,2.0,47.1253534401508
31131,31.0,194.36955295002824
31133,0.0,0.0
31135,0.0,0.0
31137,18.0,197.8021978021978
31139,0.0,0.0
31141,35.0,105.50431060469042
31143,0.0,0.0
31145,13.0,120.72808320950966
31147,11.0,138.17359628187415
31149,0.0,0.0
31151,54.0,378.4162578836721
31153,212.0,116.9771342809217
31155,19.0,89.77084809827547
31157,76.0,210.67805067361533
31159,5.0,29.118863199580687
31161,13.0,248.51844771554195
31163,5.0,164.85328058028355
31165,0.0,0.0
31167,2.0,33.57394661742488
31169,4.0,79.09827961241844
31171,0.0,0.0
31173,7.0,97.4794596852806
31175,10.0,237.75558725630054
31177,12.0,58.936201561809334
31179,6.0,64.29489927132448
31181,0.0,0.0
31183,0.0,0.0
31185,17.0,123.68133866860677
32001,36.0,148.3985325034008
32003,12099.0,554.4902759115016
32005,62.0,128.81243247735395
32007,166.0,317.4178251142513
32009,6.0,619.1950464396285
32011,22.0,1183.4319526627219
32013,34.0,202.0442120275731
32015,62.0,1098.7063618642567
32017,7.0,135.13513513513513
32019,185.0,340.198602427363
32021,4.0,89.68609865470852
32023,117.0,263.6322667868409
32027,32.0,483.7490551776266
32029,31.0,777.3319959879639
32031,2140.0,468.33692245741196
32033,7.0,72.32152081826635
32510,178.0,324.97763496613294
33001,121.0,198.72879268152477
33003,57.0,118.40957247912253
33005,90.0,118.35564556429341
33007,48.0,151.22396899908637
33009,113.0,125.86742706929392
33011,941.0,227.82572905443845
33013,187.0,124.73568708018436
33015,259.0,84.54133875616516
33017,182.0,140.94978470307612
33019,45.0,104.39866369710468
34001,672.0,252.5318953044851
34003,709.0,76.2046023710487
34005,663.0,148.75410027327675
34007,1892.0,373.3684862789055
34009,161.0,172.95833959993985
34011,631.0,415.3884639184759
34013,3012.0,378.67549069403725
34015,301.0,103.3778098329126
34017,2224.0,331.9175101410948
34019,58.0,46.465795566522196
34021,1277.0,347.0844363751013
34023,1059.0,128.2206509104998
34025,815.0,131.10081250331774
34027,267.0,54.116612178467264
34029,555.0,93.05600965770479
34031,1842.0,365.739610076305
34033,181.0,287.3471979679314
34035,182.0,55.178602829267696
34037,76.0,53.716700946403456
34039,1575.0,284.2790952885478
34041,78.0,73.68082975949821
35001,7959.521183109149,1174.216603346003
35003,1.0,28.36074872376631
35005,460.0,706.1279626673216
35006,65.0,241.71655944368004
35007,33.0,271.20315581854044
35009,274.0,550.9531086624306
35011,4.0,196.078431372549
35013,759.0,
35015,295.0,510.9817778701587
35017,53.0,191.55011023166722
35019,18.0,413.5079255685734
35021,0,0.0
35023,22.0,511.98510588782875
35025,322.0,458.1868890248588
35027,99.0,508.7097271466009
35028,19.0,102.01342281879195
35029,198.0,822.1567080513225
35031,620.0,855.9043595902702
35033,6.0,132.27513227513228
35035,266.0,402.19544279299026
35037,5.0,60.05284650492434
35039,46.94806635111328,119.89087145001989
35041,58.0,307.07327403642523
35043,285.86900441404794,200.32304939878904
35045,1214.0,959.5700114610914
35047,87.0,313.6491455764655
35049,458.66174612568966,307.2225396540291
35051,63.0,571.1177590426979
35053,75.0,444.8926325780045
35055,52.0,158.60428231562253
35057,76.0,489.7222759198402
35059,5.0,120.97749818533754
35061,765.0,1006.221473950044
36001,1013.0,330.001824294389
36003,62.0,132.79643591501028
36005,0.0,0.0
36007,616.811090631993,319.28022994802626
36009,150.30957494209594,194.90096723602642
36011,84.0,108.49208911850178
36013,304.0,236.58323994521228
36015,178.0,209.6707697744272
36017,111.0,231.68924419211422
36019,128.0,158.8424357494757
36021,85.0,140.79607758692086
36023,85.0,177.58278491590934
36025,84.18890936800696,187.10725495723293
36027,551.0,187.57191391436373
36029,3386.690425057904,368.3767886244056
36031,49.70392103347889,132.68886257903011
36033,63.29607896652111,125.3958812261448
36035,125.46365262784889,233.87326665147242
36037,86.0,148.7683365624135
36039,179.0,377.4460188933873
36041,3.0,66.44518272425249
36043,141.5363473721511,228.0747496207537
36045,243.0,215.34535013558784
36047,1.0,0.03861042620505071
36049,28.0,105.3740779768177
36051,61.0,95.92552405214575
36053,106.0,148.86595042482972
36055,2135.0,287.21676861628777
36057,79.0,160.23690722485904
36059,1635.0,120.52997805396058
36061,13.0,0.7965720441202873
36063,578.0,274.1675362868798
36065,637.0,277.0059010519266
36067,1523.0,329.0326483347448
36069,166.0,151.58294600542413
36071,704.0,185.22172671902337
36073,58.0,141.79542343047135
36075,169.0,142.81006261671976
36077,98.0,163.40959114253317
36079,49.0,49.60166823569903
36083,394.0,247.51075792317116
36087,300.0,92.47215047068325
36089,105.0,96.40722411466032
36091,183.0,80.08682637351096
36093,607.0,391.96946900083304
36095,46.0,147.33200948049452
36097,10.0,55.80357142857142
36099,44.0,127.9441698168072
36101,97.0,100.59944825869616
36103,1360.0,91.65458084203603
36105,187.0,248.94829330635284
36107,58.0,119.13075627490448
36109,123.0,119.83398608756649
36111,249.0,139.36697170682564
36113,80.0,124.46325222478063
36115,74.0,120.09867566865749
36117,160.0,176.75847059733317
36119,1551.0,160.08009165127103
36121,46.0,114.12976057561096
36123,23.0,91.95953780336652
37001,320.85288089745114,196.45176514012098
37003,92.0,247.22543197269772
37005,19.0,172.60174418604652
37007,125.0,501.9677134366718
37009,61.0,227.07813721475637
37011,24.24169209316453,138.476477168768
37013,77.0,163.2462686567164
37015,49.0,252.83797729618163
37017,83.0,248.45092345915526
37019,76.0,57.65656412396161
37021,940.0,365.92107004663546
37023,251.14706076149133,279.1515436171654
37025,234.21280962552356,113.35711813059244
37027,202.2570197137784,247.00432283935612
37029,29.756396684310396,282.024421233157
37031,129.0,186.76704792239758
37033,27.0,119.02662669723153
37035,217.59591952473028,138.05708889795275
37037,159.19374579649374,223.15420364531352
37039,83.0,296.7571239586685
37041,59.0,418.52876498545794
37043,0,0.0
37045,91.60974939425626,94.16927015712696
37047,101.0,180.13840336733966
37049,298.0,290.75723722082915
37051,2504.0,752.265960866548
37053,63.0,238.97128551378827
37055,58.0,160.12368174037877
37057,342.56535652655623,207.13706926826916
37059,14.0,33.13060558014057
37061,87.0435230322616,147.61395870955212
37063,1857.5995063947828,595.6746576520558
37065,188.80440703104645,358.6164850156634
37067,3108.0678125811573,828.3873219475626
37069,104.4027043236945,157.32302269927743
37071,839.3902506057437,382.8095145303044
37073,0,0.0
37075,11.0,129.27488541544247
37077,191.0,321.93905070118666
37079,65.0,309.03817810107927
37081,3446.5076848427607,652.9108953076832
37083,178.0,347.72416487595234
37085,83.0,62.74426797094109
37087,210.0,343.9634415999214
37089,68.0,59.17520210942191
37091,89.0,370.648009328669
37093,16.0,29.653242396723318
37095,0,0.0
37097,478.2638604558513,272.45602687500786
37099,96.2090005273244,224.06493205860636
37101,366.0,185.90948341545183
37103,0.0,0.0
37105,100.0,165.3411815280832
37107,1.2066040503594981,2.1259497680588804
37109,184.0,221.9033032236279
37111,70.0,154.7748026621266
37113,59.790999472675594,171.74905774473785
37115,15.0,69.77068700869808
37117,75.0,328.24193618976756
37119,7270.7546799354695,676.6797440550473
37121,2.0,13.329778725673153
37123,81.0,297.225891677675
37125,167.0,171.64470573724998
37127,276.69663411961136,294.26420729513063
37129,988.0,433.45120164255195
37131,2.0,10.02707309736288
37133,486.58145051435014,249.44068535459255
37135,832.0618807554777,574.4855427901058
37137,23.0,181.08810329895283
37139,137.2436033156896,347.32905632355516
37141,14.418549485649866,23.87216590614061
37143,13.0,96.7982129560685
37145,118.0,299.91104333460413
37147,625.7933959496405,350.71617691214095
37149,12.0,58.37427640219877
37151,138.87740132268925,97.03699137962327
37153,217.0,482.25437251372307
37155,819.1632234362327,617.7887895835717
37157,286.0,314.0200050506714
37159,486.78719037447644,346.97153901356876
37161,34.0,51.05181759485878
37163,279.0,440.16723199495146
37165,218.83677656376736,623.8931935333771
37167,169.0,274.4041046957199
37169,0.9787470069552658,2.1378890958154386
37171,89.0,123.66091898125633
37173,38.0,266.4796633941094
37175,55.0,162.84233900814212
37177,4.0,97.68009768009767
37179,637.9814596086794,276.11909804619694
37181,346.0,777.895186492502
37183,1814.8922795519813,169.76222332979896
37185,44.0,221.12775153281737
37187,37.0,310.3506123133702
37189,56.75830790683547,103.33783870156662
37191,493.9564769677384,399.6314628024711
37193,160.0,233.6823964129752
37195,275.4989588493422,338.3053464104405
37197,77.0,204.77634168395298
37199,9.0,50.67567567567568
38001,4.0,173.08524448290783
38003,22.0,205.49224733794136
38005,1.0,14.549687181725593
38007,0.0,0.0
38009,4.0,61.519532451553374
38011,1.0,31.76620076238882
38013,0.0,0.0
38015,251.0,264.7874843079131
38017,660.0,372.9340302302585
38019,2.0,52.590060478569555
38021,3.0,60.75334143377885
38023,2.0,85.65310492505353
38025,10.0,227.53128555176335
38027,1.0,43.4593654932638
38029,3.0,90.6344410876133
38031,1.0,30.67484662576687
38033,0.0,0.0
38035,188.0,267.7147413989519
38037,1.0,42.49893752656183
38039,3.0,124.53300124533001
38041,1.0,39.26187671770711
38043,4.0,162.20600162206003
38045,3.0,72.72727272727272
38047,3.0,160.25641025641025
38049,6.0,102.07553589656345
38051,2.0,77.01193685021178
38053,57.0,427.4786260686966
38055,12.0,125.20868113522538
38057,7.0,82.7227605766958
38059,88.0,285.0848775430867
38061,4.0,38.755934502470694
38063,5.0,172.77125086385627
38065,0.0,0.0
38067,6.0,86.36821649632935
38069,1.0,24.23654871546292
38071,23.0,198.5668652335319
38073,5.0,94.0910801656003
38075,2.0,81.9000819000819
38077,23.0,141.5036298757229
38079,4.0,27.56529529322583
38081,7.0,180.78512396694217
38083,1.0,70.97232079489
38085,0,0.0
38087,0.0,0.0
38089,58.0,186.60918245873685
38091,0.0,0.0
38093,40.0,190.79418077748628
38095,0.0,0.0
38097,3.0,37.46253746253746
38099,13.0,120.91898428053204
38101,178.0,258.6758123583096
38103,3.0,75.45271629778672
38105,151.0,428.8798000454442
39001,14.0,50.40322580645161
39003,313.0712376467568,303.4371094225896
39005,75.49442203680327,141.01617983563074
39007,62.0,63.375242768067054
39009,29.0,43.99472063352398
39011,10.0,21.867961249972666
39013,73.0,107.31506527108078
39015,18.0,41.31093362709997
39017,637.350961686762,167.7155515084146
39019,5.0,18.293575296355918
39021,43.0,110.69635731754408
39023,337.0,250.13731573712573
39025,238.22998722116233,116.62219420935618
39027,53.49376860885222,127.4966480178569
39029,78.43374625920379,76.00905733036514
39031,41.0,112.06778734454011
39033,41.770084887767695,99.87825467532507
39035,6830.0,547.5164956379049
39037,27.0,52.41395375924524
39039,36.0,94.33962264150944
39041,689.1327822985337,342.62201123550534
39043,90.95281067257177,121.62718731288014
39045,609.1244999496773,394.3650983443142
39047,58.0,202.65548567435357
39049,4199.109304103411,325.42153384353287
39051,34.17852563086901,80.89017497188131
39053,43.0,142.91411858548258
39055,26.0,27.70584913099539
39057,274.93227743306807,165.1225074972481
39059,31.0,79.26158881133186
39061,3262.9646523189385,401.058108248629
39063,128.4236419904811,169.34166962100437
39065,39.0,124.10501193317423
39067,4.0,26.296758924462562
39069,36.0,132.3140252866804
39071,63.50623139114778,147.6339766392686
39073,52.0,183.16308559351884
39075,4.505577963196732,10.263041760316922
39077,21.438246982023603,36.74771076299491
39079,46.0,141.75654853620955
39081,102.0,153.68157779753207
39083,89.52272872197966,145.61039788223948
39085,363.0,157.85765848821939
39087,85.0,141.2335504453011
39089,244.1217383935809,140.5017199387516
39091,58.0,127.99011386706682
39093,548.6089423454046,178.31083379770683
39095,2845.821474369131,660.1271797322051
39097,46.43766486186311,105.21732154041715
39099,400.255633103807,174.0537017597797
39101,127.0,194.48996156143278
39103,74.60521152479436,41.917750042024025
39105,17.0,73.66322904931103
39107,11.0,26.905390861950885
39109,75.90174101823902,72.03285630604154
39111,22.0,157.79658585568785
39113,2244.05777994039,422.07718696567235
39115,30.0,204.91803278688525
39117,36.0,102.73093057101275
39119,128.41021505816477,149.08710575537816
39121,5.0,34.68368479467259
39123,24.0,59.06674542232723
39125,31.0,164.81471635918976
39127,32.58978494183524,90.47189201553284
39129,78.0,135.03687545445104
39131,44.0,157.14285714285714
39133,430.23246453409485,264.7405188166308
39135,17.0,41.36957632686833
39137,16.0,47.18233021733361
39139,277.22991511223233,228.92643692174428
39141,217.0,282.0086292041379
39143,41.0,69.45738535296209
39145,183.0,240.66280904786953
39147,9.0,16.259868837058047
39149,59.0,121.02812365381854
39151,1325.3106206369891,355.87980275104167
39153,2172.5888358873926,401.33980793509966
39155,395.0,197.13825130884825
39157,57.0,61.73173769426544
39159,36.551281670953664,64.4563839930761
39161,40.505120362762106,143.32514901370124
39163,11.0,84.07857525032485
39165,257.5626003814399,112.40795715196477
39167,67.0,110.87942276503493
39169,179.57348805371782,154.67272590954084
39171,12.0,32.59452411994785
39173,83.0,63.772570111409905
39175,20.0,90.9090909090909
40001,71.0,319.53195319531955
40003,3.0,51.3083632632119
40005,13.0,94.0461549591261
40007,1.0,18.59773107680863
40009,30.0,134.72247170828092
40011,20.382211971122118,213.2922977304533
40013,116.0,249.69326473943644
40015,74.0,253.06066616510498
40017,695.9027286008737,495.46312242417406
40019,249.0,515.3252343798506
40021,90.38868824531517,185.7403588799013
40023,79.0,533.5314378334572
40025,3.0,137.9944802207912
40027,1582.0501759441606,566.4867391680431
40029,8.0,143.34348683031715
40031,895.0,735.040488822457
40033,1.0,17.070672584499828
40035,27.0,187.63029881862403
40037,96.15040608357424,134.61353001466426
40039,68.0457933972311,233.41723860191786
40041,85.0,200.31579195437513
40043,3.0,60.950832994717594
40045,11.0,273.972602739726
40047,225.0,363.50124398203496
40049,98.07469962135893,352.3430918676448
40051,119.58388642676901,217.14493367973893
40053,5.0,113.71389583807142
40055,13.0,221.8051527043167
40057,8.0,295.2029520295203
40059,0.0,0.0
40061,13.0,102.4670922992039
40063,33.51702205811279,250.65077817912643
40065,57.0,227.42688425168575
40067,15.0,243.58557973367974
40069,20.0,180.76644974692695
40071,202.0,454.9344624116031
40073,35.804052539561575,228.13847673991066
40075,15.0,168.8048615800135
40077,27.0,260.91998453807497
40079,106.0,211.8898172950066
40081,79.62560899907828,228.18629889404866
40083,68.0,145.6633035580404
40085,23.0,228.5600715492398
40087,58.34141395187205,148.65190702951068
40089,114.0,345.28713351102493
40091,66.0,334.6007604562738
40093,13.0,169.0067602704108
40095,31.0,187.8218721599515
40097,106.0,258.25942890556473
40099,27.0,193.60390076007457
40101,496.61131175468483,722.4908515984125
40103,18.0,158.8001764446405
40105,28.0,271.2652586708002
40107,53.09744962216625,440.02195758818476
40109,3698.6004257684513,469.8329843103356
40111,120.01275586723253,309.7183304529989
40113,396.18900787385746,838.9213735524021
40115,99.0,314.7453424047816
40117,27.11175908195757,165.1947299656201
40119,212.0677882042782,259.2040435180324
40121,179.0,405.47274951297965
40123,94.48297794188721,246.33809918364543
40125,532.4922943144693,737.9941435186813
40127,16.0,143.78145219266716
40129,9.0,245.43223343332426
40131,172.77449207835008,189.1284271762833
40133,78.76811086136144,317.2040546929826
40135,164.0,393.2005082835839
40137,75.0,171.83311567805347
40139,51.0,245.13338139870223
40141,26.0,350.7351949278295
40143,3992.520133587151,617.6365690963835
40145,528.3411264899962,669.1419824336941
40147,63.109472112357736,121.63102207215383
40149,28.954206602768902,257.9439341003911
40151,15.0,165.87415680636957
40153,50.0,241.23124427075797
41001,38.0,237.21830326487296
41003,154.34722305752817,169.41313297279922
41005,1561.4127648083495,380.4028048346256
41007,165.0,421.97330059843483
41009,70.0,136.2530413625304
41011,167.0,262.22403667996105
41013,59.0,256.3991134674721
41015,77.0,339.95584988962474
41017,331.0,177.71716661923963
41019,309.0,283.1900581043679
41021,10.0,532.4813631522896
41023,5.0,69.55070246209486
41025,18.0,247.69505985963946
41027,36.0,155.11224094101425
41029,617.0,284.89107649117625
41031,36.0,152.49714067861228
41033,213.0,246.95365850830714
41035,124.0,185.29310679756728
41037,14.0,178.63978563225723
41039,1153.0,308.83377082552096
41041,146.0,300.7394895668115
41043,154.65277694247183,123.67473045748179
41045,120.0,394.5810864132579
41047,944.3208423433441,278.034996464898
41049,36.0,318.4995134035212
41051,2315.3529777506856,287.76233060040386
41053,285.6791576566559,344.03838970176656
41055,9.0,548.1120584652863
41057,61.0,231.15692144454127
41059,206.0,267.0850134190771
41061,24.0,91.12655199908873
41063,1.0,14.277555682467161
41065,62.0,237.275162648297
41067,2323.93228656908,394.23362017928997
41069,0,0.0
41071,164.3019708718847,156.7303286927385
42001,150.0,146.38430760222505
42003,3411.3886578801093,279.22286975668464
42005,138.0,209.51310975146887
42007,427.2528666455496,257.6404374554821
42009,71.0,146.88540869313363
42011,861.1794292947831,206.01146565272006
42013,402.0,326.412627784048
42015,107.0,175.51629677017206
42017,557.0,88.86322083706919
42019,167.0,89.35307305015007
42021,293.0,220.28584531873784
42023,18.0,390.3708523096942
42025,288.0,450.7959365755161
42027,188.0,116.07804396147198
42029,599.0,115.28986065132034
42031,32.427634122364225,83.75987116715544
42033,157.0,196.47594733944035
42035,47.0,120.7760503661827
42037,80.0,121.73780719774786
42039,143.0,166.92931769100565
42041,201.47180618377843,80.80592881015306
42043,1010.0,366.4306031230046
42045,1615.0,286.0665233086649
42047,46.0,151.61502966381013
42049,762.0,278.2697609874559
42051,298.0,226.95770056815587
42053,11.0,150.4170654997949
42055,229.52819381622157,148.90214783046156
42057,23.0,158.55508065628015
42059,60.0,162.73393002441009
42061,91.0,200.57748683021447
42063,171.0,201.10076206604572
42065,67.0,152.80755371071476
42067,66.0,268.03118908382066
42069,1402.0,665.5526650589597
42071,888.8205707052169,164.29246092972758
42073,159.74713335445043,184.19538708182046
42075,225.0,161.0259860157877
42077,680.0578398798552,186.29067636387563
42079,648.0,203.98976273598123
42081,178.0,155.68967025277703
42083,133.0,321.24827902707665
42085,255.0,228.66263742176153
42087,75.0,162.07105194917452
42089,394.0,234.4791468291754
42091,860.0,104.39135591018943
42093,74.0,405.2795881483104
42095,340.94216012014476,112.5931396095046
42097,274.0,298.60180250869104
42099,66.0,143.31313920917205
42101,11404.0,722.1949559077308
42103,91.0,164.1029340161939
42105,84.0,499.8214923241699
42107,254.0,178.0282321936723
42109,55.0,135.85949657881088
42111,103.0,138.51346808138675
42113,9.0,146.6992665036675
42115,33.0,80.54674151818404
42117,59.0,144.0992575224697
42119,39.0,86.45341490988893
42121,97.57236587763578,188.2982088803809
42123,142.0,357.17879062279906
42125,316.5800374539174,152.7807450600918
42127,51.0,99.17933958227997
42129,506.03130466597304,143.51833706740777
42131,46.0,168.33168661031215
42133,1024.0,229.820564900744
44001,38.0,77.92633910261668
44003,170.0,103.74140319401474
44005,109.0,131.6409222110844
44007,1864.0,293.20300690379827
44009,89.0,70.60130096779311
45001,70.28700090880062,285.4062651106534
45003,803.138223000799,477.20347650982404
45005,88.0,975.1773049645391
45007,960.2285076795526,484.8071874139433
45009,74.0,514.7468002225932
45011,176.0,824.51044692214
45013,742.3828181601583,398.92679446527757
45015,794.3259897987422,369.37835503373367
45017,71.0,484.2119620814295
45019,1641.3827191657433,409.15401871193734
45021,233.46825618909665,410.3493385870404
45023,200.0,618.9842468509177
45025,246.0,535.3295758709986
45027,205.0,603.7046853373384
45029,244.0,649.1951576426766
45031,588.0,877.2584182493623
45033,310.0,1010.1339242073708
45035,663.2912910355146,419.0116747645372
45037,18.861776999200934,70.04782188584296
45039,171.0,757.8107688898738
45041,1093.0,789.3121502076187
45043,299.0,482.6317148760331
45045,2343.7583866225705,462.2770253080496
45047,545.0400576611461,774.0836767850848
45049,125.61718183984168,642.0833256994565
45051,1515.0,456.08901412521226
45053,60.0,209.3729280803992
45055,252.0,387.0254330998894
45057,288.0,311.99896000346666
45059,384.2419190414203,574.8166218493558
45061,150.0,863.8065073423552
45063,1344.9191049779329,463.32105945952947
45065,17.0,178.36533417269962
45067,168.0,536.6040628593331
45069,192.0,717.6765222591858
45071,172.0,450.33251296015084
45073,264.0,340.522133938706
45075,952.0,1085.6797472829496
45077,319.44443375050065,257.55624390303933
45079,3137.093262166226,762.6206098756618
45081,52.98763285584115,260.9842528485502
45083,1623.5314381469127,527.7768907917679
45085,803.0,752.1755013722753
45087,132.0,480.1746089487086
45089,124.0,395.86259736942924
45091,991.0,372.73575254257685
46003,5.0,180.96272167933404
46005,62.0,337.94832661070535
46007,27.0,788.3211678832116
46009,2.0,28.864193967383457
46011,65.0,187.85584231669606
46013,174.0,447.128356674804
46015,19.0,361.3541270445036
46017,0,0.0
46019,17.0,166.25916870415648
46021,2.0,134.6801346801347
46023,19.0,203.2302920098406
46025,1.0,27.137042062415198
46027,28.0,200.6161782618041
46029,76.0,271.1767644330265
46031,1.0,24.096385542168672
46033,8.0,91.75364147264595
46035,64.0,322.0773992250013
46037,6.0,109.3693036820999
46039,1.0,23.158869847151458
46041,0.0,0.0
46043,0.0,0.0
46045,0.0,0.0
46047,11.0,163.03542315103007
46049,0.0,0.0
46051,0,0.0
46053,0.0,0.0
46055,1.0,49.554013875123886
46057,5.0,82.98755186721992
46059,4.0,122.85012285012284
46061,1.0,29.42041776993233
46063,3.0,229.70903522205208
46065,69.0,391.8673330304407
46067,2.0,27.367268746579093
46069,0,0.0
46071,2.0,60.79027355623101
46073,1.0,49.554013875123886
46075,0.0,0.0
46077,0.0,0.0
46079,19.0,149.40630651883305
46081,36.0,141.2983750686867
46083,264.6290101832994,465.6829799445665
46085,2.0,51.975051975051976
46087,7.0,126.17159336697908
46089,3.0,130.605137135394
46091,6.0,122.67429973420569
46093,53.411106775913645,192.70161552806454
46095,0.0,0.0
46097,0.0,0.0
46099,750.3709898167006,397.7076808763797
46101,21.0,322.7293683725219
46102,0,
46103,695.5888932240864,628.4400715761724
46105,2.0,69.03693476009664
46107,4.0,172.78617710583154
46109,14.0,136.09409934869254
46111,3.0,126.10340479192938
46115,13.0,200.52444855776648
46117,0.0,0.0
46119,4.0,306.51340996168585
46121,0.0,0.0
46123,14.0,256.5042139978014
46125,18.0,216.86746987951807
46127,17.0,110.61946902654867
46129,13.0,238.22613157412496
46135,93.0,409.3850420390017
46137,0.0,0.0
47001,276.5752846657583,363.62299294744787
47003,261.0,540.4621883541788
47005,20.0,123.91573729863693
47007,21.0,141.54758695066056
47009,459.0,353.2753007458034
47011,670.0,633.5757312125884
47013,134.49596920368037,337.95504486187497
47015,27.0,190.43588658484975
47017,57.84647736976943,207.4391356586439
47019,191.62166850284802,339.55605497288474
47021,103.0,256.3400612229661
47023,64.0,372.30948225712626
47025,72.0,226.90028992814825
47027,18.0,235.17115233864646
47029,206.0,579.4329432943294
47031,230.4460044979058,417.40659040719044
47033,54.0,375.02604347524135
47035,87.0,146.91975141853553
47037,7549.836971036541,1098.1772730631722
47039,36.29463227693316,310.58216906497654
47041,42.0,211.61888446616615
47043,244.0,463.17388003037206
47045,211.10402620203303,564.2078955581383
47047,75.61219077232613,188.25861660274407
47049,39.0,214.13276231263384
47051,246.54648416931107,590.8843239528126
47053,177.93369781793206,361.44815515140175
47055,98.0,334.6423083489841
47057,51.0,220.7696636509242
47059,220.0,319.60949530755147
47061,86.27683088736589,646.55898446767
47063,259.9014013971531,405.2600907458883
47065,2404.0,666.0774301158987
47067,21.0,318.8097768331562
47069,125.38780922767387,492.8184932109966
47071,105.9924940359588,412.18158287364884
47073,180.1708875274383,318.26126994301165
47075,187.0,1061.113317823299
47077,131.70536772306684,470.7630114846726
47079,87.92625960717336,272.35243342576314
47081,99.0,398.9844033369605
47083,25.0,306.22243998040176
47085,44.0,238.67643070246814
47087,26.0,222.56462934429035
47089,244.09859860284695,454.7376042825816
47091,34.0,191.51692671661127
47093,1844.0,399.90978174121244
47095,34.0,459.3973787326037
47097,171.0,657.9706799030358
47099,115.0,265.03802719520627
47101,39.0,324.27039161885756
47103,116.0,341.9408088668789
47105,115.0,219.7172334734429
47107,240.0,452.37781086837697
47109,78.0075059640412,301.83990854372854
47111,83.0,348.12515728546265
47113,798.5402885879076,817.9670049556033
47115,85.73068044541725,300.4088599250727
47117,87.0,263.9162748369483
47119,421.22943928914657,457.97755859044383
47121,72.0,594.8446794448116
47123,302.0,655.6095866620354
47125,1047.0,523.0292736537117
47127,7.0,109.75227343994983
47129,42.42895255539849,196.93178257321185
47131,138.42198739212728,455.8603240313759
47133,27.0,122.34910277324632
47135,13.0,163.2755589047978
47137,8.0,157.51132112620596
47139,29.0,172.47531818722493
47141,233.0,300.85090448952184
47143,107.0,327.0271096304899
47145,182.4997935751628,343.8526492231047
47147,241.20714023892762,343.2087937378025
47149,1193.0,377.7527983154695
47151,41.0,186.62661022349675
47153,56.0,377.9697624190065
47155,336.0,346.1490913586352
47157,13435.0,1434.7899450433267
47159,72.0,364.741641337386
47161,23.0,171.2966410962985
47163,742.3576514191404,472.68873060753924
47165,424.9558887245308,231.66312615477293
47167,287.0,467.06918157111005
47169,31.0,303.00068419509336
47171,51.0,286.33990230756274
47173,31.0,159.07224958949098
47175,5.0,86.80555555555556
47177,213.0,523.3158075770232
47179,296.8497925505731,232.26774582416425
47181,29.0,173.7255136883724
47183,75.22726302305722,224.49198156686725
47185,63.0,235.07462686567166
47187,369.77056071085343,164.05883193538878
47189,295.0,215.8547114863975
48001,137.832517281106,238.42331306193736
48003,85.0,471.2796628964294
48005,295.0,337.83010008932456
48007,88.96993443853336,363.70670606873256
48009,6.0,68.83891693437356
48011,1.0,50.68423720223011
48013,82.02413141898279,165.61163668830315
48015,46.0,154.54911974197017
48017,7.0,98.59154929577464
48019,19.0,85.5277965338735
48021,259.64455318925025,307.1916816796222
48023,5.0,139.78194017332962
48025,51.0,156.38894851430499
48027,1016.0,291.4732596234946
48029,11987.426995295684,613.8448915399591
48031,18.0,156.82174594877156
48033,1.0,163.13213703099512
48035,27.0,147.57324005247048
48037,412.0,441.2410439848778
48039,559.9977336432287,155.2629454174313
48041,654.0,293.2985321619331
48043,19.0,205.8281876286426
48045,0.0,0.0
48047,16.0,224.05825514633807
48049,126.0,332.8490291903315
48051,27.0,149.51821907187949
48053,120.13128727229679,258.18028642230126
48055,98.35496341903436,233.37833005655457
48057,76.0,350.7476462986893
48059,9.0,64.95381062355658
48061,1594.0,378.0243130819179
48063,29.0,225.19024693275352
48065,29.0,482.60941920452655
48067,95.4168080693816,317.43174446715324
48069,29.0,377.9486511142969
48071,86.86354759611642,210.29790000270287
48073,116.7963600854178,224.09985050350704
48075,5.0,68.93699158968703
48077,16.0,153.80178794578487
48079,3.0,103.91409767925182
48081,2.0,60.551014229488345
48083,27.0,323.97408207343415
48085,3792.478756684101,389.3807304160263
48087,0.0,0.0
48089,39.0,183.75424048247265
48091,248.1551582325564,175.1988521995993
48093,18.0,133.04752753344667
48095,11.0,336.80342927127987
48097,120.68731025343789,301.4093310692487
48099,133.00809219695867,176.68450079298444
48101,0.0,0.0
48103,7.0,145.7725947521866
48105,2.0,57.4052812858783
48107,5.0,85.67511994516792
48109,0.0,0.0
48111,20.268557773837973,277.49942187620445
48113,10689.338694547652,410.0452610008506
48115,76.0,593.147584484508
48117,89.0,475.0213492741247
48119,1.0,19.051247856734616
48121,4551.469235789488,545.8562182083812
48123,82.0790366938381,403.5350869903545
48125,1.0,45.392646391284615
48127,11.0,105.38417321325925
48129,4.0,119.68880909634949
48131,17.509877488514547,155.39472389523027
48133,37.0,202.4845400317408
48135,818.2046625662365,509.53403780459246
48137,2.0,104.27528675703859
48139,226.2503748942553,130.19955740525245
48141,2845.0,340.28576828034284
48143,102.0,243.78002437800242
48145,38.0,220.00926354793884
48147,64.0,185.30850971421953
48149,56.0,222.74372538880712
48151,0.0,0.0
48153,29.0,499.7415130105118
48155,0.0,0.0
48157,4556.171250499723,595.2713570396061
48159,5.972731563850259,55.73657674365678
48161,50.0,253.62686415745156
48163,25.0,125.81148407226613
48165,38.0,183.52168453588334
48167,779.8939314370978,234.2832904567937
48169,15.0,247.11696869851727
48171,25.0,94.48580823160361
48173,1.0,66.2251655629139
48175,22.0,290.81295439524126
48177,107.77938315403983,519.8947622113734
48179,142.0,633.6456938866577
48181,337.0,257.2244187644069
48183,371.9647025341033,301.32506706261455
48185,36.0,128.6449399656947
48187,332.943067441278,209.44294216453707
48189,62.19977911255219,183.881567766074
48191,4.0,131.23359580052494
48193,14.0,168.02688430148825
48195,5.0,90.57971014492753
48197,5.0,126.74271229404309
48199,89.0,156.78675240024663
48201,29616.418863264633,637.3741585464011
48203,310.5889602837551,466.48987726607857
48205,15.731442226162029,277.49942187620445
48207,9.89228251977093,172.7607844877913
48209,417.2492896559821,195.55566006579403
48211,4.0,100.150225338007
48213,208.3331357544183,256.97932127102297
48215,2317.0,270.93837993582605
48217,57.0,159.71307685841577
48219,157.0,680.7145334720777
48221,81.0,138.89365204568057
48223,60.0,164.446637066272
48225,38.0,165.54848828090965
48227,207.0,569.4792153841921
48229,8.0,181.2004530011325
48231,484.7776873872621,514.8336774784543
48233,54.0,252.99850074962518
48235,6.0,370.3703703703704
48237,15.0,169.45323090826932
48239,16.0,107.99136069114472
48241,107.0,301.3575170393736
48243,4.0,178.491744756805
48245,1737.0389085396664,682.9593884326754
48247,5.0,95.58401835213152
48249,215.49012251148545,525.9448465085558
48251,363.47775346427227,217.37539977051426
48253,69.37217897257983,347.8522738433527
48255,55.0,353.8115149565777
48257,268.5711502129069,216.93253062332954
48259,43.12281702735035,98.52365150528995
48261,0.0,0.0
48263,4.0,618.2380216383308
48265,104.0,200.60567482591674
48267,10.0,228.67596615595698
48269,0.0,0.0
48271,0.0,0.0
48273,149.0,481.0486214244205
48275,3.0,80.97165991902834
48277,288.0,580.5164177299389
48279,42.0,320.0487693362798
48281,54.991907803041336,263.59844599291216
48283,6.0,80.90614886731392
48285,32.92096330616189,164.43216275991153
48287,51.0,298.9799507562434
48289,11.0,63.860667634252536
48291,187.2554590780766,223.7168276481764
48293,37.0,158.0048682581031
48295,0.0,0.0
48297,5.0,41.18955432902216
48299,31.868712727703212,151.41688947452468
48301,1.0,1020.408163265306
48303,2684.8002208874477,880.8168489302932
48305,1.0,17.152658662092623
48307,12.0,148.93881097182575
48309,1069.0,425.7454528075702
48311,0.0,0.0
48313,27.0,190.18102416003381
48315,22.0,219.62663472097432
48317,9.0,159.32023366967604
48319,8.0,191.11323459149546
48321,166.0,451.40588459237506
48323,51.0,87.66803039158387
48325,431.08890661219226,861.1960497276949
48327,3.0,141.5762151958471
48329,1002.7953374337635,596.3092268005992
48331,39.04327590002341,157.62323738402668
48333,14.0,286.35712824708526
48335,14.0,164.261410301537
48337,63.0,323.2592744625173
48339,3609.76693457243,631.134407888191
48341,49.0,228.9826627412496
48343,27.5831919306184,222.93050942066114
48345,1.0,79.87220447284345
48347,178.0,272.4253508624252
48349,240.0,489.84590264312686
48351,28.0,201.2361650136553
48353,34.0,228.12667740203975
48355,3007.8946160128917,831.9673109511788
48357,11.0,108.57763300760044
48359,0.0,0.0
48361,292.9610914603335,348.4769551919655
48363,14.097966751051732,49.397220571309504
48365,72.60525155029708,311.24984588801425
48367,373.0485534888257,278.7876583306497
48369,9.0,92.61164848734307
48371,28.0,177.04710717673095
48373,113.0,231.02242757549115
48375,721.0053527788726,602.4745164186646
48377,6.0,86.02150537634408
48379,8.0,67.99252082270951
48381,851.9946472211274,635.6935573852293
48383,7.0,185.87360594795538
48385,3.0,88.02816901408451
48387,31.0,254.7038041245584
48389,100.0,645.4944487477408
48391,9.0,125.96221133659901
48393,0.0,0.0
48395,31.0,182.46027074749853
48397,86.76634280569816,89.28874999300042
48399,15.0,145.95699133988518
48401,124.540524344481,231.68174931537717
48403,13.0,124.15242097220897
48405,13.0,156.89114168476948
48407,44.0,156.139105748758
48409,167.13544954857508,249.42611262621642
48411,13.0,216.9921548990152
48413,4.0,134.09319477036541
48415,166.0,970.987365465606
48417,4.0,121.35922330097087
48419,73.0,287.97980196457456
48421,0.0,0.0
48423,776.012479760388,341.18087121085955
48425,4.0,45.14672686230248
48427,146.0,227.84731108960952
48429,14.0,149.508756941478
48431,2.0,162.46953696181964
48433,1.0,67.75067750677506
48435,3.0,78.45188284518828
48437,36.0,484.3918191603875
48439,6524.870520685525,318.3220810474114
48441,469.73553850764927,343.198318482976
48443,0.0,0.0
48445,26.0,207.5351213282248
48447,4.0,278.5515320334262
48449,140.0,428.921568627451
48451,421.0,356.82199583001375
48453,3995.097095298537,325.6505390260504
48455,6.0,41.03967168262654
48457,69.0,320.661771540106
48459,83.49172144155757,203.54898201169627
48461,2.0,54.65974309920743
48463,69.0,256.3150074294205
48465,67.0,136.82125426290102
48467,52.0,94.36872765548155
48469,448.0,486.38026685774463
48471,247.0,341.532888096127
48473,152.63227990869674,294.47499596522755
48475,63.0,540.4014410705096
48477,143.0,406.6774734806473
48479,896.0,327.5739783420955
48481,146.0,351.15568703850687
48483,5.0,93.66804046459347
48485,438.0,332.83686434238126
48487,51.0,397.4129198160991
48489,154.0,713.3592736705577
48491,1661.849746509128,303.476553587835
48493,51.22061684596017,104.16410803888347
48495,32.0,406.76242532096103
48497,111.0,167.44607029717906
48499,92.02726843614974,207.4274634543338
48501,4.0,46.34457189201715
48503,35.0,194.0563317808827
48505,52.0,363.5346756152125
48507,21.0,174.433092449539
49001,4.0,61.37793463249962
49003,61.0,113.07603900196493
49005,156.0,125.63927032577618
49007,37.0,182.1942091786488
49009,0.0,0.0
49011,475.0,137.37574725176202
49013,53.0,263.0534048044471
49015,0,0.0
49017,0,0.0
49019,58.0,601.6597510373444
49021,162.0,316.32593286860754
49023,8.0,70.79019555791523
49025,18.0,240.5130946018172
49027,20.0,155.59358954411078
49029,4.0,34.293552812071326
49031,0,0.0
49033,3.0,125.57555462536627
49035,4382.6291054868625,386.595913141039
49037,6.0,39.21056071101817
49039,48.0,160.80402010050253
49041,18.0,84.58646616541354
49043,87.0,211.66338223487335
49045,121.0,179.53321364452424
49047,60.0,166.27868307283006
49049,589.3708945131375,97.33784117213125
49051,42.0,132.45868550523528
49053,297.0,179.11960002653623
49055,3.0,111.56563778356265
49057,623.0,247.7156875999014
50001,46.0,124.72208665473673
50003,102.0,285.346612208359
50005,91.0,300.9856452999934
50007,333.0,204.73912669232564
50009,0.0,0.0
50011,106.0,215.81562016450852
50013,4.0,56.96382796923954
50015,24.0,94.79421755272928
50017,11.0,38.051750380517504
50019,86.0,319.6907178171815
50021,115.0,195.27270257420363
50023,147.0,251.92802056555269
50025,103.0,240.52495154473064
50027,123.0,222.52374491180464
51001,124.0,379.51825666452424
51003,142.0,132.20985987616965
51005,33.0,217.72118493105495
51007,26.0,200.7257006098973
51009,79.0,248.62313139260425
51011,20.0,127.33176290825746
51013,305.0,130.64112668334306
51015,100.48324890739751,133.8366905624709
51017,3.0,69.65405154399815
51019,93.0,118.65877309380423
51021,11.0,172.19787100814025
51023,36.0,107.96868908016675
51025,11.0,66.5859564164649
51027,53.0,243.25316688085184
51029,24.0,140.68819977724368
51031,99.0,179.26663648709825
51033,71.0,233.69869326223628
51035,45.0,151.00164424012618
51036,4.0,57.02879954376961
51037,21.0,174.41860465116278
51041,481.0,140.00832481931357
51043,9.0,62.40033280177494
51045,6.0,117.41682974559687
51047,49.0,95.8885344709497
51049,21.305020012832657,216.86706039121188
51051,21.0,142.31499051233396
51053,98.0,344.0407231876426
51057,40.0,363.7024913620658
51059,1119.0,97.6557386491567
51061,58.0,83.18035796236806
51063,22.0,140.0916963830871
51065,39.0,146.6496202150861
51067,80.0,142.38168971470267
51069,87.0,100.67696580454782
51071,21.0,125.20868113522538
51073,41.0,110.1499113427543
51075,14.0,61.22895254756178
51077,26.0,165.16325752763308
51079,18.0,92.21783902863876
51081,16.0,138.82863340563992
51083,77.0,222.85251215559157
51085,195.0,184.76932260723726
51087,466.0,142.27487138779063
51089,128.0,249.47376627426524
51091,1.0,45.37205081669691
51093,46.0,125.59041144510878
51095,93.0,124.1390357200064
51097,16.0,227.2081794944618
51099,26.0,99.12692058408632
51101,17.0,101.86960690316396
51103,31.468010823077595,293.43538626517716
51105,29.0,121.09570736595957
51107,512.0,129.576295636417
51109,43.0,119.3118756936737
51111,26.0,211.69190685556097
51113,16.0,121.48823082763857
51115,5.0,56.89576695493855
51117,74.0,240.8227024212445
51119,16.0,149.88290398126463
51121,152.0,154.8807825555329
51125,33.0,222.50691119951455
51127,48.0,221.34095729964034
51131,25.0,210.34917963819942
51133,21.531989176922405,176.6364985801674
51135,31.0,200.86826929307327
51137,49.0,136.07331296861983
51139,43.0,180.76341012275097
51141,38.0,214.1086319585305
51143,86.0,140.39441034347655
51145,22.0,76.34912372028457
51147,47.69497998716734,208.22955680928766
51149,75.0,196.7780867922548
51153,759.0,164.4911502027424
51155,100.0,292.5516353636417
51157,5.0,67.76904310111142
51159,2.0,22.512381809995496
51161,217.0,231.28657152297413
51163,45.0,199.37970757642887
51165,62.51675109260248,77.8695021331803
51167,73.41356453898547,270.4895344275652
51169,32.0,146.1053785042462
51171,76.0,175.82824356838793
51173,55.0879676560032,179.048875925515
51175,20.0,111.85682326621924
51177,172.0,129.48589582407988
51179,345.0,235.05685650630565
51181,3.0,45.991108385712096
51183,12.0,105.47596027072163
51185,79.0,189.890152152489
51187,67.0,169.65461359262633
51191,50.91203234399679,94.15774138447003
51193,27.0,152.1041068108839
51195,73.58643546101452,191.2031270098595
51197,38.0,131.74317015670502
51199,83.0,122.09114177282221
51510,294.0,186.5328367583892
51520,53.0,313.38694418164613
51530,6.0,92.53547193090685
51540,159.0,337.60828945133346
51550,1124.0,468.36846096790595
51570,71.0,407.3904062428277
51580,5.0,89.31761343336906
51590,110.0,267.8354029705381
51595,12.0,220.5071664829107
51600,18.0,76.4948365985296
51610,10.0,70.78142695356738
51620,16.0,196.39130968454646
51630,111.0,387.8135699811334
51640,30.0,460.3345097437471
51650,387.0,286.57963137121317
51660,116.0,217.74632553075668
51670,75.0,333.9864624153901
51678,7.0,96.6717304239746
51680,316.0,392.2104035050702
51683,105.0,255.01530091805506
51685,22.0,129.5184269398328
51690,65.0,505.7578586990351
51700,1059.0,589.4040840860897
51710,1338.0,547.0132992097334
51720,6.0,151.13350125944584
51730,240.0,765.2573177731012
51735,23.0,190.2398676592225
51740,891.0,936.9380737562699
51750,49.0,276.97699395172685
51760,1071.0,472.59312864593903
51770,387.0,390.00695361235125
51775,21.0,82.94821661334282
51790,53.0,216.92861820563195
51800,270.0,299.69032000266395
51810,582.0,129.2755902363611
51820,54.0,243.90243902439025
51830,23.0,154.08320493066256
51840,81.0,290.35380148403056
53001,26.0,132.69368173930795
53003,36.0,160.56375719191828
53005,449.0,227.32105428366023
53007,105.0,137.74285376956277
53009,199.0,263.9537351443124
53011,1264.975004741134,267.29416985900406
53013,9.0,225.45090180360722
53015,206.0249952588659,192.94704457740912
53017,23.0,54.73193251314757
53019,3.0,39.5882818685669
53021,206.0,223.89114108402438
53023,14.0,627.8026905829596
53025,238.0,249.20944063998658
53027,148.0,203.35536349771226
53029,87.0,104.98877706176235
53031,75.0,239.7315007191945
53033,8320.683593437163,378.9877482888726
53035,711.0,267.41185939627354
53037,60.0,130.72749852931565
53039,14.0,64.45375443119562
53041,170.0,217.54430865698382
53043,10.0,94.57159069415547
53045,143.0,224.12387938060309
53047,44.0,105.15749725156542
53049,30.0,138.3253412025083
53051,7.0,52.32862375719519
53053,4119.313147047289,469.69807141368364
53055,9.0,53.609721229449605
53057,181.0,144.09451326306404
53059,12.0,102.1015910831277
53061,1534.0032595155478,192.03654188685488
53063,2118.0,418.98695364041896
53065,39.0,87.33624454148472
53067,716.0,255.97849208647497
53069,4.0,93.72071227741331
53071,148.0,245.1751842955355
53073,462.0,209.21923186653441
53075,59.0,119.84318823505515
53077,686.0,274.73297636735725
54001,53.0,318.643660193591
54003,115.0,99.71472916612473
54005,25.0,111.76680972818313
54007,11.0,77.51937984496124
54009,15.765421858724586,70.19645513479935
54011,300.92027004946453,318.97759150453635
54013,4.0,54.83207676490746
54015,21.0,241.1298656562177
54017,2.0,23.364485981308412
54019,73.0,167.5234073802093
54021,13.0,161.67143390125605
54023,1.0,8.608815426997245
54025,50.30815965071258,143.10385336570212
54027,57.0,244.54073533828137
54029,21.234578141275414,72.2682440229909
54031,91.0,659.181455994205
54033,111.0,163.45644106732638
54035,85.0,294.0464247414121
54037,59.0,104.41369058153116
54039,978.4602378600102,533.863802104993
54041,14.0,86.60150934059136
54043,23.0,110.3117505995204
54045,166.0,500.6937322796646
54047,19.0,101.81662290338139
54049,76.0,134.85937361369886
54051,170.49565016133204,544.5753486691326
54053,17.0,63.3855331841909
54055,202.0,337.1217810711127
54057,39.0,143.55652077888615
54059,37.0,152.32606010703995
54061,231.0,219.01132032538825
54063,6.69184034928742,49.93538056329692
54065,61.0,344.457620418996
54067,131.0,522.3702049605232
54069,216.50434983866796,513.737393727708
54071,5.0,71.4183688044565
54073,3.0,40.0962309542903
54075,11.0,130.17751479289942
54077,25.0,74.22141733218538
54079,183.53976213998973,324.21791580990947
54081,197.0,261.78706213788337
54083,91.0,314.5523677843069
54085,7.0,71.10930516050387
54087,16.0,114.12268188302426
54089,14.0,108.96637608966377
54091,6.0,35.57874762808349
54093,1.0,14.322543683758235
54095,19.0,215.63954148223812
54097,15.0,61.21949228634397
54099,136.0797299505355,337.641689081546
54101,9.0,107.32172668733604
54103,45.0,291.52630215081626
54105,14.0,241.4625733011383
54107,238.0,280.13182674199624
54109,88.0,413.5144025186786
55001,36.84720401844859,183.3741615330377
55003,47.0,300.9540884933086
55005,57.0,126.02533772579541
55007,31.0,206.76315613953176
55009,674.917425365234,258.2249645577247
55011,16.0,121.89547463050434
55013,28.0,183.1382039374714
55015,70.06935920688927,140.3408091789963
55017,206.2860422821198,322.8667787549612
55019,23.162667721480858,66.98478186610619
55021,77.09541689987176,134.94025676906824
55023,29.0,178.6264243917462
55025,1334.5745855276343,248.95156778073982
55027,107.29350608182912,122.32059064222666
55029,14.0,50.96097845078626
55031,87.0,200.94699156946527
55033,97.0,216.71619115708575
55035,161.95816159516386,156.46015185884409
55037,11.0,254.98377375985166
55039,187.61729685989323,182.86820946021152
55041,11.0,122.29016120066704
55043,92.43280115725074,178.67280296377697
55045,19.193181540523653,52.019681105061935
55047,10.436690881996833,55.64751203410736
55049,21.152773930146683,89.56208794202169
55051,7.0,123.08774397749252
55053,16.0,77.96511061300068
55055,121.07258675339149,142.94115388648478
55057,67.0,253.04025983835638
55059,391.0,232.01443117894186
55061,23.0,112.81699121989503
55063,163.0,138.25979269513292
55065,15.414424912602584,92.21911404488533
55067,0,0.0
55069,55.0,198.2410611303345
55071,143.7462997529296,181.53223432838237
55073,322.4244634099642,238.1344082616652
55075,28.0,69.32237379614271
55077,11.0,71.87663355985363
55078,0.0,0.0
55079,8763.744388227611,921.3104339271225
55081,73.0,159.4896331738437
55083,37.0,98.28401423790045
55085,56.0,158.27704134987704
55087,269.1873434920406,144.95818174046343
55089,67.25561177238819,75.91183874441369
55091,12.0,165.17549896765314
55093,21.49607907642167,51.209183782599204
55095,77.0,177.26414659975137
55097,115.0,162.81572091969645
55099,11.0,81.99165175909363
55101,414.0,211.65427756362408
55103,16.0,91.6432785382897
55105,382.23223293184196,235.7246490526432
55107,16.0,113.21822813472969
55109,74.50392092357833,83.96510945721761
55111,96.05737908167964,150.27279978986834
55113,46.0,280.50490883590464
55115,31.08257463476604,75.98908330423929
55117,212.0,184.06292868429736
55119,35.0,172.2017220172202
55121,19.0,64.40896301569545
55123,15.0,48.966800509254725
55125,7.0,32.182428394096824
55127,106.6306955279727,103.45062336571075
55129,32.0,203.97756246812853
55131,118.0,87.45599407078006
55133,284.38591477691347,71.0121517640086
55135,77.513916731731,151.2614240057196
55137,37.56330911800317,155.26519703221248
55139,440.4830808164095,258.48277447841366
55141,60.16866499127132,82.2965655313373
56001,67.0,174.52461578536077
56003,3.0,25.24827470122875
56005,116.0,244.67928030542726
56007,36.0,236.11202203712205
56009,22.0,158.03462394942892
56011,5.0,66.91648822269806
56013,49.0,123.07846880337586
56015,23.0,172.38794783390796
56017,15.0,325.59149120902975
56019,12.0,141.39271827500883
56021,222.0,225.79332790886897
56023,18.0,93.39005914703746
56025,214.0,266.3911468512318
56027,9.0,371.5937241948802
56029,52.0,178.3998902154522
56031,7.0,81.56606851549756
56033,12.0,39.814200398142006
56035,3.0,30.36437246963563
56037,82.0,188.41478826313735
56039,0,0.0
56041,32.0,156.25762976707847
56043,10.0,124.57954403886883
56045,10.0,141.86409419775853
