,fips_keys,final_2019_crimes
0,01001,64.7442207963435
1,01003,334.0
2,01005,79.0
3,01007,24.489408088843245
4,01009,157.0
5,01011,24.0
6,01013,36.61535596797219
7,01015,331.01914109981294
8,01017,84.0
9,01019,64.59873679446164
10,01021,32.044810029244196
11,01023,3.0
12,01025,36.0
13,01027,35.0
14,01029,12.0
15,01031,58.291542416707124
16,01033,71.0
17,01035,32.38464403202781
18,01037,34.0
19,01039,78.0
20,01041,27.0
21,01043,70.53266739870921
22,01045,239.14122676371272
23,01047,116.0
24,01049,103.40126320553836
25,01051,121.59607587128193
26,01053,80.0
27,01055,228.9799223465365
28,01057,11.913589301121657
29,01059,45.0
30,01061,56.0
31,01063,33.0
32,01065,5.0
33,01067,70.04841273551826
34,01069,303.5188180840619
35,01071,98.0
36,01073,1202.4384520771482
37,01075,9.0
38,01077,160.0
39,01079,30.868399104228644
40,01081,420.6481670804732
41,01083,266.38203369802176
42,01085,16.0
43,01087,82.0
44,01089,1027.2086178865347
45,01091,52.0
46,01093,32.08641069887834
47,01095,92.26897682910354
48,01097,328.0
49,01099,7.0
50,01101,242.0
51,01103,134.54094931121494
52,01105,14.0
53,01107,16.0
54,01109,133.0
55,01111,14.0
56,01113,70.3518329195268
57,01115,240.4792215598024
58,01117,306.6197978382412
59,01119,39.0
60,01121,292.1992923258378
61,01123,248.6597033323746
62,01125,568.6625841601576
63,01127,152.26572624656325
64,01129,20.0
65,01131,24.0
66,01133,52.0
67,02013,0.0
68,02016,7.0
69,02020,3581.0
70,02050,130.0
71,02060,2.0
72,02070,56.0
73,02090,263.0
74,02100,9.0
75,02105,0.0
76,02110,289.0
77,02122,109.0
78,02130,40.0
79,02150,49.0
80,02170,69.0
81,02180,107.0
82,02185,123.0
83,02188,77.0
84,02195,10.0
85,02198,7.0
86,02220,16.0
87,02230,1.0
88,02261,5.0
89,02275,3.0
90,04001,34.0
91,04003,196.0
92,04005,664.5900346833955
93,04007,404.0
94,04009,85.0
95,04011,1.0
96,04012,43.0
97,04013,18181.27452498665
98,04015,451.0
99,04017,341.0
100,04019,4485.0
101,04021,782.7254750133516
102,04023,42.0
103,04025,638.4099653166045
104,04027,592.0
105,05001,150.0
106,05003,71.0
107,05005,118.0
108,05007,1116.562823262015
109,05009,262.0
110,05011,32.0
111,05013,11.0
112,05015,110.0
113,05017,37.0
114,05019,72.0
115,05021,33.0
116,05023,174.1546047331616
117,05025,20.0
118,05027,37.0
119,05029,72.0
120,05031,615.0
121,05033,240.0
122,05035,740.0
123,05037,80.0
124,05039,44.0
125,05041,46.0
126,05043,58.0
127,05045,479.66246201016645
128,05047,57.0
129,05049,39.07957099080694
130,05051,526.0
131,05053,43.0
132,05055,326.0
133,05057,99.0
134,05059,1.0
135,05061,48.0
136,05063,186.0
137,05065,34.0
138,05067,149.0
139,05069,734.0
140,05071,71.0
141,05073,2.0
142,05075,18.0
143,05077,41.0
144,05079,31.0
145,05081,23.0
146,05083,77.0
147,05085,304.0
148,05087,44.0
149,05089,43.0
150,05091,241.0
151,05093,327.0
152,05095,32.0
153,05097,2.2708819648837917
154,05099,6.0
155,05101,23.0
156,05103,115.0
157,05105,33.0
158,05107,195.0
159,05109,18.72911803511621
160,05111,121.0
161,05113,7.0
162,05115,268.0
163,05117,17.0
164,05119,4539.504121924658
165,05121,90.0
166,05123,172.0
167,05125,467.49587807534226
168,05127,38.15041277986765
169,05129,18.0
170,05131,976.8495872201323
171,05133,60.0
172,05135,13.920429009193054
173,05137,11.0
174,05139,299.0
175,05141,57.18293325667194
176,05143,846.437176737985
177,05145,485.0
178,05147,30.0
179,05149,67.0
180,06001,9734.0
181,06003,13.0
182,06005,110.0
183,06007,1021.0
184,06009,145.0
185,06011,58.0
186,06013,4138.0
187,06015,109.0
188,06017,323.0
189,06019,4737.0
190,06021,91.0
191,06023,626.0
192,06025,589.0
193,06027,94.0
194,06029,5567.0
195,06031,757.0
196,06033,347.0
197,06035,274.0
198,06037,56416.0
199,06039,830.0
200,06041,515.0
201,06043,79.0
202,06045,336.0
203,06047,1520.0
204,06049,43.0
205,06051,67.0
206,06053,1433.0
207,06055,753.0
208,06057,238.0
209,06059,6797.0
210,06061,597.0
211,06063,128.0
212,06065,7511.0
213,06067,6765.0
214,06069,147.0
215,06071,12219.0
216,06073,11409.0
217,06075,6092.0
218,06077,5952.0
219,06079,630.0
220,06081,1837.0
221,06083,1529.0
222,06085,6361.0
223,06087,1106.0
224,06089,623.0
225,06091,1.0
226,06093,181.0
227,06095,2114.0
228,06097,2016.0
229,06099,2908.0
230,06101,318.0
231,06103,256.0
232,06105,61.0
233,06107,1692.0
234,06109,195.0
235,06111,1830.0
236,06113,637.0
237,06115,326.0
238,08001,2704.057501459971
239,08003,64.0
240,08005,1773.9942558202213
241,08007,51.0
242,08009,5.0
243,08011,18.0
244,08013,689.7958923636827
245,08014,81.0
246,08015,9.0
247,08017,3.0
248,08019,32.0
249,08021,2.0
250,08023,0.0
251,08025,5.0
252,08027,8.0
253,08029,42.0
254,08031,5506.0
255,08033,1.0
256,08035,1107.384922614005
257,08037,74.75310920434669
258,08039,9.0
259,08041,3504.0
260,08043,145.0
261,08045,180.0
262,08047,33.0
263,08049,22.0
264,08051,35.0
265,08053,0.0
266,08055,24.0
267,08057,0.0
268,08059,1583.0794402511356
269,08061,2.0
270,08063,17.0
271,08065,12.0
272,08067,136.0
273,08069,855.4403266418615
274,08071,53.0
275,08073,2.0
276,08075,140.0
277,08077,426.0
278,08079,0.0
279,08081,29.0
280,08083,60.0
281,08085,60.0
282,08087,75.0
283,08089,59.0
284,08091,3.0
285,08093,41.0
286,08095,3.0
287,08097,14.24689079565331
288,08099,2.0
289,08101,1101.0
290,08103,8.0
291,08105,29.790020673855953
292,08107,38.0
293,08109,2.2099793261440466
294,08111,1.0
295,08113,7.0
296,08115,1.0
297,08117,73.0
298,08119,27.0
299,08121,3.0
300,08123,939.2476608491231
301,08125,9.0
302,09001,1620.0
303,09003,1936.0
304,09005,80.0
305,09007,65.0
306,09009,2202.0
307,09011,318.0
308,09013,31.0
309,09015,58.0
310,10001,745.162589042743
311,10003,2633.2845603004107
312,10005,748.5528506568467
313,12001,1765.0
314,12003,121.0
315,12005,826.0
316,12007,112.0
317,12009,2224.0
318,12011,7259.0
319,12013,36.0
320,12015,367.0
321,12017,373.0
322,12019,554.0
323,12021,896.0
324,12023,355.0
325,12027,159.0
326,12029,89.0
327,12031,6087.0
328,12033,1777.0
329,12035,205.5096845369247
330,12037,59.0
331,12039,169.0
332,12041,40.0
333,12043,24.0
334,12045,36.0
335,12047,55.0
336,12049,72.0
337,12051,152.0
338,12053,518.0
339,12055,280.0
340,12057,3656.0
341,12059,75.0
342,12061,352.0
343,12063,100.0
344,12065,75.0
345,12067,13.0
346,12069,1007.0
347,12071,1979.0
348,12073,1699.0
349,12075,477.0
350,12077,19.0
351,12079,111.0
352,12081,1820.0
353,12083,1556.0
354,12085,349.0
355,12086,13333.0
356,12087,282.0
357,12089,199.0
358,12091,739.0
359,12093,192.0
360,12095,7778.0
361,12097,1152.0
362,12099,5643.0
363,12101,1693.0
364,12103,3379.0
365,12105,1990.0
366,12107,188.0
367,12109,392.0
368,12111,812.0
369,12113,260.0
370,12115,925.0
371,12117,1305.0
372,12119,249.0
373,12121,212.0
374,12123,153.0
375,12125,47.0
376,12127,1914.4903154630751
377,12129,76.0
378,12131,143.0
379,12133,61.0
380,13001,83.0
381,13003,6.0
382,13005,37.0
383,13007,0.0
384,13009,224.0
385,13011,44.59077272870812
386,13013,27.295944311765226
387,13015,69.0
388,13017,71.0
389,13019,88.0
390,13021,559.0
391,13023,32.0
392,13025,15.0
393,13027,90.0
394,13029,68.0
395,13031,95.0
396,13033,54.0
397,13035,72.0
398,13037,5.381663368711399
399,13039,40.0
400,13043,24.0
401,13045,222.29210249805226
402,13047,95.70706281908663
403,13049,42.0
404,13051,1216.0
405,13053,0.0
406,13055,24.0
407,13057,147.0
408,13059,640.0
409,13061,8.0
410,13063,1699.4571043646542
411,13065,4.0
412,13067,1733.1108398339247
413,13069,67.0
414,13071,52.172445860020694
415,13073,44.0
416,13075,53.0
417,13077,842.5790107337256
418,13079,13.0
419,13081,59.0
420,13083,0.0
421,13085,32.0
422,13087,110.0
423,13089,3991.623468865985
424,13091,80.0
425,13093,10.0
426,13095,855.0
427,13097,297.1996872698262
428,13099,49.6183366312886
429,13101,3.0
430,13103,73.0
431,13105,40.0
432,13107,41.0
433,13109,19.0
434,13111,31.0
435,13113,83.0
436,13115,63.0
437,13117,125.0
438,13119,31.878351788263437
439,13121,3390.3404160356354
440,13123,77.0
441,13125,1.0
442,13127,250.0
443,13129,196.0
444,13131,53.0
445,13133,21.0
446,13135,1369.0130747593598
447,13137,57.40922727129188
448,13139,421.26078840922776
449,13141,22.0
450,13143,164.39737039819684
451,13145,39.1330595175821
452,13147,76.99436706663066
453,13149,21.0
454,13151,189.0
455,13153,470.04052543010874
456,13155,20.0
457,13157,43.43081448434026
458,13159,69.0
459,13161,25.0
460,13163,45.0
461,13165,31.0
462,13167,0.0
463,13169,27.0
464,13171,32.0
465,13173,21.0
466,13175,179.0
467,13177,41.0
468,13179,100.0
469,13181,7.0
470,13183,18.0
471,13185,266.0
472,13187,24.0
473,13189,28.0
474,13191,11.0
475,13193,14.0
476,13195,102.12728114510591
477,13197,10.0
478,13199,61.75304878248707
479,13201,11.0
480,13205,62.0
481,13207,16.0
482,13209,15.832694976408549
483,13211,9.0
484,13213,50.0
485,13215,632.0
486,13217,166.16676941274352
487,13219,16.0
488,13221,41.0
489,13223,369.0
490,13225,142.95947456989128
491,13227,48.0
492,13229,67.67614827781121
493,13231,20.0
494,13233,97.0
495,13235,50.0
496,13237,29.0
497,13239,0.0
498,13241,14.0
499,13243,13.0
500,13245,540.0
501,13247,148.0
502,13249,12.0
503,13251,44.0
504,13253,22.0
505,13255,356.0
506,13257,41.0
507,13259,3.0
508,13261,144.0
509,13263,10.687461260801399
510,13265,0.0
511,13267,26.0
512,13269,10.0
513,13271,0.0
514,13273,8.0
515,13275,121.0
516,13277,204.82755413997933
517,13279,60.16730502359145
518,13281,23.0
519,13283,5.0
520,13285,98.42643043912943
521,13287,11.0
522,13289,13.0
523,13291,13.0
524,13293,56.0
525,13295,133.29293718091338
526,13297,113.83260862256341
527,13299,131.3238517221888
528,13301,6.0
529,13303,30.0
530,13305,118.0
531,13307,0.0
532,13309,0.0
533,13311,35.0
534,13313,296.0
535,13315,12.0
536,13317,22.0
537,13319,26.0
538,13321,95.0
539,15001,365.0
540,15003,2701.0
541,15007,235.0
542,15009,449.0
543,16001,1175.0
544,16003,11.0
545,16005,258.78883941949573
546,16007,6.0
547,16009,31.0
548,16011,78.0
549,16013,40.0
550,16015,22.0
551,16017,53.0
552,16019,292.0
553,16021,10.0
554,16023,7.0
555,16025,3.0
556,16027,634.0
557,16029,9.0
558,16031,28.0
559,16033,1.0
560,16035,16.0
561,16037,7.0
562,16039,91.0
563,16041,13.0
564,16043,16.0
565,16045,55.0
566,16047,36.0
567,16049,33.0
568,16051,23.0
569,16053,76.0
570,16055,370.0
571,16057,20.0
572,16059,23.0
573,16061,7.0
574,16063,17.0
575,16065,31.0
576,16067,18.0
577,16069,50.0
578,16071,5.0
579,16073,35.0
580,16075,40.0
581,16077,33.2111605805043
582,16079,24.0
583,16081,20.0
584,16083,270.0
585,16085,36.0
586,16087,16.0
587,17001,292.0
588,17003,6.0
589,17005,10.0
590,17007,105.0821885824398
591,17009,1.0
592,17011,53.40201968709415
593,17013,0.0
594,17015,36.0
595,17017,50.0
596,17019,1069.0
597,17021,33.83096143996488
598,17023,15.73516119313046
599,17025,11.0
600,17027,100.41521484581773
601,17029,145.0
602,17031,31943.73849537866
603,17033,17.0
604,17035,10.26483880686954
605,17037,328.4352573561323
606,17039,17.0
607,17041,28.11742039667539
608,17043,1010.9186476923414
609,17045,72.0
610,17047,2.2233430103823255
611,17049,88.0
612,17051,39.0
613,17053,28.0
614,17055,24.0
615,17057,80.0
616,17059,6.0
617,17061,41.0
618,17063,43.807365912148896
619,17065,11.0
620,17067,12.450709906421427
621,17069,0.0
622,17071,0.5492900935785737
623,17073,78.87340228660369
624,17075,37.0
625,17077,307.0
626,17079,63.0
627,17081,273.0
628,17083,61.32547477744807
629,17085,22.0
630,17087,34.16231971455852
631,17089,426.75047102168844
632,17091,425.0
633,17093,297.26999088113365
634,17095,189.0
635,17097,870.3158548523726
636,17099,142.20462910180106
637,17101,5.0
638,17103,65.0
639,17105,73.5627994740166
640,17107,55.0
641,17109,73.0
642,17111,248.96365509617186
643,17113,602.0
644,17115,434.0
645,17117,65.55064975004404
646,17119,849.1480059342002
647,17121,147.38489405713648
648,17123,13.0
649,17125,57.0
650,17127,33.0
651,17129,13.0
652,17131,14.476218115167253
653,17133,24.959002515969324
654,17135,72.0
655,17137,88.0
656,17139,65.42729978986692
657,17141,317.16880158645085
658,17143,1292.0
659,17145,32.0
660,17147,28.455279813457693
661,17149,23.0
662,17151,0.0
663,17153,0.0
664,17155,1.0
665,17157,23.0
666,17159,38.0
667,17161,598.7245780263022
668,17163,927.6420747976003
669,17165,88.0
670,17167,1196.123875472508
671,17169,8.0
672,17171,0.0
673,17173,7.169038560035121
674,17175,9.0
675,17177,86.0
676,17179,313.54972512289476
677,17181,52.0
678,17183,690.0
679,17185,8.0
680,17187,33.523781884832744
681,17189,61.45080784927601
682,17191,23.0
683,17193,31.776656989617674
684,17195,124.0
685,17197,1415.0328332335307
686,17199,97.83768028544148
687,17201,1756.7490098311093
688,17203,79.45027487710522
689,18001,21.0
690,18003,1206.0
691,18005,126.52334527054715
692,18007,0.0
693,18009,23.0
694,18011,90.0
695,18013,0.0
696,18015,0.0
697,18017,12.0
698,18019,346.0
699,18021,0.0
700,18023,43.0
701,18025,0.0
702,18027,45.0
703,18029,0.0
704,18031,0.0
705,18033,2.0
706,18035,180.0
707,18037,82.0
708,18039,260.16392506162
709,18041,0.0
710,18043,18.0
711,18045,0.0
712,18047,8.335326883611843
713,18049,0.0
714,18051,32.0
715,18053,148.0
716,18055,19.0
717,18057,129.0
718,18059,83.80504131804918
719,18061,0.0
720,18063,109.0
721,18065,0.0
722,18067,448.0
723,18069,0.0
724,18071,53.0
725,18073,12.0
726,18075,19.0
727,18077,0.0
728,18079,24.0
729,18081,254.88456179735243
730,18083,14.0
731,18085,119.83607493838
732,18087,21.0
733,18089,1152.0
734,18091,431.0
735,18093,55.0
736,18095,300.48378129818764
737,18097,9400.19495868195
738,18099,13.0
739,18101,7.0
740,18103,56.0
741,18105,553.0
742,18107,70.0
743,18109,1.0
744,18111,0.0
745,18113,34.0
746,18115,0.0
747,18117,0.0
748,18119,0.0
749,18121,0.0
750,18123,11.0
751,18125,0.0
752,18127,158.0
753,18129,0.0
754,18131,41.0
755,18133,0.0
756,18135,0.0
757,18137,1.664673116388156
758,18139,0.0
759,18141,1458.0
760,18143,6.0
761,18145,208.5920929321004
762,18147,6.0
763,18149,55.0
764,18151,19.0
765,18153,2.0
766,18155,0.0
767,18157,438.0
768,18159,11.516218701812374
769,18161,0.0
770,18163,772.0
771,18165,42.0
772,18167,735.0
773,18169,1.0
774,18171,0.0
775,18173,101.0
776,18175,0.0
777,18177,17.0
778,18179,11.0
779,18181,12.0
780,18183,13.0
781,19001,0.0
782,19003,4.0
783,19005,20.196863668172277
784,19007,24.0
785,19009,6.0
786,19011,10.0
787,19013,475.0
788,19015,52.0
789,19017,51.0
790,19019,58.0
791,19021,60.0
792,19023,7.0
793,19025,16.0
794,19027,10.0
795,19029,33.0
796,19031,15.110498461391094
797,19033,164.0
798,19035,14.0
799,19037,13.0
800,19039,30.0
801,19041,22.0
802,19043,14.803136331827725
803,19045,114.61129543055347
804,19047,24.0
805,19049,124.70150710860555
806,19051,8.0
807,19053,5.0
808,19055,20.505102264266633
809,19057,209.0
810,19059,35.0
811,19061,180.49489773573336
812,19063,9.0
813,19065,23.0
814,19067,13.0
815,19069,4.373287293832421
816,19071,12.0
817,19073,3.0
818,19075,7.0
819,19077,2.0
820,19079,42.0
821,19081,11.543963254593177
822,19083,22.62671270616758
823,19085,21.0
824,19087,35.0
825,19089,1.0
826,19091,0.0
827,19093,15.0
828,19095,17.0
829,19097,8.388704569446539
830,19099,81.0
831,19101,11.0
832,19103,407.8895015386089
833,19105,12.0
834,19107,7.0
835,19109,35.0
836,19111,189.0
837,19113,527.0
838,19115,23.0
839,19117,16.0
840,19119,12.0
841,19121,22.732772965823273
842,19123,70.0
843,19125,36.0
844,19127,147.0
845,19129,49.0
846,19131,4.0
847,19133,27.0
848,19135,19.0
849,19137,33.0
850,19139,87.99586690505491
851,19141,26.40185360240023
852,19143,14.0
853,19145,30.0
854,19147,25.0
855,19149,113.97883340905886
856,19151,0.0
857,19153,1928.98636141917
858,19155,592.0
859,19157,45.0
860,19159,4.0
861,19161,8.0
862,19163,712.0041330949451
863,19165,10.0
864,19167,35.59814639759977
865,19169,198.0
866,19171,45.0
867,19173,8.0
868,19175,31.0
869,19177,4.0
870,19179,175.0
871,19181,339.5793585064012
872,19183,83.0
873,19185,9.0
874,19187,156.0
875,19189,3.456036745406824
876,19191,18.0
877,19193,346.02116659094116
878,19195,7.0
879,19197,6.0
880,20001,42.0
881,20003,16.0
882,20005,46.0
883,20007,8.0
884,20009,111.0
885,20011,54.0
886,20013,16.487466450600092
887,20015,117.0
888,20017,0.0
889,20019,4.0
890,20021,50.0
891,20023,1.0
892,20025,4.0
893,20027,29.0
894,20029,55.0
895,20031,9.0
896,20033,1.0
897,20035,132.0
898,20037,135.0
899,20039,1.0
900,20041,42.0
901,20043,7.0
902,20045,15.0
903,20047,0.0
904,20049,3.0
905,20051,81.0
906,20053,20.0
907,20055,168.0
908,20057,144.0
909,20059,91.0
910,20061,257.0
911,20063,4.0
912,20065,5.0
913,20067,18.0
914,20069,4.0
915,20071,3.0
916,20073,25.0
917,20075,9.0
918,20077,14.0
919,20079,114.25190279587791
920,20081,0.0
921,20083,4.0
922,20085,20.0
923,20087,35.0
924,20089,2.0
925,20091,1104.5722096962345
926,20093,13.0
927,20095,13.0
928,20097,3.0
929,20099,83.0
930,20101,2.0
931,20103,417.5751651018297
932,20105,1.0
933,20107,24.0
934,20109,1.2642487046632125
935,20111,57.0
936,20113,45.0
937,20115,16.0
938,20117,8.0
939,20119,6.0
940,20121,63.42779030376542
941,20123,10.0
942,20125,178.0
943,20127,14.0
944,20129,6.0
945,20131,12.512533549399908
946,20133,12.0
947,20135,8.0
948,20137,8.0
949,20139,41.0
950,20141,1.0
951,20143,4.0
952,20145,26.0
953,20147,7.0
954,20149,44.0
955,20151,24.0
956,20153,8.0
957,20155,188.0
958,20157,4.0
959,20159,9.0
960,20161,276.0
961,20163,6.0
962,20165,11.0
963,20167,23.0
964,20169,257.0
965,20171,14.0
966,20173,4735.058755950155
967,20175,43.0
968,20177,1012.0
969,20179,2.0
970,20181,16.0
971,20183,0.0
972,20185,2.0
973,20187,3.0
974,20189,4.0
975,20191,49.689341253967925
976,20193,18.735751295336787
977,20195,5.0
978,20197,14.0
979,20199,0.0
980,20201,4.0
981,20203,4.0
982,20205,17.0
983,20207,1.0
984,20209,77.42483489817025
985,21001,8.0
986,21003,16.0
987,21005,6.0
988,21007,9.0
989,21009,59.0
990,21011,5.0
991,21013,44.0
992,21015,122.0
993,21017,19.0
994,21019,81.0
995,21021,32.0
996,21023,3.0
997,21025,2.0
998,21027,11.0
999,21029,60.0
1000,21031,4.0
1001,21033,11.0
1002,21035,35.0
1003,21037,93.0
1004,21039,2.0
1005,21041,8.0
1006,21043,12.0
1007,21045,5.0
1008,21047,135.0
1009,21049,52.0
1010,21051,7.0
1011,21053,0.0
1012,21055,3.0
1013,21057,0.0
1014,21059,160.0
1015,21061,11.0
1016,21063,0.0
1017,21065,4.0
1018,21067,1008.0
1019,21069,4.0
1020,21071,12.0
1021,21073,109.0
1022,21075,6.0
1023,21077,2.0
1024,21079,11.0
1025,21081,6.0
1026,21083,69.0
1027,21085,17.0
1028,21087,4.0
1029,21089,13.0
1030,21091,2.0
1031,21093,129.0
1032,21095,7.0
1033,21097,14.0
1034,21099,6.0
1035,21101,85.0
1036,21103,2.0
1037,21105,2.0
1038,21107,37.0
1039,21109,4.0
1040,21111,4852.920844602621
1041,21113,62.0
1042,21115,9.0
1043,21117,287.0
1044,21119,2.0
1045,21121,29.646942041009837
1046,21123,7.0
1047,21125,32.0
1048,21127,8.0
1049,21129,4.0
1050,21131,1.0
1051,21133,2.0
1052,21135,6.0
1053,21137,9.0
1054,21139,2.0
1055,21141,45.0
1056,21143,3.0
1057,21145,111.0
1058,21147,1.0
1059,21149,3.0
1060,21151,117.0
1061,21153,6.0
1062,21155,17.0
1063,21157,24.0
1064,21159,4.0
1065,21161,23.0
1066,21163,19.0
1067,21165,0.0
1068,21167,12.0
1069,21169,2.0
1070,21171,5.0
1071,21173,25.0
1072,21175,4.0
1073,21177,28.0
1074,21179,39.0
1075,21181,2.0
1076,21183,22.0
1077,21185,35.079155397378884
1078,21187,2.0
1079,21189,0.0
1080,21191,8.0
1081,21193,22.0
1082,21195,20.0
1083,21197,2.0
1084,21199,66.0
1085,21201,0.0
1086,21203,6.0
1087,21205,16.0
1088,21207,11.0
1089,21209,51.0
1090,21211,45.0
1091,21213,24.0
1092,21215,0.0
1093,21217,41.0
1094,21219,2.0
1095,21221,11.0
1096,21223,0.0
1097,21225,7.0
1098,21227,250.0
1099,21229,12.0
1100,21231,17.0
1101,21233,1.0
1102,21235,24.353057958990163
1103,21237,0.0
1104,21239,23.0
1105,22001,349.82359846247834
1106,22003,29.0
1107,22005,403.0
1108,22007,70.0
1109,22009,234.0
1110,22011,21.845782048472124
1111,22013,83.0
1112,22015,1227.714038621653
1113,22017,982.2859613783471
1114,22019,1104.0
1115,22021,38.0
1116,22023,0.0
1117,22025,28.0
1118,22027,20.0
1119,22029,102.0
1120,22031,93.0
1121,22033,2836.0
1122,22035,46.0
1123,22037,73.0
1124,22039,28.04915353059992
1125,22041,58.0
1126,22043,0.0
1127,22045,0.0
1128,22047,269.0
1129,22049,6.0
1130,22051,1540.0
1131,22053,46.0
1132,22055,961.1853401193757
1133,22057,313.0
1134,22059,33.0
1135,22061,177.0
1136,22063,644.0
1137,22065,49.0
1138,22067,132.0
1139,22069,256.0
1140,22071,4524.0
1141,22073,1391.0
1142,22075,37.0
1143,22077,154.0
1144,22079,1175.0
1145,22081,33.0
1146,22083,12.0
1147,22085,27.0
1148,22087,19.0
1149,22089,133.0
1150,22091,61.0
1151,22093,91.0
1152,22095,93.0
1153,22097,590.1272480069217
1154,22099,203.81465988062428
1155,22101,269.0
1156,22103,371.0
1157,22105,1023.0
1158,22107,6.0
1159,22109,428.0
1160,22111,72.0
1161,22113,209.0
1162,22115,118.15421795152787
1163,22117,465.0
1164,22119,147.0
1165,22121,142.0
1166,22123,40.0
1167,22125,34.0
1168,22127,56.0
1169,23001,190.0
1170,23003,64.0
1171,23005,330.0
1172,23007,28.0
1173,23009,16.0
1174,23011,149.0
1175,23013,10.0
1176,23015,34.0
1177,23017,62.0
1178,23019,67.0
1179,23021,7.0
1180,23023,20.0
1181,23025,70.0
1182,23027,14.0
1183,23029,41.0
1184,23031,277.0
1185,24001,228.0
1186,24003,2320.0
1187,24005,4738.0
1188,24009,133.0
1189,24011,45.0
1190,24013,245.00060364429365
1191,24015,307.0
1192,24017,589.0
1193,24019,136.0
1194,24021,573.9993963557064
1195,24023,79.0
1196,24025,473.0
1197,24027,517.0
1198,24029,21.0
1199,24031,1602.0
1200,24033,2804.0
1201,24035,72.0
1202,24037,231.0
1203,24039,69.0
1204,24041,75.0
1205,24043,495.0
1206,24045,426.0
1207,24047,130.0
1208,24510,11101.0
1209,25001,695.0
1210,25003,447.0
1211,25005,2238.0
1212,25007,88.0
1213,25009,2102.0
1214,25011,178.0
1215,25013,2624.0
1216,25015,421.0
1217,25017,2967.0
1218,25019,28.0
1219,25021,1173.0
1220,25023,1762.0
1221,25025,5114.0
1222,25027,2632.0
1223,26001,14.0
1224,26003,21.0
1225,26005,267.1837761174999
1226,26007,94.0
1227,26009,45.0
1228,26011,43.0
1229,26013,17.0
1230,26015,142.0
1231,26017,427.6545377922639
1232,26019,30.0
1233,26021,860.0
1234,26023,122.0
1235,26025,809.0
1236,26027,79.0
1237,26029,64.0
1238,26031,53.0
1239,26033,92.0
1240,26035,45.4196804783943
1241,26037,102.27071137418152
1242,26039,36.0
1243,26041,89.0
1244,26043,26.0
1245,26045,606.1659746577243
1246,26047,63.0
1247,26049,2392.156571707223
1248,26051,77.0
1249,26053,27.0
1250,26055,250.44624142384018
1251,26057,88.0
1252,26059,167.0
1253,26061,26.0
1254,26063,48.0
1255,26065,1466.5633139680942
1256,26067,189.0
1257,26069,59.0
1258,26071,38.0
1259,26073,159.5803195216057
1260,26075,793.0
1261,26077,1546.0
1262,26079,32.0
1263,26081,2339.0
1264,26083,2.0
1265,26085,9.0
1266,26087,141.36141587993785
1267,26089,24.553758576159815
1268,26091,308.0
1269,26093,200.0
1270,26095,48.0
1271,26097,29.0
1272,26099,2255.1550500224475
1273,26101,87.0
1274,26103,173.0
1275,26105,101.0
1276,26107,162.0
1277,26109,60.0
1278,26111,87.34546220773609
1279,26113,40.0
1280,26115,112.76688464121287
1281,26117,198.0
1282,26119,14.0
1283,26121,783.0
1284,26123,136.94027974646303
1285,26125,2187.173617059766
1286,26127,125.05972025353694
1287,26129,62.0
1288,26131,18.0
1289,26133,78.0
1290,26135,23.0
1291,26137,46.0
1292,26139,722.3719285524496
1293,26141,15.0
1294,26143,28.0
1295,26145,1183.5674211472463
1296,26147,461.17617126339877
1297,26149,246.0
1298,26151,91.63858412006216
1299,26153,31.0
1300,26155,188.0
1301,26157,138.43257885275372
1302,26159,256.4442953300505
1303,26161,1345.233115358787
1304,26163,17163.338589947165
1305,26165,122.0
1306,27001,14.0
1307,27003,537.4380733098989
1308,27005,49.0
1309,27007,135.0
1310,27009,66.85216422532446
1311,27011,1.0
1312,27013,146.0
1313,27015,19.0
1314,27017,26.0
1315,27019,56.0
1316,27021,40.0
1317,27023,14.647402030596774
1318,27025,41.0
1319,27027,78.0
1320,27029,13.0
1321,27031,10.0
1322,27033,37.0
1323,27035,91.0
1324,27037,546.5002330725201
1325,27039,21.0
1326,27041,48.209960165787734
1327,27043,19.0
1328,27045,11.0
1329,27047,49.0
1330,27049,55.729061859168226
1331,27051,2.0
1332,27053,5674.1656092953
1333,27055,7.0
1334,27057,38.0
1335,27059,30.0
1336,27061,75.0
1337,27063,7.0
1338,27065,6.0
1339,27067,109.0
1340,27069,0.0
1341,27071,19.0
1342,27073,0.0
1343,27075,0.0
1344,27077,6.0
1345,27079,7.302097200850637
1346,27081,2.0
1347,27083,28.0
1348,27085,48.0
1349,27087,10.0
1350,27089,0.0
1351,27091,28.0
1352,27093,16.0
1353,27095,50.074770626953
1354,27097,18.0
1355,27099,63.0
1356,27101,2.0
1357,27103,37.0
1358,27105,38.0
1359,27107,0.0
1360,27109,301.0
1361,27111,93.09962560369664
1362,27113,8.0
1363,27115,138.0
1364,27117,5.0
1365,27119,69.0
1366,27121,11.0
1367,27123,2249.7871760409416
1368,27125,3.0
1369,27127,17.0
1370,27129,22.0
1371,27131,80.76443386282448
1372,27133,7.0
1373,27135,12.0
1374,27137,476.0
1375,27139,177.69790279914935
1376,27141,160.91990594038845
1377,27143,11.0
1378,27145,249.1531592073341
1379,27147,40.0
1380,27149,5.0
1381,27151,8.0
1382,27153,28.00043094252725
1383,27155,7.0
1384,27157,14.270938140831772
1385,27159,14.689983287988374
1386,27161,26.0
1387,27163,261.2470749872422
1388,27165,17.0
1389,27167,6.0
1390,27169,43.0
1391,27171,119.09739943127275
1392,27173,4.3525979694032255
1393,28001,19.0
1394,28003,0.0
1395,28005,0.0
1396,28007,23.0
1397,28009,0.0
1398,28011,51.0
1399,28013,0.0
1400,28015,0.0
1401,28017,0.0
1402,28019,8.0
1403,28021,21.0
1404,28023,0.0
1405,28025,39.0
1406,28027,0.0
1407,28029,0.0
1408,28031,0.0
1409,28033,252.0
1410,28035,64.41048012653707
1411,28037,0.0
1412,28039,21.0
1413,28041,2.0
1414,28043,0.0
1415,28045,44.0
1416,28047,531.0
1417,28049,813.1274141392963
1418,28051,0.0
1419,28053,0.0
1420,28055,0.0
1421,28057,17.0
1422,28059,267.0
1423,28061,0.0
1424,28063,0.0
1425,28065,0.0
1426,28067,125.0
1427,28069,2.0
1428,28071,52.0
1429,28073,137.58951987346293
1430,28075,208.0
1431,28077,0.0
1432,28079,0.0
1433,28081,0.0
1434,28083,93.0
1435,28085,77.0
1436,28087,0.0
1437,28089,401.04395648702916
1438,28091,34.0
1439,28093,31.0
1440,28095,3.0
1441,28097,0.0
1442,28099,2.0
1443,28101,0.0
1444,28103,0.0
1445,28105,91.0
1446,28107,115.0
1447,28109,2.0
1448,28111,0.0
1449,28113,0.0
1450,28115,42.0
1451,28117,33.0
1452,28119,0.0
1453,28121,500.8286293736745
1454,28123,0.0
1455,28125,0.0
1456,28127,0.0
1457,28129,0.0
1458,28131,52.0
1459,28133,0.0
1460,28135,0.0
1461,28137,0.0
1462,28139,0.0
1463,28141,28.0
1464,28143,40.0
1465,28145,0.0
1466,28147,0.0
1467,28149,156.0
1468,28151,17.0
1469,28153,0.0
1470,28155,0.0
1471,28157,0.0
1472,28159,0.0
1473,28161,0.0
1474,28163,0.0
1475,29001,93.0
1476,29003,3.0
1477,29005,4.0
1478,29007,30.0
1479,29009,63.046681313912174
1480,29011,6.0
1481,29013,53.0
1482,29015,49.0
1483,29017,62.0
1484,29019,509.0
1485,29021,480.62371512481644
1486,29023,269.0
1487,29025,27.0
1488,29027,208.92486761174882
1489,29029,131.56143259122902
1490,29031,300.0
1491,29033,17.0
1492,29035,27.0
1493,29037,883.5548748954258
1494,29039,55.0
1495,29041,29.0
1496,29043,752.6968679910713
1497,29045,7.0
1498,29047,1811.1851416990953
1499,29049,39.23942300877527
1500,29051,111.07513238825116
1501,29053,20.0
1502,29055,40.77662256076014
1503,29057,50.0
1504,29059,8.0
1505,29061,17.0
1506,29063,18.136861866408285
1507,29065,18.71193038699336
1508,29067,25.0
1509,29069,100.0
1510,29071,191.5985799189919
1511,29073,58.0
1512,29075,1.0
1513,29077,2110.7146163989155
1514,29079,16.0
1515,29081,4.0
1516,29083,149.0
1517,29085,1.0
1518,29087,8.0
1519,29089,23.0
1520,29091,136.0
1521,29093,6.0
1522,29095,5879.81552906729
1523,29097,377.38551375631664
1524,29099,580.0
1525,29101,87.0
1526,29103,1.0
1527,29105,112.39674866213969
1528,29107,44.76034456026443
1529,29109,89.95331868608783
1530,29111,7.0
1531,29113,251.0
1532,29115,17.0
1533,29117,33.0
1534,29119,66.0
1535,29121,15.0
1536,29123,34.0
1537,29125,25.0
1538,29127,77.22881445463015
1539,29129,0.0
1540,29131,43.2720223017816
1541,29133,53.0
1542,29135,18.0
1543,29137,5.363548271576331
1544,29139,3.0
1545,29141,102.23346060818109
1546,29143,121.12449949281938
1547,29145,186.61448624368333
1548,29147,20.0
1549,29149,38.0
1550,29151,4.0
1551,29153,20.0
1552,29155,127.0
1553,29157,59.0
1554,29159,216.0
1555,29161,157.0
1556,29163,48.0
1557,29165,720.6154638931733
1558,29167,67.0
1559,29169,221.53633583666863
1560,29171,2.0
1561,29173,58.40763727379352
1562,29175,94.0
1563,29177,123.06864588475118
1564,29179,0.2880696130066407
1565,29181,5.0
1566,29183,613.7589255101541
1567,29185,17.0
1568,29186,63.0
1569,29187,136.0
1570,29189,3588.6247975202477
1571,29195,68.0
1572,29197,4.0
1573,29199,8.0
1574,29201,88.87550050718062
1575,29203,21.4577333609296
1576,29205,5.0
1577,29207,73.0
1578,29209,60.0
1579,29211,25.0
1580,29213,169.0
1581,29215,74.23172266208041
1582,29217,110.0
1583,29219,112.2410744898459
1584,29221,82.0
1585,29223,26.0
1586,29225,26.58851561001306
1587,29227,6.0
1588,29229,29.31054397698998
1589,29510,5792.0
1590,30001,11.0
1591,30003,65.0
1592,30005,0.0
1593,30007,28.0
1594,30009,29.0
1595,30011,0.0
1596,30013,385.0
1597,30015,1.0
1598,30017,29.0
1599,30019,0.0
1600,30021,15.0
1601,30023,13.0
1602,30025,5.0
1603,30027,29.0
1604,30029,352.0
1605,30031,305.0
1606,30033,0.0
1607,30035,44.0
1608,30037,2.0
1609,30039,1.0
1610,30041,74.0
1611,30043,26.0
1612,30045,0.0
1613,30047,128.0
1614,30049,276.0
1615,30051,0.0
1616,30053,28.0
1617,30055,0.0
1618,30057,14.0
1619,30059,6.0
1620,30061,1.0
1621,30063,432.0
1622,30065,11.0
1623,30067,39.0
1624,30069,0.0
1625,30071,15.0
1626,30073,5.0
1627,30075,0.0
1628,30077,19.0
1629,30079,11.0
1630,30081,93.0
1631,30083,47.0
1632,30085,86.0
1633,30087,20.0
1634,30089,8.0
1635,30091,9.0
1636,30093,120.0
1637,30095,21.0
1638,30097,20.0
1639,30099,13.0
1640,30101,31.0
1641,30103,0.0
1642,30105,40.0
1643,30107,9.0
1644,30109,0.0
1645,30111,861.0
1646,31001,51.0
1647,31003,1.0
1648,31005,0.0
1649,31007,0.0
1650,31009,0.0
1651,31011,2.0
1652,31013,16.0
1653,31015,0.0
1654,31017,2.0
1655,31019,77.0
1656,31021,5.0
1657,31023,6.0
1658,31025,46.0
1659,31027,3.0
1660,31029,2.0
1661,31031,11.0
1662,31033,30.0
1663,31035,0.0
1664,31037,12.0
1665,31039,7.0
1666,31041,13.0
1667,31043,37.0
1668,31045,11.0
1669,31047,46.0
1670,31049,4.0
1671,31051,2.0
1672,31053,52.0
1673,31055,2975.0
1674,31057,0.0
1675,31059,5.0
1676,31061,1.0
1677,31063,3.0
1678,31065,12.0
1679,31067,34.0
1680,31069,1.0
1681,31071,0.0
1682,31073,2.0
1683,31075,0.0
1684,31077,0.0
1685,31079,275.0
1686,31081,6.0
1687,31083,0.0
1688,31085,1.0
1689,31087,1.0
1690,31089,9.0
1691,31091,0.0
1692,31093,2.0
1693,31095,17.0
1694,31097,6.0
1695,31099,10.0
1696,31101,15.0
1697,31103,2.0
1698,31105,3.0
1699,31107,0.0
1700,31109,1144.0
1701,31111,107.0
1702,31113,0.0
1703,31115,1.0
1704,31117,0.0
1705,31119,45.0
1706,31121,9.0
1707,31123,3.0
1708,31125,1.0
1709,31127,10.0
1710,31129,2.0
1711,31131,31.0
1712,31133,0.0
1713,31135,0.0
1714,31137,18.0
1715,31139,0.0
1716,31141,35.0
1717,31143,0.0
1718,31145,13.0
1719,31147,11.0
1720,31149,0.0
1721,31151,54.0
1722,31153,212.0
1723,31155,19.0
1724,31157,76.0
1725,31159,5.0
1726,31161,13.0
1727,31163,5.0
1728,31165,0.0
1729,31167,2.0
1730,31169,4.0
1731,31171,0.0
1732,31173,7.0
1733,31175,10.0
1734,31177,12.0
1735,31179,6.0
1736,31181,0.0
1737,31183,0.0
1738,31185,17.0
1739,32001,36.0
1740,32003,12099.0
1741,32005,62.0
1742,32007,166.0
1743,32009,6.0
1744,32011,22.0
1745,32013,34.0
1746,32015,62.0
1747,32017,7.0
1748,32019,185.0
1749,32021,4.0
1750,32023,117.0
1751,32027,32.0
1752,32029,31.0
1753,32031,2140.0
1754,32033,7.0
1755,32510,178.0
1756,33001,121.0
1757,33003,57.0
1758,33005,90.0
1759,33007,48.0
1760,33009,113.0
1761,33011,941.0
1762,33013,187.0
1763,33015,259.0
1764,33017,182.0
1765,33019,45.0
1766,34001,672.0
1767,34003,709.0
1768,34005,663.0
1769,34007,1892.0
1770,34009,161.0
1771,34011,631.0
1772,34013,3012.0
1773,34015,301.0
1774,34017,2224.0
1775,34019,58.0
1776,34021,1277.0
1777,34023,1059.0
1778,34025,815.0
1779,34027,267.0
1780,34029,555.0
1781,34031,1842.0
1782,34033,181.0
1783,34035,182.0
1784,34037,76.0
1785,34039,1575.0
1786,34041,78.0
1787,35001,7959.521183109149
1788,35003,1.0
1789,35005,460.0
1790,35006,65.0
1791,35007,33.0
1792,35009,274.0
1793,35011,4.0
1794,35013,759.0
1795,35015,295.0
1796,35017,53.0
1797,35019,18.0
1798,35021,0.0
1799,35023,22.0
1800,35025,322.0
1801,35027,99.0
1802,35028,19.0
1803,35029,198.0
1804,35031,620.0
1805,35033,6.0
1806,35035,266.0
1807,35037,5.0
1808,35039,46.94806635111328
1809,35041,58.0
1810,35043,285.86900441404794
1811,35045,1214.0
1812,35047,87.0
1813,35049,458.66174612568966
1814,35051,63.0
1815,35053,75.0
1816,35055,52.0
1817,35057,76.0
1818,35059,5.0
1819,35061,765.0
1820,36001,1013.0
1821,36003,62.0
1822,36005,0.0
1823,36007,616.811090631993
1824,36009,150.30957494209594
1825,36011,84.0
1826,36013,304.0
1827,36015,178.0
1828,36017,111.0
1829,36019,128.0
1830,36021,85.0
1831,36023,85.0
1832,36025,84.18890936800696
1833,36027,551.0
1834,36029,3386.690425057904
1835,36031,49.70392103347889
1836,36033,63.29607896652111
1837,36035,125.46365262784889
1838,36037,86.0
1839,36039,179.0
1840,36041,3.0
1841,36043,141.5363473721511
1842,36045,243.0
1843,36047,1.0
1844,36049,28.0
1845,36051,61.0
1846,36053,106.0
1847,36055,2135.0
1848,36057,79.0
1849,36059,1635.0
1850,36061,13.0
1851,36063,578.0
1852,36065,637.0
1853,36067,1523.0
1854,36069,166.0
1855,36071,704.0
1856,36073,58.0
1857,36075,169.0
1858,36077,98.0
1859,36079,49.0
1860,36083,394.0
1861,36087,300.0
1862,36089,105.0
1863,36091,183.0
1864,36093,607.0
1865,36095,46.0
1866,36097,10.0
1867,36099,44.0
1868,36101,97.0
1869,36103,1360.0
1870,36105,187.0
1871,36107,58.0
1872,36109,123.0
1873,36111,249.0
1874,36113,80.0
1875,36115,74.0
1876,36117,160.0
1877,36119,1551.0
1878,36121,46.0
1879,36123,23.0
1880,37001,320.85288089745114
1881,37003,92.0
1882,37005,19.0
1883,37007,125.0
1884,37009,61.0
1885,37011,24.24169209316453
1886,37013,77.0
1887,37015,49.0
1888,37017,83.0
1889,37019,76.0
1890,37021,940.0
1891,37023,251.14706076149133
1892,37025,234.21280962552356
1893,37027,202.2570197137784
1894,37029,29.756396684310396
1895,37031,129.0
1896,37033,27.0
1897,37035,217.59591952473028
1898,37037,159.19374579649374
1899,37039,83.0
1900,37041,59.0
1901,37043,0.0
1902,37045,91.60974939425626
1903,37047,101.0
1904,37049,298.0
1905,37051,2504.0
1906,37053,63.0
1907,37055,58.0
1908,37057,342.56535652655623
1909,37059,14.0
1910,37061,87.0435230322616
1911,37063,1857.5995063947828
1912,37065,188.80440703104645
1913,37067,3108.0678125811573
1914,37069,104.4027043236945
1915,37071,839.3902506057437
1916,37073,0.0
1917,37075,11.0
1918,37077,191.0
1919,37079,65.0
1920,37081,3446.5076848427607
1921,37083,178.0
1922,37085,83.0
1923,37087,210.0
1924,37089,68.0
1925,37091,89.0
1926,37093,16.0
1927,37095,0.0
1928,37097,478.2638604558513
1929,37099,96.2090005273244
1930,37101,366.0
1931,37103,0.0
1932,37105,100.0
1933,37107,1.2066040503594981
1934,37109,184.0
1935,37111,70.0
1936,37113,59.790999472675594
1937,37115,15.0
1938,37117,75.0
1939,37119,7270.7546799354695
1940,37121,2.0
1941,37123,81.0
1942,37125,167.0
1943,37127,276.69663411961136
1944,37129,988.0
1945,37131,2.0
1946,37133,486.58145051435014
1947,37135,832.0618807554777
1948,37137,23.0
1949,37139,137.2436033156896
1950,37141,14.418549485649866
1951,37143,13.0
1952,37145,118.0
1953,37147,625.7933959496405
1954,37149,12.0
1955,37151,138.87740132268925
1956,37153,217.0
1957,37155,819.1632234362327
1958,37157,286.0
1959,37159,486.78719037447644
1960,37161,34.0
1961,37163,279.0
1962,37165,218.83677656376736
1963,37167,169.0
1964,37169,0.9787470069552658
1965,37171,89.0
1966,37173,38.0
1967,37175,55.0
1968,37177,4.0
1969,37179,637.9814596086794
1970,37181,346.0
1971,37183,1814.8922795519813
1972,37185,44.0
1973,37187,37.0
1974,37189,56.75830790683547
1975,37191,493.9564769677384
1976,37193,160.0
1977,37195,275.4989588493422
1978,37197,77.0
1979,37199,9.0
1980,38001,4.0
1981,38003,22.0
1982,38005,1.0
1983,38007,0.0
1984,38009,4.0
1985,38011,1.0
1986,38013,0.0
1987,38015,251.0
1988,38017,660.0
1989,38019,2.0
1990,38021,3.0
1991,38023,2.0
1992,38025,10.0
1993,38027,1.0
1994,38029,3.0
1995,38031,1.0
1996,38033,0.0
1997,38035,188.0
1998,38037,1.0
1999,38039,3.0
2000,38041,1.0
2001,38043,4.0
2002,38045,3.0
2003,38047,3.0
2004,38049,6.0
2005,38051,2.0
2006,38053,57.0
2007,38055,12.0
2008,38057,7.0
2009,38059,88.0
2010,38061,4.0
2011,38063,5.0
2012,38065,0.0
2013,38067,6.0
2014,38069,1.0
2015,38071,23.0
2016,38073,5.0
2017,38075,2.0
2018,38077,23.0
2019,38079,4.0
2020,38081,7.0
2021,38083,1.0
2022,38085,0.0
2023,38087,0.0
2024,38089,58.0
2025,38091,0.0
2026,38093,40.0
2027,38095,0.0
2028,38097,3.0
2029,38099,13.0
2030,38101,178.0
2031,38103,3.0
2032,38105,151.0
2033,39001,14.0
2034,39003,313.0712376467568
2035,39005,75.49442203680327
2036,39007,62.0
2037,39009,29.0
2038,39011,10.0
2039,39013,73.0
2040,39015,18.0
2041,39017,637.350961686762
2042,39019,5.0
2043,39021,43.0
2044,39023,337.0
2045,39025,238.22998722116233
2046,39027,53.49376860885222
2047,39029,78.43374625920379
2048,39031,41.0
2049,39033,41.770084887767695
2050,39035,6830.0
2051,39037,27.0
2052,39039,36.0
2053,39041,689.1327822985337
2054,39043,90.95281067257177
2055,39045,609.1244999496773
2056,39047,58.0
2057,39049,4199.109304103411
2058,39051,34.17852563086901
2059,39053,43.0
2060,39055,26.0
2061,39057,274.93227743306807
2062,39059,31.0
2063,39061,3262.9646523189385
2064,39063,128.4236419904811
2065,39065,39.0
2066,39067,4.0
2067,39069,36.0
2068,39071,63.50623139114778
2069,39073,52.0
2070,39075,4.505577963196732
2071,39077,21.438246982023603
2072,39079,46.0
2073,39081,102.0
2074,39083,89.52272872197966
2075,39085,363.0
2076,39087,85.0
2077,39089,244.1217383935809
2078,39091,58.0
2079,39093,548.6089423454046
2080,39095,2845.821474369131
2081,39097,46.43766486186311
2082,39099,400.255633103807
2083,39101,127.0
2084,39103,74.60521152479436
2085,39105,17.0
2086,39107,11.0
2087,39109,75.90174101823902
2088,39111,22.0
2089,39113,2244.05777994039
2090,39115,30.0
2091,39117,36.0
2092,39119,128.41021505816477
2093,39121,5.0
2094,39123,24.0
2095,39125,31.0
2096,39127,32.58978494183524
2097,39129,78.0
2098,39131,44.0
2099,39133,430.23246453409485
2100,39135,17.0
2101,39137,16.0
2102,39139,277.22991511223233
2103,39141,217.0
2104,39143,41.0
2105,39145,183.0
2106,39147,9.0
2107,39149,59.0
2108,39151,1325.3106206369891
2109,39153,2172.5888358873926
2110,39155,395.0
2111,39157,57.0
2112,39159,36.551281670953664
2113,39161,40.505120362762106
2114,39163,11.0
2115,39165,257.5626003814399
2116,39167,67.0
2117,39169,179.57348805371782
2118,39171,12.0
2119,39173,83.0
2120,39175,20.0
2121,40001,71.0
2122,40003,3.0
2123,40005,13.0
2124,40007,1.0
2125,40009,30.0
2126,40011,20.382211971122118
2127,40013,116.0
2128,40015,74.0
2129,40017,695.9027286008737
2130,40019,249.0
2131,40021,90.38868824531517
2132,40023,79.0
2133,40025,3.0
2134,40027,1582.0501759441606
2135,40029,8.0
2136,40031,895.0
2137,40033,1.0
2138,40035,27.0
2139,40037,96.15040608357424
2140,40039,68.0457933972311
2141,40041,85.0
2142,40043,3.0
2143,40045,11.0
2144,40047,225.0
2145,40049,98.07469962135893
2146,40051,119.58388642676901
2147,40053,5.0
2148,40055,13.0
2149,40057,8.0
2150,40059,0.0
2151,40061,13.0
2152,40063,33.51702205811279
2153,40065,57.0
2154,40067,15.0
2155,40069,20.0
2156,40071,202.0
2157,40073,35.804052539561575
2158,40075,15.0
2159,40077,27.0
2160,40079,106.0
2161,40081,79.62560899907828
2162,40083,68.0
2163,40085,23.0
2164,40087,58.34141395187205
2165,40089,114.0
2166,40091,66.0
2167,40093,13.0
2168,40095,31.0
2169,40097,106.0
2170,40099,27.0
2171,40101,496.61131175468483
2172,40103,18.0
2173,40105,28.0
2174,40107,53.09744962216625
2175,40109,3698.6004257684513
2176,40111,120.01275586723253
2177,40113,396.18900787385746
2178,40115,99.0
2179,40117,27.11175908195757
2180,40119,212.0677882042782
2181,40121,179.0
2182,40123,94.48297794188721
2183,40125,532.4922943144693
2184,40127,16.0
2185,40129,9.0
2186,40131,172.77449207835008
2187,40133,78.76811086136144
2188,40135,164.0
2189,40137,75.0
2190,40139,51.0
2191,40141,26.0
2192,40143,3992.520133587151
2193,40145,528.3411264899962
2194,40147,63.109472112357736
2195,40149,28.954206602768902
2196,40151,15.0
2197,40153,50.0
2198,41001,38.0
2199,41003,154.34722305752817
2200,41005,1561.4127648083495
2201,41007,165.0
2202,41009,70.0
2203,41011,167.0
2204,41013,59.0
2205,41015,77.0
2206,41017,331.0
2207,41019,309.0
2208,41021,10.0
2209,41023,5.0
2210,41025,18.0
2211,41027,36.0
2212,41029,617.0
2213,41031,36.0
2214,41033,213.0
2215,41035,124.0
2216,41037,14.0
2217,41039,1153.0
2218,41041,146.0
2219,41043,154.65277694247183
2220,41045,120.0
2221,41047,944.3208423433441
2222,41049,36.0
2223,41051,2315.3529777506856
2224,41053,285.6791576566559
2225,41055,9.0
2226,41057,61.0
2227,41059,206.0
2228,41061,24.0
2229,41063,1.0
2230,41065,62.0
2231,41067,2323.93228656908
2232,41069,0.0
2233,41071,164.3019708718847
2234,42001,150.0
2235,42003,3411.3886578801093
2236,42005,138.0
2237,42007,427.2528666455496
2238,42009,71.0
2239,42011,861.1794292947831
2240,42013,402.0
2241,42015,107.0
2242,42017,557.0
2243,42019,167.0
2244,42021,293.0
2245,42023,18.0
2246,42025,288.0
2247,42027,188.0
2248,42029,599.0
2249,42031,32.427634122364225
2250,42033,157.0
2251,42035,47.0
2252,42037,80.0
2253,42039,143.0
2254,42041,201.47180618377843
2255,42043,1010.0
2256,42045,1615.0
2257,42047,46.0
2258,42049,762.0
2259,42051,298.0
2260,42053,11.0
2261,42055,229.52819381622157
2262,42057,23.0
2263,42059,60.0
2264,42061,91.0
2265,42063,171.0
2266,42065,67.0
2267,42067,66.0
2268,42069,1402.0
2269,42071,888.8205707052169
2270,42073,159.74713335445043
2271,42075,225.0
2272,42077,680.0578398798552
2273,42079,648.0
2274,42081,178.0
2275,42083,133.0
2276,42085,255.0
2277,42087,75.0
2278,42089,394.0
2279,42091,860.0
2280,42093,74.0
2281,42095,340.94216012014476
2282,42097,274.0
2283,42099,66.0
2284,42101,11404.0
2285,42103,91.0
2286,42105,84.0
2287,42107,254.0
2288,42109,55.0
2289,42111,103.0
2290,42113,9.0
2291,42115,33.0
2292,42117,59.0
2293,42119,39.0
2294,42121,97.57236587763578
2295,42123,142.0
2296,42125,316.5800374539174
2297,42127,51.0
2298,42129,506.03130466597304
2299,42131,46.0
2300,42133,1024.0
2301,44001,38.0
2302,44003,170.0
2303,44005,109.0
2304,44007,1864.0
2305,44009,89.0
2306,45001,70.28700090880062
2307,45003,803.138223000799
2308,45005,88.0
2309,45007,960.2285076795526
2310,45009,74.0
2311,45011,176.0
2312,45013,742.3828181601583
2313,45015,794.3259897987422
2314,45017,71.0
2315,45019,1641.3827191657433
2316,45021,233.46825618909665
2317,45023,200.0
2318,45025,246.0
2319,45027,205.0
2320,45029,244.0
2321,45031,588.0
2322,45033,310.0
2323,45035,663.2912910355146
2324,45037,18.861776999200934
2325,45039,171.0
2326,45041,1093.0
2327,45043,299.0
2328,45045,2343.7583866225705
2329,45047,545.0400576611461
2330,45049,125.61718183984168
2331,45051,1515.0
2332,45053,60.0
2333,45055,252.0
2334,45057,288.0
2335,45059,384.2419190414203
2336,45061,150.0
2337,45063,1344.9191049779329
2338,45065,17.0
2339,45067,168.0
2340,45069,192.0
2341,45071,172.0
2342,45073,264.0
2343,45075,952.0
2344,45077,319.44443375050065
2345,45079,3137.093262166226
2346,45081,52.98763285584115
2347,45083,1623.5314381469127
2348,45085,803.0
2349,45087,132.0
2350,45089,124.0
2351,45091,991.0
2352,46003,5.0
2353,46005,62.0
2354,46007,27.0
2355,46009,2.0
2356,46011,65.0
2357,46013,174.0
2358,46015,19.0
2359,46017,0.0
2360,46019,17.0
2361,46021,2.0
2362,46023,19.0
2363,46025,1.0
2364,46027,28.0
2365,46029,76.0
2366,46031,1.0
2367,46033,8.0
2368,46035,64.0
2369,46037,6.0
2370,46039,1.0
2371,46041,0.0
2372,46043,0.0
2373,46045,0.0
2374,46047,11.0
2375,46049,0.0
2376,46051,0.0
2377,46053,0.0
2378,46055,1.0
2379,46057,5.0
2380,46059,4.0
2381,46061,1.0
2382,46063,3.0
2383,46065,69.0
2384,46067,2.0
2385,46069,0.0
2386,46071,2.0
2387,46073,1.0
2388,46075,0.0
2389,46077,0.0
2390,46079,19.0
2391,46081,36.0
2392,46083,264.6290101832994
2393,46085,2.0
2394,46087,7.0
2395,46089,3.0
2396,46091,6.0
2397,46093,53.411106775913645
2398,46095,0.0
2399,46097,0.0
2400,46099,750.3709898167006
2401,46101,21.0
2402,46102,0.0
2403,46103,695.5888932240864
2404,46105,2.0
2405,46107,4.0
2406,46109,14.0
2407,46111,3.0
2408,46115,13.0
2409,46117,0.0
2410,46119,4.0
2411,46121,0.0
2412,46123,14.0
2413,46125,18.0
2414,46127,17.0
2415,46129,13.0
2416,46135,93.0
2417,46137,0.0
2418,47001,276.5752846657583
2419,47003,261.0
2420,47005,20.0
2421,47007,21.0
2422,47009,459.0
2423,47011,670.0
2424,47013,134.49596920368037
2425,47015,27.0
2426,47017,57.84647736976943
2427,47019,191.62166850284802
2428,47021,103.0
2429,47023,64.0
2430,47025,72.0
2431,47027,18.0
2432,47029,206.0
2433,47031,230.4460044979058
2434,47033,54.0
2435,47035,87.0
2436,47037,7549.836971036541
2437,47039,36.29463227693316
2438,47041,42.0
2439,47043,244.0
2440,47045,211.10402620203303
2441,47047,75.61219077232613
2442,47049,39.0
2443,47051,246.54648416931107
2444,47053,177.93369781793206
2445,47055,98.0
2446,47057,51.0
2447,47059,220.0
2448,47061,86.27683088736589
2449,47063,259.9014013971531
2450,47065,2404.0
2451,47067,21.0
2452,47069,125.38780922767387
2453,47071,105.9924940359588
2454,47073,180.1708875274383
2455,47075,187.0
2456,47077,131.70536772306684
2457,47079,87.92625960717336
2458,47081,99.0
2459,47083,25.0
2460,47085,44.0
2461,47087,26.0
2462,47089,244.09859860284695
2463,47091,34.0
2464,47093,1844.0
2465,47095,34.0
2466,47097,171.0
2467,47099,115.0
2468,47101,39.0
2469,47103,116.0
2470,47105,115.0
2471,47107,240.0
2472,47109,78.0075059640412
2473,47111,83.0
2474,47113,798.5402885879076
2475,47115,85.73068044541725
2476,47117,87.0
2477,47119,421.22943928914657
2478,47121,72.0
2479,47123,302.0
2480,47125,1047.0
2481,47127,7.0
2482,47129,42.42895255539849
2483,47131,138.42198739212728
2484,47133,27.0
2485,47135,13.0
2486,47137,8.0
2487,47139,29.0
2488,47141,233.0
2489,47143,107.0
2490,47145,182.4997935751628
2491,47147,241.20714023892762
2492,47149,1193.0
2493,47151,41.0
2494,47153,56.0
2495,47155,336.0
2496,47157,13435.0
2497,47159,72.0
2498,47161,23.0
2499,47163,742.3576514191404
2500,47165,424.9558887245308
2501,47167,287.0
2502,47169,31.0
2503,47171,51.0
2504,47173,31.0
2505,47175,5.0
2506,47177,213.0
2507,47179,296.8497925505731
2508,47181,29.0
2509,47183,75.22726302305722
2510,47185,63.0
2511,47187,369.77056071085343
2512,47189,295.0
2513,48001,137.832517281106
2514,48003,85.0
2515,48005,295.0
2516,48007,88.96993443853336
2517,48009,6.0
2518,48011,1.0
2519,48013,82.02413141898279
2520,48015,46.0
2521,48017,7.0
2522,48019,19.0
2523,48021,259.64455318925025
2524,48023,5.0
2525,48025,51.0
2526,48027,1016.0
2527,48029,11987.426995295684
2528,48031,18.0
2529,48033,1.0
2530,48035,27.0
2531,48037,412.0
2532,48039,559.9977336432287
2533,48041,654.0
2534,48043,19.0
2535,48045,0.0
2536,48047,16.0
2537,48049,126.0
2538,48051,27.0
2539,48053,120.13128727229679
2540,48055,98.35496341903436
2541,48057,76.0
2542,48059,9.0
2543,48061,1594.0
2544,48063,29.0
2545,48065,29.0
2546,48067,95.4168080693816
2547,48069,29.0
2548,48071,86.86354759611642
2549,48073,116.7963600854178
2550,48075,5.0
2551,48077,16.0
2552,48079,3.0
2553,48081,2.0
2554,48083,27.0
2555,48085,3792.478756684101
2556,48087,0.0
2557,48089,39.0
2558,48091,248.1551582325564
2559,48093,18.0
2560,48095,11.0
2561,48097,120.68731025343789
2562,48099,133.00809219695867
2563,48101,0.0
2564,48103,7.0
2565,48105,2.0
2566,48107,5.0
2567,48109,0.0
2568,48111,20.268557773837973
2569,48113,10689.338694547652
2570,48115,76.0
2571,48117,89.0
2572,48119,1.0
2573,48121,4551.469235789488
2574,48123,82.0790366938381
2575,48125,1.0
2576,48127,11.0
2577,48129,4.0
2578,48131,17.509877488514547
2579,48133,37.0
2580,48135,818.2046625662365
2581,48137,2.0
2582,48139,226.2503748942553
2583,48141,2845.0
2584,48143,102.0
2585,48145,38.0
2586,48147,64.0
2587,48149,56.0
2588,48151,0.0
2589,48153,29.0
2590,48155,0.0
2591,48157,4556.171250499723
2592,48159,5.972731563850259
2593,48161,50.0
2594,48163,25.0
2595,48165,38.0
2596,48167,779.8939314370978
2597,48169,15.0
2598,48171,25.0
2599,48173,1.0
2600,48175,22.0
2601,48177,107.77938315403983
2602,48179,142.0
2603,48181,337.0
2604,48183,371.9647025341033
2605,48185,36.0
2606,48187,332.943067441278
2607,48189,62.19977911255219
2608,48191,4.0
2609,48193,14.0
2610,48195,5.0
2611,48197,5.0
2612,48199,89.0
2613,48201,29616.418863264633
2614,48203,310.5889602837551
2615,48205,15.731442226162029
2616,48207,9.89228251977093
2617,48209,417.2492896559821
2618,48211,4.0
2619,48213,208.3331357544183
2620,48215,2317.0
2621,48217,57.0
2622,48219,157.0
2623,48221,81.0
2624,48223,60.0
2625,48225,38.0
2626,48227,207.0
2627,48229,8.0
2628,48231,484.7776873872621
2629,48233,54.0
2630,48235,6.0
2631,48237,15.0
2632,48239,16.0
2633,48241,107.0
2634,48243,4.0
2635,48245,1737.0389085396664
2636,48247,5.0
2637,48249,215.49012251148545
2638,48251,363.47775346427227
2639,48253,69.37217897257983
2640,48255,55.0
2641,48257,268.5711502129069
2642,48259,43.12281702735035
2643,48261,0.0
2644,48263,4.0
2645,48265,104.0
2646,48267,10.0
2647,48269,0.0
2648,48271,0.0
2649,48273,149.0
2650,48275,3.0
2651,48277,288.0
2652,48279,42.0
2653,48281,54.991907803041336
2654,48283,6.0
2655,48285,32.92096330616189
2656,48287,51.0
2657,48289,11.0
2658,48291,187.2554590780766
2659,48293,37.0
2660,48295,0.0
2661,48297,5.0
2662,48299,31.868712727703212
2663,48301,1.0
2664,48303,2684.8002208874477
2665,48305,1.0
2666,48307,12.0
2667,48309,1069.0
2668,48311,0.0
2669,48313,27.0
2670,48315,22.0
2671,48317,9.0
2672,48319,8.0
2673,48321,166.0
2674,48323,51.0
2675,48325,431.08890661219226
2676,48327,3.0
2677,48329,1002.7953374337635
2678,48331,39.04327590002341
2679,48333,14.0
2680,48335,14.0
2681,48337,63.0
2682,48339,3609.76693457243
2683,48341,49.0
2684,48343,27.5831919306184
2685,48345,1.0
2686,48347,178.0
2687,48349,240.0
2688,48351,28.0
2689,48353,34.0
2690,48355,3007.8946160128917
2691,48357,11.0
2692,48359,0.0
2693,48361,292.9610914603335
2694,48363,14.097966751051732
2695,48365,72.60525155029708
2696,48367,373.0485534888257
2697,48369,9.0
2698,48371,28.0
2699,48373,113.0
2700,48375,721.0053527788726
2701,48377,6.0
2702,48379,8.0
2703,48381,851.9946472211274
2704,48383,7.0
2705,48385,3.0
2706,48387,31.0
2707,48389,100.0
2708,48391,9.0
2709,48393,0.0
2710,48395,31.0
2711,48397,86.76634280569816
2712,48399,15.0
2713,48401,124.540524344481
2714,48403,13.0
2715,48405,13.0
2716,48407,44.0
2717,48409,167.13544954857508
2718,48411,13.0
2719,48413,4.0
2720,48415,166.0
2721,48417,4.0
2722,48419,73.0
2723,48421,0.0
2724,48423,776.012479760388
2725,48425,4.0
2726,48427,146.0
2727,48429,14.0
2728,48431,2.0
2729,48433,1.0
2730,48435,3.0
2731,48437,36.0
2732,48439,6524.870520685525
2733,48441,469.73553850764927
2734,48443,0.0
2735,48445,26.0
2736,48447,4.0
2737,48449,140.0
2738,48451,421.0
2739,48453,3995.097095298537
2740,48455,6.0
2741,48457,69.0
2742,48459,83.49172144155757
2743,48461,2.0
2744,48463,69.0
2745,48465,67.0
2746,48467,52.0
2747,48469,448.0
2748,48471,247.0
2749,48473,152.63227990869674
2750,48475,63.0
2751,48477,143.0
2752,48479,896.0
2753,48481,146.0
2754,48483,5.0
2755,48485,438.0
2756,48487,51.0
2757,48489,154.0
2758,48491,1661.849746509128
2759,48493,51.22061684596017
2760,48495,32.0
2761,48497,111.0
2762,48499,92.02726843614974
2763,48501,4.0
2764,48503,35.0
2765,48505,52.0
2766,48507,21.0
2767,49001,4.0
2768,49003,61.0
2769,49005,156.0
2770,49007,37.0
2771,49009,0.0
2772,49011,475.0
2773,49013,53.0
2774,49015,0.0
2775,49017,0.0
2776,49019,58.0
2777,49021,162.0
2778,49023,8.0
2779,49025,18.0
2780,49027,20.0
2781,49029,4.0
2782,49031,0.0
2783,49033,3.0
2784,49035,4382.6291054868625
2785,49037,6.0
2786,49039,48.0
2787,49041,18.0
2788,49043,87.0
2789,49045,121.0
2790,49047,60.0
2791,49049,589.3708945131375
2792,49051,42.0
2793,49053,297.0
2794,49055,3.0
2795,49057,623.0
2796,50001,46.0
2797,50003,102.0
2798,50005,91.0
2799,50007,333.0
2800,50009,0.0
2801,50011,106.0
2802,50013,4.0
2803,50015,24.0
2804,50017,11.0
2805,50019,86.0
2806,50021,115.0
2807,50023,147.0
2808,50025,103.0
2809,50027,123.0
2810,51001,124.0
2811,51003,142.0
2812,51005,33.0
2813,51007,26.0
2814,51009,79.0
2815,51011,20.0
2816,51013,305.0
2817,51015,100.48324890739751
2818,51017,3.0
2819,51019,93.0
2820,51021,11.0
2821,51023,36.0
2822,51025,11.0
2823,51027,53.0
2824,51029,24.0
2825,51031,99.0
2826,51033,71.0
2827,51035,45.0
2828,51036,4.0
2829,51037,21.0
2830,51041,481.0
2831,51043,9.0
2832,51045,6.0
2833,51047,49.0
2834,51049,21.305020012832657
2835,51051,21.0
2836,51053,98.0
2837,51057,40.0
2838,51059,1119.0
2839,51061,58.0
2840,51063,22.0
2841,51065,39.0
2842,51067,80.0
2843,51069,87.0
2844,51071,21.0
2845,51073,41.0
2846,51075,14.0
2847,51077,26.0
2848,51079,18.0
2849,51081,16.0
2850,51083,77.0
2851,51085,195.0
2852,51087,466.0
2853,51089,128.0
2854,51091,1.0
2855,51093,46.0
2856,51095,93.0
2857,51097,16.0
2858,51099,26.0
2859,51101,17.0
2860,51103,31.468010823077595
2861,51105,29.0
2862,51107,512.0
2863,51109,43.0
2864,51111,26.0
2865,51113,16.0
2866,51115,5.0
2867,51117,74.0
2868,51119,16.0
2869,51121,152.0
2870,51125,33.0
2871,51127,48.0
2872,51131,25.0
2873,51133,21.531989176922405
2874,51135,31.0
2875,51137,49.0
2876,51139,43.0
2877,51141,38.0
2878,51143,86.0
2879,51145,22.0
2880,51147,47.69497998716734
2881,51149,75.0
2882,51153,759.0
2883,51155,100.0
2884,51157,5.0
2885,51159,2.0
2886,51161,217.0
2887,51163,45.0
2888,51165,62.51675109260248
2889,51167,73.41356453898547
2890,51169,32.0
2891,51171,76.0
2892,51173,55.0879676560032
2893,51175,20.0
2894,51177,172.0
2895,51179,345.0
2896,51181,3.0
2897,51183,12.0
2898,51185,79.0
2899,51187,67.0
2900,51191,50.91203234399679
2901,51193,27.0
2902,51195,73.58643546101452
2903,51197,38.0
2904,51199,83.0
2905,51510,294.0
2906,51520,53.0
2907,51530,6.0
2908,51540,159.0
2909,51550,1124.0
2910,51570,71.0
2911,51580,5.0
2912,51590,110.0
2913,51595,12.0
2914,51600,18.0
2915,51610,10.0
2916,51620,16.0
2917,51630,111.0
2918,51640,30.0
2919,51650,387.0
2920,51660,116.0
2921,51670,75.0
2922,51678,7.0
2923,51680,316.0
2924,51683,105.0
2925,51685,22.0
2926,51690,65.0
2927,51700,1059.0
2928,51710,1338.0
2929,51720,6.0
2930,51730,240.0
2931,51735,23.0
2932,51740,891.0
2933,51750,49.0
2934,51760,1071.0
2935,51770,387.0
2936,51775,21.0
2937,51790,53.0
2938,51800,270.0
2939,51810,582.0
2940,51820,54.0
2941,51830,23.0
2942,51840,81.0
2943,53001,26.0
2944,53003,36.0
2945,53005,449.0
2946,53007,105.0
2947,53009,199.0
2948,53011,1264.975004741134
2949,53013,9.0
2950,53015,206.0249952588659
2951,53017,23.0
2952,53019,3.0
2953,53021,206.0
2954,53023,14.0
2955,53025,238.0
2956,53027,148.0
2957,53029,87.0
2958,53031,75.0
2959,53033,8320.683593437163
2960,53035,711.0
2961,53037,60.0
2962,53039,14.0
2963,53041,170.0
2964,53043,10.0
2965,53045,143.0
2966,53047,44.0
2967,53049,30.0
2968,53051,7.0
2969,53053,4119.313147047289
2970,53055,9.0
2971,53057,181.0
2972,53059,12.0
2973,53061,1534.0032595155478
2974,53063,2118.0
2975,53065,39.0
2976,53067,716.0
2977,53069,4.0
2978,53071,148.0
2979,53073,462.0
2980,53075,59.0
2981,53077,686.0
2982,54001,53.0
2983,54003,115.0
2984,54005,25.0
2985,54007,11.0
2986,54009,15.765421858724586
2987,54011,300.92027004946453
2988,54013,4.0
2989,54015,21.0
2990,54017,2.0
2991,54019,73.0
2992,54021,13.0
2993,54023,1.0
2994,54025,50.30815965071258
2995,54027,57.0
2996,54029,21.234578141275414
2997,54031,91.0
2998,54033,111.0
2999,54035,85.0
3000,54037,59.0
3001,54039,978.4602378600102
3002,54041,14.0
3003,54043,23.0
3004,54045,166.0
3005,54047,19.0
3006,54049,76.0
3007,54051,170.49565016133204
3008,54053,17.0
3009,54055,202.0
3010,54057,39.0
3011,54059,37.0
3012,54061,231.0
3013,54063,6.69184034928742
3014,54065,61.0
3015,54067,131.0
3016,54069,216.50434983866796
3017,54071,5.0
3018,54073,3.0
3019,54075,11.0
3020,54077,25.0
3021,54079,183.53976213998973
3022,54081,197.0
3023,54083,91.0
3024,54085,7.0
3025,54087,16.0
3026,54089,14.0
3027,54091,6.0
3028,54093,1.0
3029,54095,19.0
3030,54097,15.0
3031,54099,136.0797299505355
3032,54101,9.0
3033,54103,45.0
3034,54105,14.0
3035,54107,238.0
3036,54109,88.0
3037,55001,36.84720401844859
3038,55003,47.0
3039,55005,57.0
3040,55007,31.0
3041,55009,674.917425365234
3042,55011,16.0
3043,55013,28.0
3044,55015,70.06935920688927
3045,55017,206.2860422821198
3046,55019,23.162667721480858
3047,55021,77.09541689987176
3048,55023,29.0
3049,55025,1334.5745855276343
3050,55027,107.29350608182912
3051,55029,14.0
3052,55031,87.0
3053,55033,97.0
3054,55035,161.95816159516386
3055,55037,11.0
3056,55039,187.61729685989323
3057,55041,11.0
3058,55043,92.43280115725074
3059,55045,19.193181540523653
3060,55047,10.436690881996833
3061,55049,21.152773930146683
3062,55051,7.0
3063,55053,16.0
3064,55055,121.07258675339149
3065,55057,67.0
3066,55059,391.0
3067,55061,23.0
3068,55063,163.0
3069,55065,15.414424912602584
3070,55067,0.0
3071,55069,55.0
3072,55071,143.7462997529296
3073,55073,322.4244634099642
3074,55075,28.0
3075,55077,11.0
3076,55078,0.0
3077,55079,8763.744388227611
3078,55081,73.0
3079,55083,37.0
3080,55085,56.0
3081,55087,269.1873434920406
3082,55089,67.25561177238819
3083,55091,12.0
3084,55093,21.49607907642167
3085,55095,77.0
3086,55097,115.0
3087,55099,11.0
3088,55101,414.0
3089,55103,16.0
3090,55105,382.23223293184196
3091,55107,16.0
3092,55109,74.50392092357833
3093,55111,96.05737908167964
3094,55113,46.0
3095,55115,31.08257463476604
3096,55117,212.0
3097,55119,35.0
3098,55121,19.0
3099,55123,15.0
3100,55125,7.0
3101,55127,106.6306955279727
3102,55129,32.0
3103,55131,118.0
3104,55133,284.38591477691347
3105,55135,77.513916731731
3106,55137,37.56330911800317
3107,55139,440.4830808164095
3108,55141,60.16866499127132
3109,56001,67.0
3110,56003,3.0
3111,56005,116.0
3112,56007,36.0
3113,56009,22.0
3114,56011,5.0
3115,56013,49.0
3116,56015,23.0
3117,56017,15.0
3118,56019,12.0
3119,56021,222.0
3120,56023,18.0
3121,56025,214.0
3122,56027,9.0
3123,56029,52.0
3124,56031,7.0
3125,56033,12.0
3126,56035,3.0
3127,56037,82.0
3128,56039,0.0
3129,56041,32.0
3130,56043,10.0
3131,56045,10.0
